{"stats":{"minecraft:broken":{"minecraft:stone_pickaxe":2,"minecraft:wooden_axe":1},"minecraft:crafted":{"minecraft:oak_planks":16,"minecraft:cooked_mutton":6,"minecraft:diamond_helmet":1,"minecraft:bow":1,"minecraft:diamond_leggings":1,"minecraft:stone_pickaxe":3,"minecraft:diamond_boots":1,"minecraft:cooked_rabbit":3,"minecraft:cooked_beef":3,"minecraft:cooked_porkchop":9,"minecraft:diamond_axe":1,"minecraft:crafting_table":1,"minecraft:spruce_planks":52,"minecraft:bucket":1,"minecraft:stone_axe":1,"minecraft:air":0,"minecraft:shield":1,"minecraft:stick":16,"minecraft:iron_ingot":4,"minecraft:wooden_axe":2,"minecraft:white_bed":1,"minecraft:torch":4,"minecraft:diamond_chestplate":1},"minecraft:mined":{"minecraft:tuff":35,"minecraft:spruce_planks":2,"minecraft:white_bed":3,"minecraft:allium":1,"minecraft:grass_block":1,"minecraft:decorated_pot":2,"minecraft:calibrated_sculk_sensor":1,"minecraft:spruce_leaves":3,"minecraft:furnace":2,"minecraft:iron_ore":1,"minecraft:andesite":69,"minecraft:oxidized_copper_bulb":1,"minecraft:stone":33,"visualworkbench:minecraft/crafting_table":6,"minecraft:torch":2,"minecraft:short_grass":5,"minecraft:emerald_ore":1,"minecraft:tall_grass":2,"minecraft:cobblestone":6,"minecraft:wall_torch":1,"minecraft:skeleton_skull":1,"minecraft:sweet_berry_bush":43,"minecraft:spruce_log":13,"minecraft:birch_leaves":3,"minecraft:oak_log":5,"minecraft:coal_ore":1,"minecraft:dirt":11,"minecraft:oak_leaves":1,"minecraft:deepslate":128,"minecraft:fern":3},"minecraft:used":{"minecraft:spruce_planks":7,"minecraft:shield":30,"minecraft:rotten_flesh":8,"minecraft:trial_key":1,"minecraft:torch":3,"minecraft:dirt":10,"minecraft:tuff":35,"minecraft:wooden_axe":61,"minecraft:light_gray_wool":1,"minecraft:sweet_berries":10,"minecraft:furnace":1,"minecraft:cooked_beef":3,"minecraft:cobbled_deepslate":128,"minecraft:cooked_mutton":6,"minecraft:water_bucket":51,"minecraft:rabbit":1,"minecraft:birch_planks":1,"minecraft:stone_pickaxe":271,"minecraft:diamond_axe":154,"minecraft:crafting_table":6,"minecraft:spider_eye":1,"minecraft:white_bed":4,"minecraft:cod":1,"minecraft:oxidized_copper_bulb":1,"minecraft:oak_log":1,"waystones:waystone":1,"minecraft:iron_pickaxe":20,"minecraft:stone_axe":17,"minecraft:cobblestone":27,"minecraft:cooked_porkchop":6,"minecraft:porkchop":3,"minecraft:bucket":51,"minecraft:cooked_rabbit":3,"minecraft:andesite":65},"minecraft:dropped":{"minecraft:wheat_seeds":5,"minecraft:decorated_pot":2,"minecraft:orange_tulip":4,"mobs_of_mythology:chupacabra_meat":2,"minecraft:leather":1,"minecraft:copper_ingot":9,"minecraft:stick":135,"minecraft:cornflower":1,"minecraft:spruce_sapling":3,"minecraft:bone":10,"minecraft:sweet_berries":31,"minecraft:wheat":1,"minecraft:rotten_flesh":6,"minecraft:golden_shovel":1,"minecraft:rabbit_hide":1,"minecraft:potato":1,"minecraft:trial_key":3,"minecraft:allium":1,"minecraft:spider_eye":2,"minecraft:stripped_spruce_wood":1,"minecraft:black_wool":1,"minecraft:brick":4},"minecraft:custom":{"minecraft:mob_kills":81,"minecraft:interact_with_crafting_table":19,"minecraft:open_barrel":7,"minecraft:leave_game":3,"minecraft:time_since_death":122652,"minecraft:sprint_one_cm":327895,"minecraft:walk_one_cm":254151,"minecraft:damage_blocked_by_shield":705,"minecraft:drop":38,"minecraft:talked_to_villager":5,"minecraft:play_time":122652,"minecraft:sneak_time":11068,"minecraft:walk_under_water_one_cm":58925,"minecraft:jump":2729,"minecraft:interact_with_blast_furnace":6,"minecraft:walk_on_water_one_cm":7995,"minecraft:total_world_time":122652,"minecraft:interact_with_furnace":17,"minecraft:sleep_in_bed":8,"minecraft:time_since_rest":24934,"minecraft:waystone_activated":3,"minecraft:damage_taken":902,"minecraft:damage_dealt":10853,"minecraft:swim_one_cm":31084,"minecraft:fly_one_cm":532353,"minecraft:open_chest":28,"minecraft:crouch_one_cm":31662,"minecraft:interact_with_smoker":10,"minecraft:fall_one_cm":55810},"minecraft:killed":{"mobs_of_mythology:chupacabra":1,"minecraft:spider":11,"minecraft:skeleton":16,"minecraft:chicken":3,"minecraft:pig":11,"minecraft:rabbit":4,"minecraft:polar_bear":1,"minecraft:sheep":10,"minecraft:zombie":20,"livingthings:owl":2,"minecraft:cow":1},"minecraft:picked_up":{"minecraft:crafting_table":6,"minecraft:wheat":1,"minecraft:allium":1,"minecraft:chicken":3,"minecraft:brick":4,"minecraft:cornflower":1,"minecraft:string":13,"minecraft:wooden_sword":1,"minecraft:experience_bottle":6,"minecraft:cobbled_deepslate":128,"minecraft:spruce_planks":2,"minecraft:beef":3,"minecraft:trial_key":4,"minecraft:light_gray_wool":1,"minecraft:iron_boots":1,"minecraft:furnace":3,"mobs_of_mythology:chupacabra_meat":2,"minecraft:raw_iron":24,"minecraft:stick":68,"minecraft:copper_ingot":9,"minecraft:torch":4,"minecraft:spruce_fence":1,"minecraft:porkchop":20,"minecraft:cake":1,"minecraft:arrow":31,"minecraft:rotten_flesh":14,"minecraft:decorated_pot":2,"minecraft:mutton":16,"minecraft:skeleton_skull":1,"minecraft:cod":1,"minecraft:white_wool":10,"minecraft:cobblestone":41,"minecraft:andesite":69,"minecraft:leather":1,"minecraft:oxidized_copper_bulb":1,"minecraft:potato":1,"minecraft:birch_planks":4,"minecraft:stripped_spruce_wood":1,"minecraft:tuff":35,"minecraft:oak_log":5,"minecraft:dirt":22,"minecraft:bone":16,"minecraft:bow":2,"minecraft:orange_tulip":4,"minecraft:wheat_seeds":5,"minecraft:rabbit_hide":1,"minecraft:bolt_armor_trim_smithing_template":1,"minecraft:rabbit":4,"minecraft:sweet_berries":85,"minecraft:spruce_sapling":3,"minecraft:white_bed":4,"minecraft:spruce_log":13,"minecraft:spider_eye":3,"minecraft:diamond":31,"waystones:waystone":1,"minecraft:diamond_axe":1,"minecraft:golden_apple":1,"minecraft:coal":1,"minecraft:black_wool":1}},"DataVersion":3953}