{"stats":{"minecraft:broken":{"minecraft:stone_pickaxe":2,"minecraft:wooden_axe":1},"minecraft:mined":{"minecraft:tuff":35,"minecraft:spruce_planks":2,"minecraft:white_bed":3,"visualworkbench:minecraft/crafting_table":6,"minecraft:torch":2,"minecraft:short_grass":5,"minecraft:allium":1,"minecraft:emerald_ore":1,"minecraft:grass_block":1,"minecraft:decorated_pot":2,"minecraft:calibrated_sculk_sensor":1,"minecraft:tall_grass":1,"minecraft:cobblestone":6,"minecraft:spruce_leaves":2,"minecraft:wall_torch":1,"minecraft:skeleton_skull":1,"minecraft:furnace":2,"minecraft:iron_ore":1,"minecraft:sweet_berry_bush":24,"minecraft:spruce_log":13,"minecraft:birch_leaves":3,"minecraft:andesite":69,"minecraft:coal_ore":1,"minecraft:oak_log":5,"minecraft:dirt":11,"minecraft:stone":33,"minecraft:oxidized_copper_bulb":1,"minecraft:deepslate":128,"minecraft:fern":2},"minecraft:crafted":{"minecraft:cooked_beef":3,"minecraft:oak_planks":16,"minecraft:cooked_porkchop":9,"minecraft:diamond_axe":1,"minecraft:crafting_table":1,"minecraft:spruce_planks":52,"minecraft:stone_axe":1,"minecraft:cooked_mutton":1,"minecraft:air":0,"minecraft:diamond_helmet":1,"minecraft:diamond_leggings":1,"minecraft:shield":1,"minecraft:stick":16,"minecraft:iron_ingot":1,"minecraft:stone_pickaxe":3,"minecraft:wooden_axe":2,"minecraft:diamond_boots":1,"minecraft:white_bed":1,"minecraft:torch":4,"minecraft:cooked_rabbit":3,"minecraft:diamond_chestplate":1},"minecraft:dropped":{"minecraft:sweet_berries":31,"minecraft:wheat_seeds":5,"minecraft:decorated_pot":2,"minecraft:wheat":1,"minecraft:orange_tulip":4,"minecraft:rotten_flesh":4,"minecraft:leather":1,"minecraft:copper_ingot":9,"minecraft:stick":132,"minecraft:rabbit_hide":1,"minecraft:allium":1,"minecraft:spider_eye":2,"minecraft:bone":10,"minecraft:brick":4,"minecraft:spruce_sapling":3,"minecraft:black_wool":1},"minecraft:used":{"minecraft:cooked_mutton":1,"minecraft:rabbit":1,"minecraft:birch_planks":1,"minecraft:stone_pickaxe":271,"minecraft:spruce_planks":7,"minecraft:shield":25,"minecraft:diamond_axe":94,"minecraft:trial_key":1,"minecraft:rotten_flesh":8,"minecraft:torch":3,"minecraft:crafting_table":6,"minecraft:white_bed":4,"minecraft:spider_eye":1,"minecraft:cod":1,"minecraft:tuff":35,"waystones:waystone":1,"minecraft:oxidized_copper_bulb":1,"minecraft:oak_log":1,"minecraft:wooden_axe":61,"minecraft:iron_pickaxe":20,"minecraft:light_gray_wool":1,"minecraft:stone_axe":17,"minecraft:cobblestone":27,"minecraft:sweet_berries":10,"minecraft:porkchop":3,"minecraft:furnace":1,"minecraft:cooked_porkchop":6,"minecraft:cooked_beef":3,"minecraft:andesite":65,"minecraft:cobbled_deepslate":128},"minecraft:custom":{"minecraft:interact_with_furnace":11,"minecraft:mob_kills":61,"minecraft:interact_with_crafting_table":18,"minecraft:open_barrel":5,"minecraft:leave_game":3,"minecraft:time_since_death":98652,"minecraft:sleep_in_bed":8,"minecraft:waystone_activated":3,"minecraft:time_since_rest":934,"minecraft:sprint_one_cm":244979,"minecraft:damage_taken":676,"minecraft:walk_one_cm":187326,"minecraft:damage_blocked_by_shield":560,"minecraft:drop":26,"minecraft:damage_dealt":7994,"minecraft:swim_one_cm":14761,"minecraft:talked_to_villager":5,"minecraft:fly_one_cm":408265,"minecraft:open_chest":25,"minecraft:crouch_one_cm":30717,"minecraft:play_time":98652,"minecraft:sneak_time":10718,"minecraft:walk_under_water_one_cm":23757,"minecraft:jump":2185,"minecraft:fall_one_cm":42951,"minecraft:interact_with_blast_furnace":4,"minecraft:total_world_time":98652,"minecraft:interact_with_smoker":4,"minecraft:walk_on_water_one_cm":3226},"minecraft:killed":{"minecraft:pig":11,"minecraft:rabbit":4,"minecraft:spider":7,"minecraft:polar_bear":1,"minecraft:skeleton":10,"minecraft:sheep":9,"minecraft:zombie":13,"minecraft:chicken":3,"livingthings:owl":2,"minecraft:cow":1},"minecraft:picked_up":{"minecraft:crafting_table":6,"minecraft:allium":1,"minecraft:wheat":1,"minecraft:chicken":3,"minecraft:andesite":69,"minecraft:leather":1,"minecraft:oxidized_copper_bulb":1,"minecraft:potato":1,"minecraft:birch_planks":4,"minecraft:tuff":35,"minecraft:oak_log":5,"minecraft:brick":4,"minecraft:string":5,"minecraft:dirt":12,"minecraft:wooden_sword":1,"minecraft:bone":10,"minecraft:experience_bottle":6,"minecraft:wheat_seeds":5,"minecraft:orange_tulip":4,"minecraft:cobbled_deepslate":128,"minecraft:rabbit_hide":1,"minecraft:spruce_planks":2,"minecraft:beef":3,"minecraft:trial_key":1,"minecraft:bolt_armor_trim_smithing_template":1,"minecraft:rabbit":4,"minecraft:light_gray_wool":1,"minecraft:iron_boots":1,"minecraft:furnace":3,"minecraft:stick":68,"minecraft:raw_iron":24,"minecraft:sweet_berries":45,"minecraft:copper_ingot":9,"minecraft:torch":4,"minecraft:porkchop":20,"minecraft:cake":1,"minecraft:spruce_sapling":3,"minecraft:white_bed":4,"minecraft:spruce_log":13,"minecraft:spider_eye":3,"minecraft:arrow":20,"minecraft:rotten_flesh":12,"minecraft:diamond":31,"minecraft:decorated_pot":2,"waystones:waystone":1,"minecraft:diamond_axe":1,"minecraft:golden_apple":1,"minecraft:black_wool":1,"minecraft:mutton":15,"minecraft:coal":1,"minecraft:cod":1,"minecraft:skeleton_skull":1,"minecraft:white_wool":9,"minecraft:cobblestone":39}},"DataVersion":3953}