{"stats":{"minecraft:killed":{"minecraft:skeleton":1,"minecraft:sheep":3,"minecraft:zombie":7,"minecraft:pig":7,"minecraft:rabbit":4,"minecraft:spider":1,"minecraft:polar_bear":1,"minecraft:cow":1},"minecraft:picked_up":{"minecraft:stick":66,"minecraft:crafting_table":1,"minecraft:leather":1,"minecraft:birch_planks":4,"minecraft:porkchop":12,"minecraft:oak_log":5,"minecraft:spruce_log":6,"minecraft:spider_eye":1,"minecraft:string":1,"minecraft:arrow":1,"minecraft:rotten_flesh":8,"minecraft:wheat_seeds":1,"minecraft:orange_tulip":4,"waystones:waystone":1,"minecraft:rabbit_hide":1,"minecraft:beef":3,"minecraft:rabbit":4,"minecraft:light_gray_wool":1,"minecraft:cod":1,"minecraft:coal":1,"minecraft:black_wool":1,"minecraft:mutton":5,"minecraft:white_wool":3,"minecraft:cobblestone":6,"minecraft:furnace":1},"minecraft:crafted":{"minecraft:cooked_beef":3,"minecraft:oak_planks":16,"minecraft:cooked_porkchop":9,"minecraft:crafting_table":1,"minecraft:spruce_planks":24,"minecraft:stick":4,"minecraft:wooden_axe":2,"minecraft:white_bed":1,"minecraft:cooked_rabbit":3,"minecraft:cooked_mutton":1,"minecraft:air":0},"minecraft:custom":{"minecraft:time_since_rest":0,"minecraft:sprint_one_cm":108052,"minecraft:interact_with_furnace":9,"minecraft:damage_taken":445,"minecraft:walk_one_cm":79827,"minecraft:mob_kills":25,"minecraft:drop":4,"minecraft:damage_dealt":3108,"minecraft:interact_with_crafting_table":6,"minecraft:fly_one_cm":211721,"minecraft:open_chest":20,"minecraft:crouch_one_cm":3482,"minecraft:play_time":40713,"minecraft:sneak_time":873,"minecraft:jump":1008,"minecraft:waystone_activated":2,"minecraft:interact_with_blast_furnace":4,"minecraft:leave_game":1,"minecraft:walk_on_water_one_cm":104,"minecraft:time_since_death":40713,"minecraft:sleep_in_bed":5,"minecraft:total_world_time":40713,"minecraft:interact_with_smoker":4,"minecraft:fall_one_cm":20161},"minecraft:dropped":{"minecraft:stick":132},"minecraft:broken":{"minecraft:wooden_axe":1},"minecraft:used":{"minecraft:oak_log":1,"minecraft:cooked_mutton":1,"minecraft:wooden_axe":61,"minecraft:rabbit":1,"minecraft:birch_planks":1,"minecraft:iron_pickaxe":9,"minecraft:rotten_flesh":8,"minecraft:light_gray_wool":1,"minecraft:crafting_table":1,"minecraft:cooked_porkchop":1,"minecraft:porkchop":3,"minecraft:cod":1,"minecraft:spider_eye":1,"minecraft:white_bed":1,"minecraft:cooked_beef":3},"minecraft:mined":{"minecraft:spruce_log":6,"minecraft:birch_leaves":3,"visualworkbench:minecraft/crafting_table":1,"minecraft:coal_ore":1,"minecraft:short_grass":1,"minecraft:emerald_ore":1,"minecraft:oak_log":5,"minecraft:tall_grass":1,"minecraft:cobblestone":6,"minecraft:spruce_leaves":2}},"DataVersion":3953}