{"stats":{"minecraft:killed":{"minecraft:pig":7,"minecraft:rabbit":4,"minecraft:spider":1,"minecraft:polar_bear":1,"minecraft:sheep":3,"minecraft:skeleton":1,"minecraft:zombie":7,"minecraft:cow":1},"minecraft:picked_up":{"minecraft:crafting_table":3,"minecraft:andesite":36,"minecraft:leather":1,"minecraft:birch_planks":4,"minecraft:tuff":4,"minecraft:oak_log":5,"minecraft:string":1,"minecraft:orange_tulip":4,"minecraft:wheat_seeds":1,"minecraft:cobbled_deepslate":48,"minecraft:rabbit_hide":1,"minecraft:beef":3,"minecraft:light_gray_wool":1,"minecraft:rabbit":4,"minecraft:furnace":1,"minecraft:raw_iron":22,"minecraft:stick":68,"minecraft:porkchop":12,"minecraft:spruce_sapling":3,"minecraft:spruce_log":13,"minecraft:spider_eye":1,"minecraft:arrow":1,"minecraft:rotten_flesh":8,"minecraft:diamond":11,"waystones:waystone":1,"minecraft:black_wool":1,"minecraft:mutton":5,"minecraft:coal":1,"minecraft:cod":1,"minecraft:white_wool":3,"minecraft:cobblestone":16},"minecraft:crafted":{"minecraft:cooked_beef":3,"minecraft:oak_planks":16,"minecraft:cooked_porkchop":9,"minecraft:crafting_table":1,"minecraft:spruce_planks":52,"minecraft:stone_axe":1,"minecraft:cooked_mutton":1,"minecraft:air":0,"minecraft:stick":12,"minecraft:stone_pickaxe":1,"minecraft:wooden_axe":2,"minecraft:white_bed":1,"minecraft:cooked_rabbit":3},"minecraft:custom":{"minecraft:interact_with_furnace":9,"minecraft:mob_kills":25,"minecraft:interact_with_crafting_table":10,"minecraft:leave_game":1,"minecraft:time_since_death":52713,"minecraft:sleep_in_bed":5,"minecraft:time_since_rest":11705,"minecraft:waystone_activated":2,"minecraft:sprint_one_cm":126073,"minecraft:damage_taken":475,"minecraft:walk_one_cm":95541,"minecraft:drop":4,"minecraft:damage_dealt":3108,"minecraft:fly_one_cm":231511,"minecraft:open_chest":20,"minecraft:crouch_one_cm":11861,"minecraft:play_time":52713,"minecraft:sneak_time":4002,"minecraft:walk_under_water_one_cm":3305,"minecraft:jump":1134,"minecraft:interact_with_blast_furnace":4,"minecraft:walk_on_water_one_cm":955,"minecraft:interact_with_smoker":4,"minecraft:total_world_time":52713,"minecraft:fall_one_cm":23492},"minecraft:dropped":{"minecraft:stick":132},"minecraft:broken":{"minecraft:wooden_axe":1},"minecraft:used":{"minecraft:cooked_mutton":1,"minecraft:rabbit":1,"minecraft:birch_planks":1,"minecraft:stone_pickaxe":88,"minecraft:spruce_planks":7,"minecraft:rotten_flesh":8,"minecraft:crafting_table":3,"minecraft:spider_eye":1,"minecraft:white_bed":1,"minecraft:cod":1,"minecraft:oak_log":1,"minecraft:wooden_axe":61,"minecraft:iron_pickaxe":20,"minecraft:stone_axe":10,"minecraft:light_gray_wool":1,"minecraft:porkchop":3,"minecraft:cooked_porkchop":2,"minecraft:cooked_beef":3},"minecraft:mined":{"minecraft:tuff":4,"visualworkbench:minecraft/crafting_table":3,"minecraft:short_grass":1,"minecraft:emerald_ore":1,"minecraft:tall_grass":1,"minecraft:cobblestone":6,"minecraft:spruce_leaves":2,"minecraft:iron_ore":1,"minecraft:spruce_log":13,"minecraft:andesite":36,"minecraft:birch_leaves":3,"minecraft:oak_log":5,"minecraft:coal_ore":1,"minecraft:stone":10,"minecraft:deepslate":48}},"DataVersion":3953}