{"stats":{"minecraft:killed":{"minecraft:sheep":3,"minecraft:zombie":3,"minecraft:pig":4,"minecraft:cow":1},"minecraft:picked_up":{"minecraft:stick":66,"minecraft:crafting_table":1,"minecraft:leather":1,"minecraft:birch_planks":4,"minecraft:porkchop":8,"minecraft:oak_log":5,"minecraft:spider_eye":1,"minecraft:rotten_flesh":4,"minecraft:orange_tulip":4,"minecraft:beef":3,"minecraft:light_gray_wool":1,"minecraft:black_wool":1,"minecraft:mutton":5,"minecraft:white_wool":3},"minecraft:crafted":{"minecraft:oak_planks":16,"minecraft:crafting_table":1,"minecraft:stick":4,"minecraft:wooden_axe":2,"minecraft:white_bed":1,"minecraft:cooked_mutton":1,"minecraft:air":0},"minecraft:custom":{"minecraft:time_since_rest":12296,"minecraft:sprint_one_cm":37501,"minecraft:interact_with_furnace":4,"minecraft:damage_taken":25,"minecraft:walk_one_cm":29859,"minecraft:mob_kills":11,"minecraft:drop":4,"minecraft:damage_dealt":1437,"minecraft:interact_with_crafting_table":4,"minecraft:fly_one_cm":60965,"minecraft:open_chest":2,"minecraft:crouch_one_cm":2031,"minecraft:play_time":22713,"minecraft:sneak_time":379,"minecraft:jump":301,"minecraft:leave_game":1,"minecraft:time_since_death":22713,"minecraft:sleep_in_bed":3,"minecraft:total_world_time":22713,"minecraft:interact_with_smoker":4,"minecraft:fall_one_cm":4627},"minecraft:dropped":{"minecraft:stick":132},"minecraft:used":{"minecraft:oak_log":1,"minecraft:cooked_mutton":1,"minecraft:wooden_axe":19,"minecraft:crafting_table":1,"minecraft:white_bed":1},"minecraft:mined":{"visualworkbench:minecraft/crafting_table":1,"minecraft:oak_log":5,"minecraft:tall_grass":1}},"DataVersion":3953}