{"stats":{"minecraft:killed":{"minecraft:pig":11,"minecraft:rabbit":4,"minecraft:spider":6,"minecraft:polar_bear":1,"minecraft:sheep":9,"minecraft:skeleton":9,"minecraft:zombie":12,"minecraft:chicken":3,"livingthings:owl":2,"minecraft:cow":1},"minecraft:picked_up":{"minecraft:allium":1,"minecraft:crafting_table":6,"minecraft:wheat":1,"minecraft:chicken":3,"minecraft:andesite":69,"minecraft:leather":1,"minecraft:oxidized_copper_bulb":1,"minecraft:potato":1,"minecraft:birch_planks":4,"minecraft:tuff":35,"minecraft:oak_log":5,"minecraft:brick":4,"minecraft:dirt":12,"minecraft:string":5,"minecraft:wooden_sword":1,"minecraft:bone":10,"minecraft:experience_bottle":6,"minecraft:orange_tulip":4,"minecraft:wheat_seeds":5,"minecraft:cobbled_deepslate":128,"minecraft:spruce_planks":2,"minecraft:rabbit_hide":1,"minecraft:trial_key":1,"minecraft:beef":3,"minecraft:bolt_armor_trim_smithing_template":1,"minecraft:light_gray_wool":1,"minecraft:rabbit":4,"minecraft:iron_boots":1,"minecraft:furnace":3,"minecraft:stick":68,"minecraft:raw_iron":24,"minecraft:sweet_berries":45,"minecraft:copper_ingot":9,"minecraft:torch":4,"minecraft:porkchop":20,"minecraft:cake":1,"minecraft:spruce_sapling":3,"minecraft:white_bed":3,"minecraft:spruce_log":13,"minecraft:spider_eye":3,"minecraft:arrow":18,"minecraft:rotten_flesh":12,"minecraft:diamond":31,"waystones:waystone":1,"minecraft:diamond_axe":1,"minecraft:skeleton_skull":1,"minecraft:golden_apple":1,"minecraft:black_wool":1,"minecraft:mutton":15,"minecraft:cod":1,"minecraft:coal":1,"minecraft:white_wool":9,"minecraft:cobblestone":39},"minecraft:crafted":{"minecraft:cooked_beef":3,"minecraft:oak_planks":16,"minecraft:cooked_porkchop":9,"minecraft:diamond_axe":1,"minecraft:crafting_table":1,"minecraft:spruce_planks":52,"minecraft:stone_axe":1,"minecraft:cooked_mutton":1,"minecraft:air":0,"minecraft:diamond_helmet":1,"minecraft:diamond_leggings":1,"minecraft:shield":1,"minecraft:stick":16,"minecraft:iron_ingot":1,"minecraft:stone_pickaxe":3,"minecraft:wooden_axe":2,"minecraft:diamond_boots":1,"minecraft:white_bed":1,"minecraft:torch":4,"minecraft:cooked_rabbit":3,"minecraft:diamond_chestplate":1},"minecraft:custom":{"minecraft:interact_with_furnace":11,"minecraft:mob_kills":58,"minecraft:interact_with_crafting_table":18,"minecraft:open_barrel":2,"minecraft:leave_game":2,"minecraft:time_since_death":88328,"minecraft:sleep_in_bed":7,"minecraft:time_since_rest":6231,"minecraft:waystone_activated":2,"minecraft:sprint_one_cm":218442,"minecraft:damage_taken":667,"minecraft:walk_one_cm":155676,"minecraft:damage_blocked_by_shield":560,"minecraft:drop":22,"minecraft:damage_dealt":7449,"minecraft:talked_to_villager":5,"minecraft:swim_one_cm":14761,"minecraft:fly_one_cm":387835,"minecraft:open_chest":23,"minecraft:crouch_one_cm":27265,"minecraft:play_time":88328,"minecraft:sneak_time":8899,"minecraft:walk_under_water_one_cm":23757,"minecraft:jump":1934,"minecraft:interact_with_blast_furnace":4,"minecraft:walk_on_water_one_cm":3226,"minecraft:interact_with_smoker":4,"minecraft:total_world_time":88328,"minecraft:fall_one_cm":39071},"minecraft:dropped":{"minecraft:wheat_seeds":5,"minecraft:wheat":1,"minecraft:orange_tulip":4,"minecraft:rotten_flesh":4,"minecraft:leather":1,"minecraft:copper_ingot":9,"minecraft:rabbit_hide":1,"minecraft:stick":132,"minecraft:allium":1,"minecraft:spider_eye":2,"minecraft:black_wool":1,"minecraft:bone":5,"minecraft:spruce_sapling":3,"minecraft:brick":4},"minecraft:used":{"minecraft:cooked_mutton":1,"minecraft:rabbit":1,"minecraft:birch_planks":1,"minecraft:stone_pickaxe":271,"minecraft:spruce_planks":7,"minecraft:shield":25,"minecraft:diamond_axe":88,"minecraft:trial_key":1,"minecraft:rotten_flesh":8,"minecraft:torch":3,"minecraft:crafting_table":6,"minecraft:spider_eye":1,"minecraft:white_bed":3,"minecraft:cod":1,"minecraft:oxidized_copper_bulb":1,"minecraft:oak_log":1,"minecraft:wooden_axe":61,"minecraft:iron_pickaxe":20,"minecraft:stone_axe":17,"minecraft:light_gray_wool":1,"minecraft:furnace":1,"minecraft:porkchop":3,"minecraft:cooked_porkchop":6,"minecraft:andesite":36,"minecraft:cooked_beef":3,"minecraft:cobbled_deepslate":87},"minecraft:broken":{"minecraft:stone_pickaxe":2,"minecraft:wooden_axe":1},"minecraft:mined":{"minecraft:tuff":35,"minecraft:spruce_planks":2,"minecraft:white_bed":2,"visualworkbench:minecraft/crafting_table":6,"minecraft:torch":2,"minecraft:short_grass":5,"minecraft:allium":1,"minecraft:emerald_ore":1,"minecraft:grass_block":1,"minecraft:decorated_pot":2,"minecraft:calibrated_sculk_sensor":1,"minecraft:tall_grass":1,"minecraft:cobblestone":6,"minecraft:spruce_leaves":2,"minecraft:skeleton_skull":1,"minecraft:wall_torch":1,"minecraft:furnace":2,"minecraft:iron_ore":1,"minecraft:sweet_berry_bush":23,"minecraft:spruce_log":13,"minecraft:andesite":69,"minecraft:birch_leaves":3,"minecraft:oak_log":5,"minecraft:coal_ore":1,"minecraft:dirt":11,"minecraft:fern":2,"minecraft:oxidized_copper_bulb":1,"minecraft:stone":33,"minecraft:deepslate":128}},"DataVersion":3953}