{"stats":{"minecraft:killed":{"minecraft:zombie":1},"minecraft:picked_up":{"minecraft:crafting_table":4,"minecraft:coarse_dirt":5,"minecraft:torch":1,"minecraft:dandelion":2,"minecraft:oak_log":9,"minecraft:white_bed":1,"minecraft:spruce_log":7,"minecraft:cornflower":5,"minecraft:dirt":29,"minecraft:rotten_flesh":2,"minecraft:decorated_pot":2,"minecraft:wheat_seeds":1,"minecraft:gold_nugget":1,"waystones:waystone":1,"minecraft:hay_block":16,"minecraft:white_tulip":2,"minecraft:stone_pickaxe":1,"minecraft:pink_tulip":4,"minecraft:oak_sapling":1,"minecraft:chest":1,"minecraft:oak_planks":1,"minecraft:coal":13,"minecraft:cobblestone":24},"minecraft:crafted":{"minecraft:blue_dye":1,"minecraft:crafting_table":1,"minecraft:spruce_planks":20,"minecraft:stick":8,"minecraft:wooden_pickaxe":1,"minecraft:stone_pickaxe":1,"minecraft:chest":1,"minecraft:blue_bed":1,"minecraft:torch":8,"minecraft:stone_axe":1,"minecraft:bread":48,"minecraft:wheat":144},"minecraft:killed_by":{"minecraft:skeleton":1},"minecraft:custom":{"minecraft:time_since_rest":10588,"minecraft:sprint_one_cm":68091,"minecraft:damage_taken":643,"minecraft:walk_one_cm":35029,"minecraft:mob_kills":1,"minecraft:drop":5,"minecraft:damage_dealt":242,"minecraft:talked_to_villager":1,"minecraft:interact_with_crafting_table":11,"minecraft:fly_one_cm":181130,"minecraft:open_chest":2,"minecraft:crouch_one_cm":935,"minecraft:play_time":61537,"minecraft:deaths":2,"minecraft:sneak_time":265,"minecraft:jump":734,"minecraft:leave_game":5,"minecraft:time_since_death":28871,"minecraft:sleep_in_bed":1,"minecraft:total_world_time":61537,"minecraft:fall_one_cm":19672},"minecraft:dropped":{"minecraft:torch":4,"minecraft:stone_pickaxe":1,"minecraft:wooden_pickaxe":1,"minecraft:dandelion":1,"minecraft:pink_tulip":2},"minecraft:used":{"minecraft:cornflower":4,"minecraft:pink_tulip":2,"minecraft:white_tulip":2,"minecraft:bread":3,"minecraft:stone_pickaxe":16,"minecraft:decorated_pot":1,"minecraft:chest":1,"minecraft:wooden_pickaxe":5,"minecraft:stone_axe":21,"minecraft:torch":1,"minecraft:dirt":11,"minecraft:crafting_table":4,"minecraft:dandelion":1,"minecraft:spruce_log":2},"minecraft:mined":{"minecraft:hay_block":16,"minecraft:coarse_dirt":3,"minecraft:white_bed":1,"minecraft:spruce_log":7,"minecraft:bee_nest":1,"minecraft:cornflower":1,"visualworkbench:minecraft/crafting_table":4,"minecraft:torch":1,"minecraft:short_grass":16,"minecraft:oak_log":11,"minecraft:grass_block":3,"minecraft:chest":1,"minecraft:dirt":14,"minecraft:spruce_leaves":1,"minecraft:stone":20,"minecraft:oak_planks":1}},"DataVersion":3953}