{"stats":{"minecraft:killed":{"minecraft:spider":2,"minecraft:skeleton":4,"minecraft:bee":2,"minecraft:creeper":6,"minecraft:pillager":4,"minecraft:zombie":25,"minecraft:enderman":1},"minecraft:picked_up":{"minecraft:spruce_leaves":199,"minecraft:crafting_table":5,"minecraft:coarse_dirt":5,"minecraft:allium":776,"minecraft:azure_bluet":55,"minecraft:ominous_bottle":1,"minecraft:anvil":1,"minecraft:stone_slab":2,"minecraft:oak_stairs":4,"minecraft:cornflower":704,"minecraft:string":1,"minecraft:iron_axe":1,"minecraft:gold_nugget":1,"minecraft:spruce_planks":2,"minecraft:white_tulip":1082,"minecraft:oak_boat":4,"minecraft:spruce_slab":10,"minecraft:lectern":1,"minecraft:sugar_cane":26,"minecraft:chest":7,"minecraft:birch_sapling":19,"minecraft:spruce_trapdoor":11,"minecraft:furnace":5,"minecraft:stick":181,"minecraft:raw_iron":44,"minecraft:torch":52,"minecraft:spruce_stairs":12,"minecraft:spruce_fence":1,"minecraft:arrow":7,"minecraft:rotten_flesh":41,"minecraft:decorated_pot":5,"minecraft:hay_block":16,"minecraft:red_tulip":15,"minecraft:pink_tulip":450,"minecraft:cobblestone":964,"minecraft:stripped_oak_log":2,"minecraft:birch_log":107,"minecraft:andesite":102,"minecraft:fern":1,"minecraft:smoker":1,"minecraft:potato":1,"minecraft:birch_planks":21,"doggytalents:rice_grains":2,"minecraft:oak_log":165,"minecraft:gunpowder":5,"minecraft:dirt":11604,"minecraft:blue_bed":6,"minecraft:lantern":1,"minecraft:white_banner":2,"minecraft:bone":6,"minecraft:apple":11,"minecraft:stone_bricks":22,"minecraft:stonecutter":1,"minecraft:wheat_seeds":387,"minecraft:orange_tulip":169,"minecraft:stone_pickaxe":5,"minecraft:oak_planks":114,"minecraft:book":48,"minecraft:dandelion":738,"minecraft:sand":47,"minecraft:spruce_sapling":138,"minecraft:white_bed":5,"minecraft:spruce_log":467,"minecraft:lily_of_the_valley":112,"minecraft:stone_axe":6,"waystones:waystone":1,"minecraft:short_grass":2,"minecraft:emerald":1,"minecraft:spruce_sign":1,"onlyhammersandexcavators:stone_hammer":3,"minecraft:lodestone":1,"minecraft:oak_sapling":95,"minecraft:coal":607,"minecraft:ender_pearl":1},"minecraft:crafted":{"minecraft:oak_door":3,"minecraft:oak_planks":592,"minecraft:smooth_stone":12,"minecraft:stone_shovel":1,"minecraft:furnace":6,"minecraft:blast_furnace":4,"minecraft:stone":524,"minecraft:glass_pane":112,"minecraft:glass":47,"minecraft:spruce_stairs":60,"minecraft:iron_axe":4,"minecraft:spruce_slab":24,"minecraft:stone_pickaxe":3,"minecraft:chest":17,"minecraft:stone_hoe":1,"minecraft:oak_fence":33,"onlyhammersandexcavators:stone_hammer":10,"minecraft:wheat":144,"minecraft:crafting_table":2,"minecraft:spruce_planks":504,"minecraft:wooden_pickaxe":1,"minecraft:iron_sword":1,"minecraft:blue_bed":1,"minecraft:bucket":1,"minecraft:birch_planks":428,"minecraft:stone_axe":3,"minecraft:bread":48,"minecraft:air":0,"minecraft:blue_dye":1,"minecraft:oak_fence_gate":1,"minecraft:oak_boat":1,"minecraft:spruce_trapdoor":44,"minecraft:stick":312,"onlyhammersandexcavators:stone_excavator":82,"minecraft:iron_ingot":44,"minecraft:iron_pickaxe":1,"minecraft:oak_stairs":32,"minecraft:gold_ingot":27,"minecraft:torch":36,"minecraft:shears":1},"minecraft:killed_by":{"minecraft:skeleton":1,"minecraft:zombie":4},"minecraft:custom":{"minecraft:mob_kills":45,"minecraft:interact_with_crafting_table":109,"minecraft:open_barrel":6,"minecraft:leave_game":6,"minecraft:time_since_death":169515,"minecraft:climb_one_cm":386,"minecraft:sprint_one_cm":1374333,"minecraft:walk_one_cm":951379,"minecraft:drop":212,"minecraft:talked_to_villager":1,"minecraft:play_time":509474,"minecraft:deaths":6,"minecraft:sneak_time":13752,"minecraft:walk_under_water_one_cm":6046,"minecraft:boat_one_cm":156754,"minecraft:jump":8951,"minecraft:interact_with_blast_furnace":94,"minecraft:walk_on_water_one_cm":84645,"minecraft:total_world_time":509474,"minecraft:interact_with_furnace":64,"minecraft:interact_with_loom":1,"minecraft:interact_with_stonecutter":7,"minecraft:sleep_in_bed":46,"minecraft:time_since_rest":15854,"minecraft:waystone_activated":1,"minecraft:damage_taken":4114,"minecraft:damage_dealt":8087,"minecraft:swim_one_cm":21688,"minecraft:fly_one_cm":2051286,"minecraft:open_chest":241,"minecraft:crouch_one_cm":62863,"minecraft:interact_with_smoker":8,"minecraft:fall_one_cm":110145},"minecraft:dropped":{"minecraft:bread":21,"minecraft:birch_planks":98,"minecraft:wheat_seeds":190,"minecraft:oak_log":10,"minecraft:decorated_pot":2,"minecraft:orange_tulip":157,"minecraft:spruce_leaves":5,"minecraft:dirt":677,"minecraft:torch":8,"minecraft:cornflower":604,"minecraft:iron_axe":1,"minecraft:dandelion":707,"minecraft:pink_tulip":416,"minecraft:oak_door":3,"minecraft:white_tulip":1017,"minecraft:stone_axe":5,"onlyhammersandexcavators:stone_hammer":3,"minecraft:rotten_flesh":4,"minecraft:oak_planks":71,"minecraft:stripped_oak_log":1,"minecraft:stone_slab":1,"minecraft:azure_bluet":53,"minecraft:white_bed":2,"minecraft:lily_of_the_valley":95,"minecraft:allium":775,"minecraft:chest":3,"minecraft:wooden_pickaxe":1,"minecraft:stone_pickaxe":7,"minecraft:red_tulip":15},"minecraft:broken":{"minecraft:stone_pickaxe":1,"onlyhammersandexcavators:stone_hammer":4,"minecraft:iron_axe":3,"minecraft:stone_axe":3},"minecraft:used":{"minecraft:oak_fence":16,"minecraft:white_tulip":2,"minecraft:stone_shovel":14,"minecraft:spruce_slab":21,"minecraft:spruce_planks":16,"minecraft:decorated_pot":3,"minecraft:chest":21,"minecraft:iron_sword":19,"minecraft:stone_hoe":115,"minecraft:spruce_leaves":2,"minecraft:torch":78,"minecraft:dirt":2319,"minecraft:lily_of_the_valley":1,"minecraft:spruce_stairs":70,"minecraft:allium":1,"minecraft:spruce_fence":1,"minecraft:oak_fence_gate":1,"minecraft:oak_stairs":20,"minecraft:iron_axe":791,"minecraft:birch_sapling":19,"onlyhammersandexcavators:stone_hammer":153,"minecraft:stone_bricks":255,"minecraft:oak_sapling":99,"minecraft:furnace":7,"minecraft:water_bucket":252,"minecraft:pink_tulip":2,"minecraft:birch_planks":267,"minecraft:stone_pickaxe":45,"minecraft:oak_planks":359,"minecraft:wooden_pickaxe":5,"artifacts:eternal_steak":42,"minecraft:stonecutter":1,"minecraft:blue_bed":7,"minecraft:crafting_table":7,"minecraft:blast_furnace":4,"onlyhammersandexcavators:stone_excavator":1802,"minecraft:white_bed":2,"minecraft:spruce_log":277,"minecraft:smoker":1,"minecraft:shears":207,"minecraft:oak_log":1,"waystones:waystone":1,"minecraft:cornflower":4,"minecraft:bread":34,"minecraft:iron_pickaxe":101,"minecraft:stone_slab":1,"minecraft:spruce_trapdoor":50,"minecraft:spruce_sapling":138,"minecraft:stone_axe":360,"minecraft:cobblestone":63,"minecraft:white_banner":2,"minecraft:andesite":21,"minecraft:bucket":253,"minecraft:glass_pane":69,"minecraft:oak_boat":4,"minecraft:dandelion":5},"minecraft:mined":{"minecraft:spruce_planks":2,"minecraft:white_bed":5,"minecraft:spruce_trapdoor":11,"minecraft:allium":81,"minecraft:grass_block":6445,"minecraft:spruce_fence":1,"minecraft:decorated_pot":1,"minecraft:spruce_leaves":214,"minecraft:large_fern":4,"minecraft:hay_block":16,"minecraft:spruce_sapling":3,"minecraft:furnace":6,"minecraft:andesite":108,"minecraft:anvil":1,"minecraft:azure_bluet":2,"minecraft:bookshelf":16,"minecraft:red_tulip":5,"minecraft:dirt_path":1,"minecraft:oak_stairs":4,"minecraft:lantern":1,"minecraft:stripped_oak_log":1,"minecraft:pink_tulip":22,"minecraft:stone":945,"minecraft:white_tulip":75,"minecraft:spruce_slab":10,"minecraft:glass_pane":5,"minecraft:lily_of_the_valley":14,"minecraft:smoker":1,"minecraft:dandelion":47,"minecraft:oak_fence":1,"visualworkbench:minecraft/crafting_table":5,"minecraft:cornflower":26,"minecraft:torch":32,"minecraft:short_grass":277,"minecraft:chest":4,"minecraft:lectern":1,"minecraft:stone_slab":1,"minecraft:tall_grass":7,"minecraft:cobblestone":13,"minecraft:sugar_cane":11,"minecraft:oak_planks":41,"minecraft:wall_torch":12,"minecraft:blue_bed":6,"minecraft:birch_sapling":1,"minecraft:spruce_stairs":12,"minecraft:birch_planks":20,"minecraft:coarse_dirt":3,"minecraft:birch_log":123,"minecraft:spruce_log":481,"minecraft:birch_leaves":1,"minecraft:orange_tulip":19,"minecraft:bee_nest":1,"minecraft:oak_log":190,"minecraft:coal_ore":1,"minecraft:sand":47,"minecraft:dirt":4434,"minecraft:lodestone":1,"minecraft:stone_bricks":22,"minecraft:stonecutter":1,"minecraft:oak_leaves":2,"minecraft:fern":1}},"DataVersion":3953}