{"stats":{"minecraft:killed":{"minecraft:spider":1,"minecraft:zombie":3,"minecraft:bee":2},"minecraft:picked_up":{"minecraft:stripped_oak_log":2,"minecraft:coarse_dirt":5,"minecraft:crafting_table":5,"minecraft:anvil":1,"minecraft:smoker":1,"minecraft:oak_log":13,"minecraft:cornflower":9,"minecraft:blue_bed":5,"minecraft:dirt":331,"minecraft:lantern":1,"minecraft:orange_tulip":2,"minecraft:stonecutter":1,"minecraft:wheat_seeds":15,"minecraft:gold_nugget":1,"minecraft:stone_pickaxe":1,"minecraft:white_tulip":82,"minecraft:oak_boat":4,"minecraft:lectern":1,"minecraft:sugar_cane":26,"minecraft:chest":5,"minecraft:oak_planks":9,"minecraft:raw_iron":11,"minecraft:book":48,"minecraft:stick":14,"minecraft:torch":11,"minecraft:dandelion":17,"minecraft:spruce_stairs":1,"minecraft:spruce_fence":1,"minecraft:spruce_sapling":9,"minecraft:white_bed":2,"minecraft:spruce_log":24,"minecraft:lily_of_the_valley":2,"minecraft:rotten_flesh":9,"minecraft:stone_axe":6,"minecraft:decorated_pot":5,"waystones:waystone":1,"minecraft:hay_block":16,"onlyhammersandexcavators:stone_hammer":1,"minecraft:pink_tulip":4,"minecraft:spruce_sign":1,"minecraft:lodestone":1,"minecraft:oak_sapling":7,"minecraft:coal":45,"minecraft:cobblestone":36},"minecraft:crafted":{"minecraft:oak_planks":12,"minecraft:crafting_table":1,"minecraft:spruce_planks":20,"minecraft:wooden_pickaxe":1,"minecraft:furnace":1,"minecraft:blue_bed":1,"minecraft:bucket":1,"minecraft:stone_axe":1,"minecraft:bread":48,"minecraft:air":0,"minecraft:blue_dye":1,"minecraft:oak_boat":1,"minecraft:iron_ingot":3,"minecraft:stick":8,"onlyhammersandexcavators:stone_excavator":5,"minecraft:stone_pickaxe":1,"minecraft:chest":1,"minecraft:torch":12,"onlyhammersandexcavators:stone_hammer":2,"minecraft:wheat":144},"minecraft:killed_by":{"minecraft:skeleton":1,"minecraft:zombie":1},"minecraft:custom":{"minecraft:interact_with_furnace":5,"minecraft:mob_kills":6,"minecraft:interact_with_crafting_table":25,"minecraft:open_barrel":6,"minecraft:interact_with_loom":1,"minecraft:leave_game":5,"minecraft:time_since_death":9154,"minecraft:sleep_in_bed":4,"minecraft:climb_one_cm":386,"minecraft:waystone_activated":1,"minecraft:time_since_rest":7105,"minecraft:sprint_one_cm":237515,"minecraft:damage_taken":1291,"minecraft:walk_one_cm":102245,"minecraft:drop":24,"minecraft:damage_dealt":732,"minecraft:swim_one_cm":15643,"minecraft:talked_to_villager":1,"minecraft:fly_one_cm":476400,"minecraft:open_chest":17,"minecraft:crouch_one_cm":5486,"minecraft:play_time":109537,"minecraft:deaths":3,"minecraft:sneak_time":1406,"minecraft:walk_under_water_one_cm":3264,"minecraft:boat_one_cm":156754,"minecraft:jump":1915,"minecraft:walk_on_water_one_cm":5126,"minecraft:total_world_time":109537,"minecraft:fall_one_cm":46104},"minecraft:dropped":{"minecraft:bread":21,"minecraft:stone_axe":5,"minecraft:oak_log":10,"onlyhammersandexcavators:stone_hammer":1,"minecraft:decorated_pot":2,"minecraft:rotten_flesh":4,"minecraft:oak_planks":6,"minecraft:stripped_oak_log":1,"minecraft:white_bed":1,"minecraft:torch":4,"minecraft:chest":3,"minecraft:stone_pickaxe":1,"minecraft:wooden_pickaxe":1,"minecraft:dandelion":1,"minecraft:pink_tulip":2},"minecraft:used":{"minecraft:water_bucket":6,"minecraft:pink_tulip":2,"minecraft:white_tulip":2,"minecraft:stone_pickaxe":38,"minecraft:decorated_pot":3,"minecraft:chest":3,"minecraft:wooden_pickaxe":5,"minecraft:blue_bed":5,"minecraft:torch":13,"minecraft:dirt":177,"minecraft:crafting_table":6,"onlyhammersandexcavators:stone_excavator":47,"minecraft:spruce_stairs":1,"minecraft:spruce_fence":1,"minecraft:spruce_log":2,"minecraft:oak_log":1,"waystones:waystone":1,"minecraft:cornflower":4,"minecraft:bread":20,"onlyhammersandexcavators:stone_hammer":1,"minecraft:stone_axe":107,"minecraft:cobblestone":5,"minecraft:furnace":1,"minecraft:bucket":7,"minecraft:oak_boat":4,"minecraft:dandelion":2},"minecraft:mined":{"minecraft:white_bed":2,"minecraft:smoker":1,"minecraft:dandelion":4,"visualworkbench:minecraft/crafting_table":5,"minecraft:cornflower":1,"minecraft:torch":6,"minecraft:short_grass":35,"minecraft:spruce_fence":1,"minecraft:grass_block":290,"minecraft:decorated_pot":1,"minecraft:chest":2,"minecraft:lectern":1,"minecraft:spruce_leaves":1,"minecraft:wall_torch":3,"minecraft:sugar_cane":11,"minecraft:oak_planks":1,"minecraft:blue_bed":5,"minecraft:spruce_stairs":1,"minecraft:hay_block":16,"minecraft:coarse_dirt":3,"minecraft:spruce_log":24,"minecraft:anvil":1,"minecraft:bee_nest":1,"minecraft:bookshelf":16,"minecraft:coal_ore":1,"minecraft:oak_log":38,"minecraft:lantern":1,"minecraft:dirt":24,"minecraft:stripped_oak_log":1,"minecraft:lodestone":1,"minecraft:white_tulip":14,"minecraft:stonecutter":1,"minecraft:stone":33,"minecraft:oak_leaves":2}},"DataVersion":3953}