{"stats":{"minecraft:broken":{"minecraft:stone_hoe":2,"minecraft:stone_pickaxe":3,"onlyhammersandexcavators:stone_hammer":4,"minecraft:iron_axe":5,"minecraft:stone_axe":3,"minecraft:iron_pickaxe":6,"minecraft:stone_shovel":1},"minecraft:crafted":{"minecraft:oak_door":3,"minecraft:smooth_stone":12,"minecraft:oak_planks":620,"minecraft:stone_shovel":1,"minecraft:birch_slab":36,"minecraft:furnace":6,"minecraft:blast_furnace":4,"minecraft:stone":1914,"minecraft:bookshelf":17,"minecraft:glass_pane":112,"minecraft:flint_and_steel":1,"minecraft:glass":47,"minecraft:spruce_stairs":212,"minecraft:iron_axe":5,"minecraft:spruce_slab":36,"minecraft:stone_pickaxe":5,"minecraft:chest":17,"minecraft:stone_hoe":3,"minecraft:oak_fence":33,"onlyhammersandexcavators:stone_hammer":42,"minecraft:wheat":144,"minecraft:oak_slab":12,"minecraft:emerald":54,"minecraft:crafting_table":2,"minecraft:spruce_planks":1922,"minecraft:wooden_pickaxe":1,"minecraft:iron_sword":1,"minecraft:blue_bed":1,"minecraft:fletching_table":2,"minecraft:bucket":1,"minecraft:birch_planks":532,"minecraft:stone_axe":4,"minecraft:bread":48,"minecraft:air":0,"minecraft:blue_dye":1,"minecraft:oak_fence_gate":1,"minecraft:oak_boat":1,"minecraft:spruce_trapdoor":44,"minecraft:lectern":17,"minecraft:diamond_pickaxe":1,"minecraft:stick":2028,"onlyhammersandexcavators:stone_excavator":85,"minecraft:iron_ingot":52,"minecraft:iron_pickaxe":8,"minecraft:oak_stairs":32,"minecraft:gold_ingot":27,"minecraft:torch":148,"animal_feeding_trough:feeding_trough":1,"minecraft:shears":1},"minecraft:mined":{"minecraft:white_bed":5,"minecraft:tuff":29,"minecraft:spruce_planks":140,"minecraft:obsidian":35,"minecraft:spruce_trapdoor":11,"minecraft:allium":81,"minecraft:spruce_fence":1,"minecraft:grass_block":6454,"minecraft:decorated_pot":1,"minecraft:spruce_leaves":217,"minecraft:composter":1,"minecraft:tuff_bricks":6,"animal_feeding_trough:feeding_trough":2,"minecraft:hay_block":24,"minecraft:large_fern":4,"minecraft:spruce_sapling":5,"minecraft:furnace":6,"minecraft:carrots":7,"minecraft:andesite":380,"minecraft:anvil":1,"minecraft:fletching_table":2,"minecraft:azure_bluet":2,"minecraft:bookshelf":16,"minecraft:red_tulip":5,"minecraft:potatoes":18,"minecraft:dirt_path":1,"minecraft:oak_stairs":4,"minecraft:lantern":1,"minecraft:stripped_oak_log":1,"minecraft:pink_tulip":22,"minecraft:white_tulip":75,"minecraft:stone":5336,"minecraft:spruce_slab":10,"minecraft:glass_pane":5,"minecraft:lily_of_the_valley":14,"minecraft:crimson_nylium":26,"minecraft:smoker":1,"minecraft:dandelion":47,"minecraft:oak_fence":1,"visualworkbench:minecraft/crafting_table":5,"minecraft:cornflower":26,"minecraft:torch":56,"minecraft:short_grass":278,"minecraft:chest":4,"minecraft:tall_grass":7,"minecraft:lectern":3,"minecraft:stone_slab":2,"minecraft:cobblestone":105,"minecraft:oak_planks":56,"minecraft:sugar_cane":11,"minecraft:blue_bed":6,"minecraft:wall_torch":77,"minecraft:birch_sapling":1,"minecraft:spruce_stairs":108,"minecraft:birch_planks":52,"minecraft:coarse_dirt":3,"minecraft:beehive":1,"minecraft:birch_log":149,"minecraft:wheat":21,"minecraft:spruce_log":848,"minecraft:birch_leaves":1,"minecraft:orange_tulip":19,"minecraft:bee_nest":1,"minecraft:coal_ore":2,"minecraft:oak_log":204,"minecraft:gravel":114,"minecraft:dirt":4580,"minecraft:sand":47,"minecraft:lodestone":1,"minecraft:stonecutter":3,"minecraft:stone_bricks":291,"minecraft:netherrack":195,"minecraft:oak_leaves":14,"minecraft:deepslate":187,"minecraft:fern":1},"minecraft:killed_by":{"minecraft:enderman":2,"minecraft:skeleton":1,"minecraft:zombie":4},"minecraft:dropped":{"minecraft:iron_ingot":2,"minecraft:bread":21,"minecraft:birch_planks":98,"minecraft:wheat_seeds":190,"minecraft:oak_log":10,"minecraft:decorated_pot":2,"minecraft:orange_tulip":157,"minecraft:cobblestone":2195,"minecraft:fletching_table":1,"minecraft:spruce_leaves":5,"minecraft:dirt":677,"minecraft:torch":8,"minecraft:cornflower":604,"minecraft:iron_axe":3,"minecraft:iron_pickaxe":6,"minecraft:dandelion":708,"minecraft:pink_tulip":416,"minecraft:oak_door":3,"minecraft:white_tulip":1017,"minecraft:stone_axe":5,"onlyhammersandexcavators:stone_hammer":29,"minecraft:rotten_flesh":10,"minecraft:oak_planks":90,"minecraft:stripped_oak_log":1,"minecraft:stone_slab":1,"minecraft:azure_bluet":53,"minecraft:white_bed":2,"minecraft:lily_of_the_valley":95,"minecraft:allium":775,"minecraft:spruce_planks":42,"minecraft:diamond_pickaxe":1,"minecraft:chest":3,"minecraft:stone_bricks":43,"minecraft:spruce_log":1,"minecraft:stone_pickaxe":7,"minecraft:wooden_pickaxe":1,"minecraft:red_tulip":15,"minecraft:lectern":16},"minecraft:used":{"minecraft:tuff_bricks":6,"minecraft:white_tulip":3,"minecraft:flint_and_steel":1,"minecraft:spruce_slab":21,"minecraft:stone_shovel":131,"minecraft:chest":21,"minecraft:decorated_pot":3,"minecraft:spruce_planks":475,"minecraft:stone":24,"minecraft:iron_sword":126,"minecraft:stone_hoe":367,"minecraft:netherrack":169,"minecraft:spruce_leaves":2,"minecraft:torch":257,"minecraft:dirt":2632,"minecraft:lily_of_the_valley":1,"minecraft:spruce_stairs":309,"minecraft:carrot":20,"minecraft:allium":1,"minecraft:spruce_fence":1,"minecraft:oak_fence_gate":1,"minecraft:obsidian":22,"minecraft:iron_axe":1526,"minecraft:oak_stairs":20,"minecraft:birch_sapling":28,"onlyhammersandexcavators:stone_hammer":644,"minecraft:stone_bricks":1053,"minecraft:oak_sapling":100,"minecraft:furnace":7,"minecraft:potato":53,"minecraft:wheat_seeds":88,"minecraft:water_bucket":267,"minecraft:pink_tulip":2,"minecraft:birch_planks":349,"minecraft:oak_planks":456,"minecraft:stone_pickaxe":193,"minecraft:wooden_pickaxe":5,"artifacts:eternal_steak":77,"minecraft:blue_bed":7,"minecraft:composter":1,"minecraft:fletching_table":4,"minecraft:stonecutter":3,"minecraft:deepslate_bricks":18,"animal_feeding_trough:feeding_trough":3,"onlyhammersandexcavators:stone_excavator":1832,"minecraft:blast_furnace":4,"minecraft:crafting_table":7,"minecraft:white_bed":2,"minecraft:spruce_log":343,"minecraft:smoker":1,"minecraft:shears":207,"minecraft:oak_log":1,"waystones:waystone":1,"minecraft:cornflower":4,"minecraft:diamond_pickaxe":212,"minecraft:bread":34,"minecraft:iron_pickaxe":1621,"minecraft:spruce_trapdoor":50,"minecraft:lectern":6,"minecraft:stone_slab":1,"minecraft:gravel":65,"minecraft:spruce_sapling":223,"minecraft:stone_axe":360,"minecraft:cobblestone":995,"minecraft:white_banner":2,"minecraft:andesite":166,"minecraft:bucket":268,"minecraft:glass_pane":69,"minecraft:oak_boat":4,"minecraft:dandelion":5,"minecraft:oak_fence":16},"minecraft:custom":{"minecraft:interact_with_smithing_table":2,"minecraft:mob_kills":71,"minecraft:animals_bred":7,"minecraft:interact_with_crafting_table":161,"minecraft:open_barrel":8,"minecraft:leave_game":9,"minecraft:time_since_death":121781,"minecraft:climb_one_cm":386,"minecraft:sprint_one_cm":2288024,"minecraft:walk_one_cm":1998111,"minecraft:drop":307,"minecraft:talked_to_villager":25,"minecraft:play_time":826017,"minecraft:deaths":8,"minecraft:sneak_time":22945,"minecraft:walk_under_water_one_cm":8925,"minecraft:boat_one_cm":156754,"minecraft:jump":12583,"minecraft:interact_with_blast_furnace":169,"minecraft:walk_on_water_one_cm":108950,"minecraft:total_world_time":826017,"minecraft:interact_with_furnace":65,"minecraft:traded_with_villager":54,"minecraft:interact_with_loom":1,"minecraft:interact_with_stonecutter":17,"minecraft:sleep_in_bed":53,"minecraft:time_since_rest":61205,"minecraft:waystone_activated":1,"minecraft:damage_taken":6099,"minecraft:damage_dealt":12552,"minecraft:swim_one_cm":31120,"minecraft:fly_one_cm":2678396,"minecraft:open_chest":430,"minecraft:crouch_one_cm":96948,"minecraft:interact_with_smoker":8,"minecraft:fall_one_cm":139139},"minecraft:killed":{"mobs_of_mythology:chupacabra":1,"minecraft:spider":4,"minecraft:skeleton":5,"minecraft:bee":2,"minecraft:creeper":6,"minecraft:pillager":6,"minecraft:zombie":41,"minecraft:enderman":3},"minecraft:picked_up":{"minecraft:spruce_leaves":199,"minecraft:coarse_dirt":5,"minecraft:crafting_table":5,"minecraft:wheat":52,"minecraft:allium":776,"minecraft:azure_bluet":55,"minecraft:ominous_bottle":1,"minecraft:anvil":1,"minecraft:stone_slab":3,"minecraft:oak_stairs":4,"minecraft:cornflower":704,"minecraft:string":3,"minecraft:iron_axe":3,"minecraft:gold_nugget":1,"minecraft:cobbled_deepslate":187,"minecraft:spruce_planks":199,"minecraft:white_tulip":1083,"minecraft:oak_boat":4,"minecraft:iron_pickaxe":6,"minecraft:spruce_slab":10,"minecraft:lectern":19,"minecraft:sugar_cane":26,"minecraft:chest":7,"minecraft:birch_sapling":28,"minecraft:spruce_trapdoor":11,"minecraft:furnace":5,"mobs_of_mythology:chupacabra_meat":2,"minecraft:beehive":1,"minecraft:stick":263,"minecraft:raw_iron":94,"minecraft:composter":1,"minecraft:torch":144,"minecraft:spruce_stairs":108,"minecraft:spruce_fence":1,"minecraft:carrot":20,"minecraft:redstone":37,"minecraft:arrow":9,"minecraft:rotten_flesh":57,"animal_feeding_trough:feeding_trough":2,"minecraft:decorated_pot":5,"minecraft:hay_block":24,"minecraft:red_tulip":15,"minecraft:pink_tulip":450,"minecraft:tuff_bricks":6,"minecraft:obsidian":34,"minecraft:cobblestone":7430,"minecraft:stripped_oak_log":2,"minecraft:birch_log":133,"minecraft:andesite":374,"minecraft:fern":1,"minecraft:smoker":1,"minecraft:potato":54,"minecraft:birch_planks":53,"doggytalents:rice_grains":2,"minecraft:flint":6,"minecraft:tuff":29,"minecraft:oak_log":179,"minecraft:gunpowder":5,"minecraft:lapis_lazuli":19,"minecraft:dirt":11760,"minecraft:blue_bed":6,"minecraft:lantern":1,"minecraft:white_banner":2,"minecraft:bone":8,"minecraft:apple":11,"minecraft:stone_bricks":334,"minecraft:stonecutter":3,"minecraft:wheat_seeds":446,"minecraft:orange_tulip":169,"minecraft:raw_gold":4,"minecraft:iron_ingot":2,"minecraft:stone_pickaxe":5,"minecraft:fletching_table":3,"minecraft:oak_planks":143,"minecraft:book":48,"minecraft:dandelion":739,"minecraft:gravel":108,"minecraft:sand":47,"minecraft:spruce_sapling":223,"minecraft:white_bed":5,"minecraft:spruce_log":840,"minecraft:lily_of_the_valley":112,"minecraft:diamond":36,"minecraft:stone_axe":6,"waystones:waystone":1,"minecraft:short_grass":2,"minecraft:spruce_sign":1,"minecraft:emerald":3,"onlyhammersandexcavators:stone_hammer":29,"minecraft:lodestone":1,"minecraft:oak_sapling":96,"minecraft:netherrack":215,"minecraft:coal":971,"minecraft:diamond_pickaxe":1,"minecraft:ender_pearl":3}},"DataVersion":3953}