{"stats":{"minecraft:killed":{"minecraft:zombie":1},"minecraft:picked_up":{"minecraft:crafting_table":3,"minecraft:coarse_dirt":5,"minecraft:spruce_log":7,"minecraft:cornflower":4,"minecraft:dirt":26,"minecraft:rotten_flesh":2,"minecraft:decorated_pot":2,"minecraft:wheat_seeds":1,"minecraft:gold_nugget":1,"minecraft:stone_pickaxe":1,"minecraft:pink_tulip":2,"minecraft:chest":1,"minecraft:oak_planks":1,"minecraft:coal":12,"minecraft:cobblestone":24},"minecraft:crafted":{"minecraft:crafting_table":1,"minecraft:spruce_planks":20,"minecraft:stick":8,"minecraft:wooden_pickaxe":1,"minecraft:stone_pickaxe":1,"minecraft:chest":1,"minecraft:torch":8,"minecraft:stone_axe":1},"minecraft:killed_by":{"minecraft:skeleton":1},"minecraft:custom":{"minecraft:time_since_rest":4900,"minecraft:sprint_one_cm":33743,"minecraft:damage_taken":563,"minecraft:walk_one_cm":22289,"minecraft:mob_kills":1,"minecraft:drop":3,"minecraft:damage_dealt":81,"minecraft:interact_with_crafting_table":8,"minecraft:fly_one_cm":73672,"minecraft:open_chest":2,"minecraft:crouch_one_cm":913,"minecraft:play_time":37537,"minecraft:deaths":2,"minecraft:sneak_time":224,"minecraft:jump":349,"minecraft:leave_game":5,"minecraft:time_since_death":4871,"minecraft:total_world_time":37537,"minecraft:fall_one_cm":9495},"minecraft:dropped":{"minecraft:torch":4,"minecraft:stone_pickaxe":1,"minecraft:wooden_pickaxe":1},"minecraft:used":{"minecraft:stone_pickaxe":15,"minecraft:decorated_pot":1,"minecraft:chest":1,"minecraft:wooden_pickaxe":5,"minecraft:stone_axe":5,"minecraft:dirt":9,"minecraft:crafting_table":3,"minecraft:spruce_log":2},"minecraft:mined":{"minecraft:coarse_dirt":3,"minecraft:spruce_log":7,"visualworkbench:minecraft/crafting_table":3,"minecraft:short_grass":12,"minecraft:grass_block":2,"minecraft:chest":1,"minecraft:dirt":14,"minecraft:spruce_leaves":1,"minecraft:stone":20,"minecraft:oak_planks":1}},"DataVersion":3953}