{"stats":{"minecraft:killed":{"mobs_of_mythology:chupacabra":1,"minecraft:spider":4,"minecraft:skeleton":5,"minecraft:bee":2,"minecraft:creeper":6,"minecraft:pillager":6,"minecraft:zombie":38,"minecraft:enderman":3},"minecraft:picked_up":{"minecraft:spruce_leaves":199,"minecraft:coarse_dirt":5,"minecraft:crafting_table":5,"minecraft:wheat":52,"minecraft:allium":776,"minecraft:azure_bluet":55,"minecraft:ominous_bottle":1,"minecraft:anvil":1,"minecraft:stone_slab":3,"minecraft:oak_stairs":4,"minecraft:cornflower":704,"minecraft:string":3,"minecraft:iron_axe":2,"minecraft:gold_nugget":1,"minecraft:cobbled_deepslate":187,"minecraft:spruce_planks":147,"minecraft:white_tulip":1082,"minecraft:oak_boat":4,"minecraft:iron_pickaxe":6,"minecraft:spruce_slab":10,"minecraft:lectern":19,"minecraft:sugar_cane":26,"minecraft:chest":7,"minecraft:birch_sapling":28,"minecraft:spruce_trapdoor":11,"minecraft:furnace":5,"mobs_of_mythology:chupacabra_meat":2,"minecraft:stick":240,"minecraft:raw_iron":94,"minecraft:torch":141,"minecraft:spruce_stairs":108,"minecraft:spruce_fence":1,"minecraft:carrot":20,"minecraft:redstone":37,"minecraft:arrow":9,"minecraft:rotten_flesh":53,"animal_feeding_trough:feeding_trough":2,"minecraft:decorated_pot":5,"minecraft:hay_block":24,"minecraft:red_tulip":15,"minecraft:pink_tulip":450,"minecraft:tuff_bricks":6,"minecraft:obsidian":34,"minecraft:cobblestone":7371,"minecraft:stripped_oak_log":2,"minecraft:birch_log":133,"minecraft:andesite":374,"minecraft:fern":1,"minecraft:smoker":1,"minecraft:potato":54,"minecraft:birch_planks":53,"doggytalents:rice_grains":2,"minecraft:flint":2,"minecraft:tuff":29,"minecraft:oak_log":179,"minecraft:gunpowder":5,"minecraft:lapis_lazuli":19,"minecraft:dirt":11748,"minecraft:blue_bed":6,"minecraft:lantern":1,"minecraft:white_banner":2,"minecraft:bone":8,"minecraft:apple":11,"minecraft:stone_bricks":288,"minecraft:stonecutter":1,"minecraft:wheat_seeds":446,"minecraft:orange_tulip":169,"minecraft:raw_gold":4,"minecraft:iron_ingot":2,"minecraft:stone_pickaxe":5,"minecraft:oak_planks":143,"minecraft:book":48,"minecraft:dandelion":739,"minecraft:gravel":19,"minecraft:sand":47,"minecraft:spruce_sapling":195,"minecraft:white_bed":5,"minecraft:spruce_log":621,"minecraft:lily_of_the_valley":112,"minecraft:diamond":36,"minecraft:stone_axe":6,"waystones:waystone":1,"minecraft:short_grass":2,"minecraft:spruce_sign":1,"minecraft:emerald":3,"onlyhammersandexcavators:stone_hammer":23,"minecraft:lodestone":1,"minecraft:oak_sapling":96,"minecraft:netherrack":215,"minecraft:coal":971,"minecraft:ender_pearl":3},"minecraft:crafted":{"minecraft:oak_door":3,"minecraft:smooth_stone":12,"minecraft:oak_planks":608,"minecraft:stone_shovel":1,"minecraft:birch_slab":36,"minecraft:furnace":6,"minecraft:blast_furnace":4,"minecraft:stone":1914,"minecraft:bookshelf":17,"minecraft:glass_pane":112,"minecraft:flint_and_steel":1,"minecraft:glass":47,"minecraft:spruce_stairs":212,"minecraft:iron_axe":5,"minecraft:spruce_slab":36,"minecraft:stone_pickaxe":5,"minecraft:chest":17,"minecraft:stone_hoe":3,"minecraft:oak_fence":33,"onlyhammersandexcavators:stone_hammer":42,"minecraft:wheat":144,"minecraft:oak_slab":12,"minecraft:crafting_table":2,"minecraft:spruce_planks":1110,"minecraft:wooden_pickaxe":1,"minecraft:iron_sword":1,"minecraft:blue_bed":1,"minecraft:bucket":1,"minecraft:birch_planks":532,"minecraft:stone_axe":4,"minecraft:bread":48,"minecraft:air":0,"minecraft:blue_dye":1,"minecraft:oak_fence_gate":1,"minecraft:oak_boat":1,"minecraft:spruce_trapdoor":44,"minecraft:lectern":17,"minecraft:diamond_pickaxe":1,"minecraft:stick":344,"onlyhammersandexcavators:stone_excavator":85,"minecraft:iron_ingot":52,"minecraft:iron_pickaxe":8,"minecraft:oak_stairs":32,"minecraft:gold_ingot":27,"minecraft:torch":148,"animal_feeding_trough:feeding_trough":1,"minecraft:shears":1},"minecraft:killed_by":{"minecraft:enderman":2,"minecraft:skeleton":1,"minecraft:zombie":4},"minecraft:custom":{"minecraft:interact_with_smithing_table":2,"minecraft:mob_kills":68,"minecraft:animals_bred":7,"minecraft:interact_with_crafting_table":158,"minecraft:open_barrel":8,"minecraft:leave_game":9,"minecraft:time_since_death":104122,"minecraft:climb_one_cm":386,"minecraft:sprint_one_cm":2222431,"minecraft:walk_one_cm":1951892,"minecraft:drop":291,"minecraft:talked_to_villager":1,"minecraft:play_time":808358,"minecraft:deaths":8,"minecraft:sneak_time":22196,"minecraft:walk_under_water_one_cm":8925,"minecraft:boat_one_cm":156754,"minecraft:jump":12305,"minecraft:interact_with_blast_furnace":168,"minecraft:walk_on_water_one_cm":108797,"minecraft:total_world_time":808358,"minecraft:interact_with_furnace":65,"minecraft:interact_with_loom":1,"minecraft:interact_with_stonecutter":17,"minecraft:sleep_in_bed":53,"minecraft:time_since_rest":43546,"minecraft:waystone_activated":1,"minecraft:damage_taken":6009,"minecraft:damage_dealt":11951,"minecraft:swim_one_cm":31120,"minecraft:fly_one_cm":2616641,"minecraft:open_chest":406,"minecraft:crouch_one_cm":94178,"minecraft:interact_with_smoker":8,"minecraft:fall_one_cm":135528},"minecraft:dropped":{"minecraft:iron_ingot":2,"minecraft:bread":21,"minecraft:birch_planks":98,"minecraft:wheat_seeds":190,"minecraft:oak_log":10,"minecraft:decorated_pot":2,"minecraft:orange_tulip":157,"minecraft:cobblestone":2166,"minecraft:spruce_leaves":5,"minecraft:dirt":677,"minecraft:torch":8,"minecraft:cornflower":604,"minecraft:iron_axe":2,"minecraft:iron_pickaxe":6,"minecraft:dandelion":708,"minecraft:pink_tulip":416,"minecraft:oak_door":3,"minecraft:white_tulip":1017,"minecraft:stone_axe":5,"onlyhammersandexcavators:stone_hammer":23,"minecraft:rotten_flesh":4,"minecraft:oak_planks":85,"minecraft:stripped_oak_log":1,"minecraft:stone_slab":1,"minecraft:azure_bluet":53,"minecraft:white_bed":2,"minecraft:lily_of_the_valley":95,"minecraft:allium":775,"minecraft:chest":3,"minecraft:stone_pickaxe":7,"minecraft:wooden_pickaxe":1,"minecraft:red_tulip":15,"minecraft:lectern":16},"minecraft:broken":{"minecraft:stone_hoe":2,"minecraft:stone_pickaxe":3,"onlyhammersandexcavators:stone_hammer":4,"minecraft:iron_axe":5,"minecraft:stone_axe":3,"minecraft:iron_pickaxe":6,"minecraft:stone_shovel":1},"minecraft:used":{"minecraft:tuff_bricks":6,"minecraft:white_tulip":2,"minecraft:flint_and_steel":1,"minecraft:spruce_slab":21,"minecraft:stone_shovel":131,"minecraft:chest":21,"minecraft:decorated_pot":3,"minecraft:spruce_planks":471,"minecraft:stone":24,"minecraft:iron_sword":113,"minecraft:stone_hoe":367,"minecraft:netherrack":169,"minecraft:spruce_leaves":2,"minecraft:torch":254,"minecraft:dirt":2621,"minecraft:lily_of_the_valley":1,"minecraft:spruce_stairs":309,"minecraft:carrot":20,"minecraft:allium":1,"minecraft:spruce_fence":1,"minecraft:oak_fence_gate":1,"minecraft:obsidian":22,"minecraft:iron_axe":1306,"minecraft:oak_stairs":20,"minecraft:birch_sapling":28,"onlyhammersandexcavators:stone_hammer":644,"minecraft:stone_bricks":1034,"minecraft:oak_sapling":100,"minecraft:furnace":7,"minecraft:potato":53,"minecraft:wheat_seeds":88,"minecraft:water_bucket":265,"minecraft:pink_tulip":2,"minecraft:birch_planks":349,"minecraft:oak_planks":456,"minecraft:stone_pickaxe":193,"minecraft:wooden_pickaxe":5,"artifacts:eternal_steak":75,"minecraft:blue_bed":7,"minecraft:stonecutter":1,"minecraft:deepslate_bricks":18,"animal_feeding_trough:feeding_trough":3,"onlyhammersandexcavators:stone_excavator":1810,"minecraft:blast_furnace":4,"minecraft:crafting_table":7,"minecraft:white_bed":2,"minecraft:spruce_log":343,"minecraft:smoker":1,"minecraft:shears":207,"minecraft:oak_log":1,"waystones:waystone":1,"minecraft:cornflower":4,"minecraft:diamond_pickaxe":175,"minecraft:bread":34,"minecraft:iron_pickaxe":1621,"minecraft:spruce_trapdoor":50,"minecraft:lectern":6,"minecraft:stone_slab":1,"minecraft:gravel":19,"minecraft:spruce_sapling":195,"minecraft:stone_axe":360,"minecraft:cobblestone":994,"minecraft:white_banner":2,"minecraft:andesite":166,"minecraft:bucket":266,"minecraft:glass_pane":69,"minecraft:oak_boat":4,"minecraft:dandelion":5,"minecraft:oak_fence":16},"minecraft:mined":{"minecraft:white_bed":5,"minecraft:tuff":29,"minecraft:spruce_planks":140,"minecraft:obsidian":35,"minecraft:spruce_trapdoor":11,"minecraft:allium":81,"minecraft:spruce_fence":1,"minecraft:grass_block":6446,"minecraft:decorated_pot":1,"minecraft:spruce_leaves":216,"minecraft:tuff_bricks":6,"animal_feeding_trough:feeding_trough":2,"minecraft:large_fern":4,"minecraft:hay_block":24,"minecraft:spruce_sapling":3,"minecraft:furnace":6,"minecraft:carrots":7,"minecraft:andesite":380,"minecraft:anvil":1,"minecraft:azure_bluet":2,"minecraft:bookshelf":16,"minecraft:red_tulip":5,"minecraft:potatoes":18,"minecraft:dirt_path":1,"minecraft:oak_stairs":4,"minecraft:lantern":1,"minecraft:stripped_oak_log":1,"minecraft:pink_tulip":22,"minecraft:white_tulip":75,"minecraft:stone":5314,"minecraft:spruce_slab":10,"minecraft:glass_pane":5,"minecraft:lily_of_the_valley":14,"minecraft:crimson_nylium":26,"minecraft:smoker":1,"minecraft:dandelion":47,"minecraft:oak_fence":1,"visualworkbench:minecraft/crafting_table":5,"minecraft:cornflower":26,"minecraft:torch":56,"minecraft:short_grass":278,"minecraft:chest":4,"minecraft:lectern":3,"minecraft:tall_grass":7,"minecraft:stone_slab":2,"minecraft:cobblestone":97,"minecraft:oak_planks":56,"minecraft:sugar_cane":11,"minecraft:blue_bed":6,"minecraft:wall_torch":74,"minecraft:birch_sapling":1,"minecraft:spruce_stairs":108,"minecraft:birch_planks":52,"minecraft:coarse_dirt":3,"minecraft:birch_log":149,"minecraft:wheat":21,"minecraft:spruce_log":635,"minecraft:birch_leaves":1,"minecraft:orange_tulip":19,"minecraft:bee_nest":1,"minecraft:coal_ore":2,"minecraft:oak_log":204,"minecraft:gravel":21,"minecraft:dirt":4576,"minecraft:sand":47,"minecraft:lodestone":1,"minecraft:stone_bricks":288,"minecraft:stonecutter":1,"minecraft:netherrack":195,"minecraft:oak_leaves":14,"minecraft:deepslate":187,"minecraft:fern":1}},"DataVersion":3953}