{"stats":{"minecraft:killed":{"minecraft:spider":2,"minecraft:skeleton":4,"minecraft:bee":2,"minecraft:creeper":6,"minecraft:pillager":4,"minecraft:zombie":22,"minecraft:enderman":1},"minecraft:picked_up":{"minecraft:spruce_leaves":199,"minecraft:crafting_table":5,"minecraft:coarse_dirt":5,"minecraft:allium":776,"minecraft:azure_bluet":55,"minecraft:ominous_bottle":1,"minecraft:anvil":1,"minecraft:stone_slab":2,"minecraft:cornflower":704,"minecraft:string":1,"minecraft:iron_axe":1,"minecraft:gold_nugget":1,"minecraft:spruce_planks":2,"minecraft:white_tulip":1082,"minecraft:oak_boat":4,"minecraft:lectern":1,"minecraft:sugar_cane":26,"minecraft:chest":7,"minecraft:birch_sapling":19,"minecraft:furnace":5,"minecraft:stick":144,"minecraft:raw_iron":24,"minecraft:torch":50,"minecraft:spruce_stairs":1,"minecraft:spruce_fence":1,"minecraft:arrow":5,"minecraft:rotten_flesh":35,"minecraft:decorated_pot":5,"minecraft:hay_block":16,"minecraft:red_tulip":15,"minecraft:pink_tulip":450,"minecraft:cobblestone":888,"minecraft:stripped_oak_log":2,"minecraft:birch_log":107,"minecraft:andesite":102,"minecraft:fern":1,"minecraft:smoker":1,"minecraft:potato":1,"minecraft:birch_planks":4,"doggytalents:rice_grains":2,"minecraft:oak_log":77,"minecraft:gunpowder":5,"minecraft:dirt":11580,"minecraft:blue_bed":6,"minecraft:lantern":1,"minecraft:white_banner":2,"minecraft:bone":5,"minecraft:apple":4,"minecraft:stone_bricks":22,"minecraft:stonecutter":1,"minecraft:wheat_seeds":387,"minecraft:orange_tulip":169,"minecraft:stone_pickaxe":5,"minecraft:oak_planks":9,"minecraft:book":48,"minecraft:dandelion":738,"minecraft:sand":47,"minecraft:spruce_sapling":132,"minecraft:white_bed":5,"minecraft:spruce_log":419,"minecraft:lily_of_the_valley":112,"minecraft:stone_axe":6,"waystones:waystone":1,"minecraft:short_grass":2,"minecraft:emerald":1,"minecraft:spruce_sign":1,"onlyhammersandexcavators:stone_hammer":3,"minecraft:lodestone":1,"minecraft:oak_sapling":36,"minecraft:coal":607,"minecraft:ender_pearl":1},"minecraft:crafted":{"minecraft:oak_door":3,"minecraft:oak_planks":268,"minecraft:smooth_stone":12,"minecraft:furnace":6,"minecraft:blast_furnace":4,"minecraft:stone":524,"minecraft:glass_pane":32,"minecraft:glass":19,"minecraft:iron_axe":3,"minecraft:stone_pickaxe":3,"minecraft:chest":17,"minecraft:stone_hoe":1,"minecraft:oak_fence":33,"onlyhammersandexcavators:stone_hammer":10,"minecraft:wheat":144,"minecraft:crafting_table":1,"minecraft:spruce_planks":204,"minecraft:wooden_pickaxe":1,"minecraft:iron_sword":1,"minecraft:blue_bed":1,"minecraft:bucket":1,"minecraft:birch_planks":428,"minecraft:stone_axe":3,"minecraft:bread":48,"minecraft:air":0,"minecraft:blue_dye":1,"minecraft:oak_fence_gate":1,"minecraft:oak_boat":1,"minecraft:stick":312,"onlyhammersandexcavators:stone_excavator":82,"minecraft:iron_ingot":24,"minecraft:iron_pickaxe":1,"minecraft:oak_stairs":12,"minecraft:gold_ingot":27,"minecraft:torch":36,"minecraft:shears":1},"minecraft:killed_by":{"minecraft:skeleton":1,"minecraft:zombie":4},"minecraft:custom":{"minecraft:mob_kills":41,"minecraft:interact_with_crafting_table":93,"minecraft:open_barrel":6,"minecraft:leave_game":6,"minecraft:time_since_death":109515,"minecraft:climb_one_cm":386,"minecraft:sprint_one_cm":1252989,"minecraft:walk_one_cm":836913,"minecraft:drop":210,"minecraft:talked_to_villager":1,"minecraft:play_time":449474,"minecraft:deaths":6,"minecraft:sneak_time":12678,"minecraft:walk_under_water_one_cm":6046,"minecraft:boat_one_cm":156754,"minecraft:jump":8084,"minecraft:interact_with_blast_furnace":82,"minecraft:walk_on_water_one_cm":84645,"minecraft:total_world_time":449474,"minecraft:interact_with_furnace":64,"minecraft:interact_with_loom":1,"minecraft:interact_with_stonecutter":7,"minecraft:sleep_in_bed":39,"minecraft:time_since_rest":7417,"minecraft:waystone_activated":1,"minecraft:damage_taken":3784,"minecraft:damage_dealt":7436,"minecraft:swim_one_cm":21688,"minecraft:fly_one_cm":1862288,"minecraft:open_chest":216,"minecraft:crouch_one_cm":57773,"minecraft:interact_with_smoker":7,"minecraft:fall_one_cm":99350},"minecraft:dropped":{"minecraft:bread":21,"minecraft:birch_planks":98,"minecraft:wheat_seeds":190,"minecraft:oak_log":10,"minecraft:decorated_pot":2,"minecraft:orange_tulip":157,"minecraft:spruce_leaves":5,"minecraft:dirt":677,"minecraft:torch":8,"minecraft:cornflower":604,"minecraft:iron_axe":1,"minecraft:dandelion":707,"minecraft:pink_tulip":416,"minecraft:oak_door":3,"minecraft:white_tulip":1017,"minecraft:stone_axe":5,"onlyhammersandexcavators:stone_hammer":3,"minecraft:rotten_flesh":4,"minecraft:oak_planks":6,"minecraft:stripped_oak_log":1,"minecraft:stone_slab":1,"minecraft:azure_bluet":53,"minecraft:white_bed":2,"minecraft:lily_of_the_valley":95,"minecraft:allium":775,"minecraft:chest":3,"minecraft:wooden_pickaxe":1,"minecraft:stone_pickaxe":7,"minecraft:red_tulip":15},"minecraft:broken":{"minecraft:stone_pickaxe":1,"onlyhammersandexcavators:stone_hammer":4,"minecraft:iron_axe":2,"minecraft:stone_axe":3},"minecraft:used":{"minecraft:oak_fence":16,"minecraft:white_tulip":2,"minecraft:spruce_planks":4,"minecraft:decorated_pot":3,"minecraft:chest":21,"minecraft:iron_sword":6,"minecraft:stone_hoe":113,"minecraft:spruce_leaves":2,"minecraft:torch":74,"minecraft:dirt":2312,"minecraft:lily_of_the_valley":1,"minecraft:spruce_stairs":1,"minecraft:allium":1,"minecraft:spruce_fence":1,"minecraft:oak_fence_gate":1,"minecraft:iron_axe":536,"minecraft:birch_sapling":19,"onlyhammersandexcavators:stone_hammer":153,"minecraft:stone_bricks":255,"minecraft:oak_sapling":40,"minecraft:furnace":7,"minecraft:water_bucket":252,"minecraft:pink_tulip":2,"minecraft:birch_planks":255,"minecraft:stone_pickaxe":45,"minecraft:oak_planks":2,"minecraft:wooden_pickaxe":5,"artifacts:eternal_steak":36,"minecraft:stonecutter":1,"minecraft:blue_bed":7,"minecraft:crafting_table":6,"minecraft:blast_furnace":4,"onlyhammersandexcavators:stone_excavator":1802,"minecraft:white_bed":2,"minecraft:spruce_log":233,"minecraft:smoker":1,"minecraft:shears":207,"minecraft:oak_log":1,"waystones:waystone":1,"minecraft:cornflower":4,"minecraft:bread":34,"minecraft:iron_pickaxe":24,"minecraft:stone_slab":1,"minecraft:spruce_sapling":132,"minecraft:stone_axe":360,"minecraft:cobblestone":59,"minecraft:white_banner":2,"minecraft:andesite":1,"minecraft:bucket":253,"minecraft:oak_boat":4,"minecraft:dandelion":5},"minecraft:mined":{"minecraft:spruce_planks":2,"minecraft:white_bed":5,"minecraft:allium":81,"minecraft:grass_block":6438,"minecraft:spruce_fence":1,"minecraft:decorated_pot":1,"minecraft:spruce_leaves":214,"minecraft:large_fern":4,"minecraft:hay_block":16,"minecraft:spruce_sapling":3,"minecraft:furnace":6,"minecraft:andesite":108,"minecraft:anvil":1,"minecraft:azure_bluet":2,"minecraft:bookshelf":16,"minecraft:red_tulip":5,"minecraft:dirt_path":1,"minecraft:lantern":1,"minecraft:stripped_oak_log":1,"minecraft:pink_tulip":22,"minecraft:stone":869,"minecraft:white_tulip":75,"minecraft:lily_of_the_valley":14,"minecraft:smoker":1,"minecraft:dandelion":47,"minecraft:oak_fence":1,"visualworkbench:minecraft/crafting_table":5,"minecraft:cornflower":26,"minecraft:torch":32,"minecraft:short_grass":277,"minecraft:chest":4,"minecraft:lectern":1,"minecraft:stone_slab":1,"minecraft:tall_grass":7,"minecraft:cobblestone":13,"minecraft:sugar_cane":11,"minecraft:oak_planks":1,"minecraft:wall_torch":10,"minecraft:blue_bed":6,"minecraft:birch_sapling":1,"minecraft:spruce_stairs":1,"minecraft:birch_planks":3,"minecraft:coarse_dirt":3,"minecraft:birch_log":123,"minecraft:spruce_log":432,"minecraft:birch_leaves":1,"minecraft:orange_tulip":19,"minecraft:bee_nest":1,"minecraft:oak_log":102,"minecraft:coal_ore":1,"minecraft:sand":47,"minecraft:dirt":4417,"minecraft:lodestone":1,"minecraft:stone_bricks":22,"minecraft:stonecutter":1,"minecraft:oak_leaves":2,"minecraft:fern":1}},"DataVersion":3953}