{"stats":{"minecraft:picked_up":{"minecraft:wheat_seeds":1,"minecraft:pink_tulip":2,"minecraft:spruce_log":3,"minecraft:cornflower":4,"minecraft:dirt":11},"minecraft:crafted":{"minecraft:chest":1,"minecraft:crafting_table":1,"minecraft:spruce_planks":12},"minecraft:custom":{"minecraft:time_since_rest":15806,"minecraft:open_chest":1,"minecraft:crouch_one_cm":352,"minecraft:sprint_one_cm":6132,"minecraft:play_time":15806,"minecraft:damage_taken":101,"minecraft:walk_one_cm":4518,"minecraft:sneak_time":59,"minecraft:jump":79,"minecraft:leave_game":4,"minecraft:time_since_death":15806,"minecraft:total_world_time":15806,"minecraft:interact_with_crafting_table":1,"minecraft:fall_one_cm":1463,"minecraft:fly_one_cm":14778},"minecraft:used":{"minecraft:crafting_table":1,"minecraft:chest":1},"minecraft:mined":{"minecraft:spruce_log":3}},"DataVersion":3953}