{"stats":{"minecraft:picked_up":{"minecraft:crafting_table":1,"minecraft:wheat_seeds":1,"minecraft:pink_tulip":2,"minecraft:spruce_log":3,"minecraft:chest":1,"minecraft:cornflower":4,"minecraft:dirt":13},"minecraft:crafted":{"minecraft:chest":1,"minecraft:crafting_table":1,"minecraft:spruce_planks":12},"minecraft:custom":{"minecraft:time_since_rest":26426,"minecraft:open_chest":2,"minecraft:crouch_one_cm":352,"minecraft:sprint_one_cm":10067,"minecraft:play_time":26426,"minecraft:damage_taken":101,"minecraft:walk_one_cm":5830,"minecraft:sneak_time":59,"minecraft:jump":121,"minecraft:leave_game":5,"minecraft:time_since_death":26426,"minecraft:total_world_time":26426,"minecraft:interact_with_crafting_table":1,"minecraft:fall_one_cm":2984,"minecraft:fly_one_cm":24754},"minecraft:used":{"minecraft:crafting_table":1,"minecraft:chest":1},"minecraft:mined":{"minecraft:short_grass":3,"minecraft:grass_block":2,"minecraft:chest":1,"minecraft:spruce_log":3,"visualworkbench:minecraft/crafting_table":1}},"DataVersion":3953}