{"stats":{"minecraft:killed":{"minecraft:spider":1,"minecraft:zombie":3,"minecraft:bee":2},"minecraft:picked_up":{"minecraft:stripped_oak_log":2,"minecraft:coarse_dirt":5,"minecraft:crafting_table":5,"minecraft:anvil":1,"minecraft:smoker":1,"minecraft:oak_log":13,"minecraft:cornflower":9,"minecraft:blue_bed":2,"minecraft:dirt":310,"minecraft:lantern":1,"minecraft:orange_tulip":2,"minecraft:stonecutter":1,"minecraft:wheat_seeds":12,"minecraft:gold_nugget":1,"minecraft:stone_pickaxe":1,"minecraft:white_tulip":38,"minecraft:oak_boat":4,"minecraft:lectern":1,"minecraft:sugar_cane":26,"minecraft:chest":5,"minecraft:oak_planks":8,"minecraft:book":48,"minecraft:stick":14,"minecraft:torch":7,"minecraft:dandelion":9,"minecraft:spruce_stairs":1,"minecraft:spruce_fence":1,"minecraft:spruce_sapling":9,"minecraft:white_bed":1,"minecraft:spruce_log":24,"minecraft:lily_of_the_valley":2,"minecraft:rotten_flesh":6,"minecraft:stone_axe":6,"minecraft:decorated_pot":5,"waystones:waystone":1,"minecraft:hay_block":16,"minecraft:pink_tulip":4,"minecraft:spruce_sign":1,"minecraft:lodestone":1,"minecraft:oak_sapling":7,"minecraft:coal":39,"minecraft:cobblestone":24},"minecraft:crafted":{"minecraft:oak_planks":12,"minecraft:crafting_table":1,"minecraft:spruce_planks":20,"minecraft:wooden_pickaxe":1,"minecraft:blue_bed":1,"minecraft:stone_axe":1,"minecraft:bread":48,"minecraft:blue_dye":1,"minecraft:oak_boat":1,"minecraft:stick":8,"onlyhammersandexcavators:stone_excavator":4,"minecraft:stone_pickaxe":1,"minecraft:chest":1,"minecraft:torch":12,"onlyhammersandexcavators:stone_hammer":1,"minecraft:wheat":144},"minecraft:killed_by":{"minecraft:skeleton":1},"minecraft:custom":{"minecraft:mob_kills":6,"minecraft:interact_with_crafting_table":17,"minecraft:open_barrel":6,"minecraft:interact_with_loom":1,"minecraft:leave_game":5,"minecraft:time_since_death":64871,"minecraft:sleep_in_bed":3,"minecraft:climb_one_cm":386,"minecraft:waystone_activated":1,"minecraft:time_since_rest":12929,"minecraft:sprint_one_cm":213963,"minecraft:damage_taken":896,"minecraft:walk_one_cm":84185,"minecraft:drop":22,"minecraft:damage_dealt":732,"minecraft:swim_one_cm":5151,"minecraft:talked_to_villager":1,"minecraft:fly_one_cm":417247,"minecraft:open_chest":16,"minecraft:crouch_one_cm":3828,"minecraft:play_time":97537,"minecraft:deaths":2,"minecraft:sneak_time":969,"minecraft:walk_under_water_one_cm":1857,"minecraft:boat_one_cm":156754,"minecraft:jump":1661,"minecraft:walk_on_water_one_cm":2856,"minecraft:total_world_time":97537,"minecraft:fall_one_cm":41806},"minecraft:dropped":{"minecraft:bread":21,"minecraft:stone_axe":5,"minecraft:oak_log":10,"minecraft:decorated_pot":2,"minecraft:rotten_flesh":4,"minecraft:oak_planks":6,"minecraft:stripped_oak_log":1,"minecraft:torch":4,"minecraft:chest":3,"minecraft:stone_pickaxe":1,"minecraft:wooden_pickaxe":1,"minecraft:dandelion":1,"minecraft:pink_tulip":2},"minecraft:used":{"minecraft:pink_tulip":2,"minecraft:white_tulip":2,"minecraft:stone_pickaxe":26,"minecraft:decorated_pot":3,"minecraft:chest":3,"minecraft:wooden_pickaxe":5,"minecraft:blue_bed":3,"minecraft:torch":9,"minecraft:dirt":82,"minecraft:crafting_table":6,"onlyhammersandexcavators:stone_excavator":44,"minecraft:spruce_stairs":1,"minecraft:spruce_fence":1,"minecraft:spruce_log":2,"minecraft:oak_log":1,"waystones:waystone":1,"minecraft:cornflower":4,"minecraft:bread":15,"onlyhammersandexcavators:stone_hammer":1,"minecraft:stone_axe":107,"minecraft:oak_boat":4,"minecraft:dandelion":2},"minecraft:mined":{"minecraft:white_bed":1,"minecraft:smoker":1,"minecraft:dandelion":2,"visualworkbench:minecraft/crafting_table":5,"minecraft:cornflower":1,"minecraft:torch":6,"minecraft:short_grass":29,"minecraft:spruce_fence":1,"minecraft:grass_block":272,"minecraft:decorated_pot":1,"minecraft:chest":2,"minecraft:lectern":1,"minecraft:spruce_leaves":1,"minecraft:wall_torch":1,"minecraft:sugar_cane":11,"minecraft:oak_planks":1,"minecraft:blue_bed":2,"minecraft:spruce_stairs":1,"minecraft:hay_block":16,"minecraft:coarse_dirt":3,"minecraft:spruce_log":24,"minecraft:anvil":1,"minecraft:bee_nest":1,"minecraft:bookshelf":16,"minecraft:coal_ore":1,"minecraft:oak_log":38,"minecraft:lantern":1,"minecraft:dirt":16,"minecraft:stripped_oak_log":1,"minecraft:lodestone":1,"minecraft:white_tulip":7,"minecraft:stonecutter":1,"minecraft:stone":21,"minecraft:oak_leaves":2}},"DataVersion":3953}