{"stats":{"minecraft:killed":{"minecraft:spider":1,"minecraft:bee":2,"minecraft:creeper":1,"minecraft:pillager":2,"minecraft:zombie":3},"minecraft:picked_up":{"minecraft:crafting_table":5,"minecraft:coarse_dirt":5,"minecraft:allium":675,"minecraft:azure_bluet":44,"minecraft:anvil":1,"minecraft:stone_slab":1,"minecraft:cornflower":476,"minecraft:gold_nugget":1,"minecraft:white_tulip":501,"minecraft:oak_boat":4,"minecraft:lectern":1,"minecraft:sugar_cane":26,"minecraft:chest":5,"minecraft:stick":14,"minecraft:raw_iron":11,"minecraft:torch":25,"minecraft:spruce_stairs":1,"minecraft:spruce_fence":1,"minecraft:rotten_flesh":17,"minecraft:decorated_pot":5,"minecraft:hay_block":16,"minecraft:pink_tulip":342,"minecraft:cobblestone":132,"minecraft:stripped_oak_log":2,"minecraft:smoker":1,"minecraft:oak_log":13,"minecraft:gunpowder":1,"minecraft:dirt":2732,"minecraft:blue_bed":5,"minecraft:lantern":1,"minecraft:white_banner":1,"minecraft:stonecutter":1,"minecraft:wheat_seeds":204,"minecraft:orange_tulip":72,"minecraft:stone_pickaxe":1,"minecraft:oak_planks":9,"minecraft:book":48,"minecraft:dandelion":241,"minecraft:spruce_sapling":9,"minecraft:white_bed":2,"minecraft:spruce_log":25,"minecraft:lily_of_the_valley":41,"minecraft:stone_axe":6,"waystones:waystone":1,"minecraft:spruce_sign":1,"onlyhammersandexcavators:stone_hammer":1,"minecraft:lodestone":1,"minecraft:oak_sapling":7,"minecraft:coal":62},"minecraft:crafted":{"minecraft:oak_planks":12,"minecraft:furnace":1,"minecraft:stone_pickaxe":1,"minecraft:chest":1,"onlyhammersandexcavators:stone_hammer":2,"minecraft:wheat":144,"minecraft:crafting_table":1,"minecraft:spruce_planks":92,"minecraft:wooden_pickaxe":1,"minecraft:blue_bed":1,"minecraft:bucket":1,"minecraft:stone_axe":2,"minecraft:bread":48,"minecraft:air":0,"minecraft:blue_dye":1,"minecraft:oak_boat":1,"minecraft:stick":108,"onlyhammersandexcavators:stone_excavator":20,"minecraft:iron_ingot":3,"minecraft:torch":16},"minecraft:killed_by":{"minecraft:skeleton":1,"minecraft:zombie":1},"minecraft:custom":{"minecraft:mob_kills":9,"minecraft:interact_with_crafting_table":33,"minecraft:open_barrel":6,"minecraft:leave_game":5,"minecraft:time_since_death":81154,"minecraft:climb_one_cm":386,"minecraft:sprint_one_cm":541473,"minecraft:walk_one_cm":245269,"minecraft:drop":86,"minecraft:talked_to_villager":1,"minecraft:play_time":181537,"minecraft:deaths":3,"minecraft:sneak_time":4318,"minecraft:walk_under_water_one_cm":4889,"minecraft:boat_one_cm":156754,"minecraft:jump":3467,"minecraft:walk_on_water_one_cm":54149,"minecraft:total_world_time":181537,"minecraft:interact_with_furnace":6,"minecraft:interact_with_loom":1,"minecraft:sleep_in_bed":10,"minecraft:time_since_rest":10919,"minecraft:waystone_activated":1,"minecraft:damage_taken":1431,"minecraft:damage_dealt":1217,"minecraft:swim_one_cm":16772,"minecraft:fly_one_cm":845189,"minecraft:open_chest":28,"minecraft:crouch_one_cm":20810,"minecraft:fall_one_cm":59255},"minecraft:dropped":{"minecraft:bread":21,"minecraft:wheat_seeds":173,"minecraft:oak_log":10,"minecraft:decorated_pot":2,"minecraft:orange_tulip":60,"minecraft:torch":4,"minecraft:cornflower":423,"minecraft:dandelion":226,"minecraft:pink_tulip":340,"minecraft:white_tulip":441,"minecraft:stone_axe":5,"onlyhammersandexcavators:stone_hammer":1,"minecraft:rotten_flesh":4,"minecraft:oak_planks":6,"minecraft:stripped_oak_log":1,"minecraft:stone_slab":1,"minecraft:azure_bluet":44,"minecraft:white_bed":1,"minecraft:lily_of_the_valley":40,"minecraft:allium":675,"minecraft:chest":3,"minecraft:wooden_pickaxe":1,"minecraft:stone_pickaxe":1},"minecraft:broken":{"minecraft:stone_axe":1},"minecraft:used":{"minecraft:white_tulip":2,"minecraft:decorated_pot":3,"minecraft:chest":3,"minecraft:torch":35,"minecraft:dirt":1233,"minecraft:spruce_stairs":1,"minecraft:spruce_fence":1,"onlyhammersandexcavators:stone_hammer":15,"minecraft:furnace":1,"minecraft:water_bucket":151,"minecraft:pink_tulip":2,"minecraft:stone_pickaxe":40,"minecraft:wooden_pickaxe":5,"minecraft:blue_bed":6,"minecraft:crafting_table":6,"onlyhammersandexcavators:stone_excavator":448,"minecraft:spruce_log":2,"minecraft:oak_log":1,"waystones:waystone":1,"minecraft:cornflower":4,"minecraft:bread":34,"minecraft:stone_axe":126,"minecraft:cobblestone":5,"minecraft:white_banner":1,"minecraft:bucket":152,"minecraft:oak_boat":4,"minecraft:dandelion":2},"minecraft:mined":{"minecraft:white_bed":2,"minecraft:allium":61,"minecraft:grass_block":2346,"minecraft:spruce_fence":1,"minecraft:decorated_pot":1,"minecraft:spruce_leaves":1,"minecraft:hay_block":16,"minecraft:anvil":1,"minecraft:bookshelf":16,"minecraft:lantern":1,"minecraft:stripped_oak_log":1,"minecraft:pink_tulip":13,"minecraft:stone":129,"minecraft:white_tulip":50,"minecraft:lily_of_the_valley":5,"minecraft:smoker":1,"minecraft:dandelion":12,"visualworkbench:minecraft/crafting_table":5,"minecraft:cornflower":19,"minecraft:torch":13,"minecraft:short_grass":171,"minecraft:chest":2,"minecraft:lectern":1,"minecraft:stone_slab":1,"minecraft:tall_grass":5,"minecraft:oak_planks":1,"minecraft:sugar_cane":11,"minecraft:blue_bed":5,"minecraft:wall_torch":4,"minecraft:spruce_stairs":1,"minecraft:coarse_dirt":3,"minecraft:spruce_log":34,"minecraft:orange_tulip":4,"minecraft:bee_nest":1,"minecraft:oak_log":38,"minecraft:coal_ore":1,"minecraft:dirt":342,"minecraft:lodestone":1,"minecraft:stonecutter":1,"minecraft:oak_leaves":2}},"DataVersion":3953}