{"stats":{"minecraft:broken":{"minecraft:stone_pickaxe":3,"minecraft:stone_axe":3,"minecraft:stone_shovel":1,"minecraft:stone_hoe":2,"onlyhammersandexcavators:stone_hammer":4,"minecraft:iron_axe":5,"minecraft:iron_pickaxe":6},"minecraft:mined":{"minecraft:spruce_planks":140,"minecraft:white_bed":5,"minecraft:obsidian":35,"minecraft:spruce_trapdoor":11,"minecraft:grass_block":6454,"minecraft:composter":1,"minecraft:tuff_bricks":6,"minecraft:magma_block":32,"minecraft:glowstone":22,"minecraft:fire":5,"minecraft:fletching_table":2,"minecraft:anvil":1,"minecraft:azure_bluet":2,"minecraft:red_tulip":5,"minecraft:dirt_path":1,"minecraft:oak_stairs":4,"minecraft:pink_tulip":22,"minecraft:spruce_slab":10,"minecraft:smoker":1,"minecraft:crimson_nylium":26,"visualworkbench:minecraft/crafting_table":5,"minecraft:torch":58,"minecraft:chest":4,"minecraft:cobblestone":106,"minecraft:sugar_cane":11,"minecraft:oak_planks":56,"minecraft:wall_torch":94,"minecraft:birch_sapling":1,"minecraft:birch_log":149,"minecraft:wheat":21,"minecraft:orange_tulip":19,"minecraft:oak_log":467,"minecraft:sand":47,"minecraft:dirt":4581,"minecraft:stonecutter":3,"minecraft:netherrack":351,"minecraft:oak_leaves":23,"minecraft:deepslate":240,"minecraft:tuff":35,"minecraft:allium":81,"minecraft:spruce_fence":1,"minecraft:decorated_pot":1,"minecraft:spruce_leaves":230,"animal_feeding_trough:feeding_trough":2,"minecraft:large_fern":4,"minecraft:hay_block":24,"minecraft:spruce_sapling":7,"minecraft:furnace":6,"minecraft:carrots":10,"minecraft:andesite":409,"minecraft:stripped_spruce_log":1,"minecraft:bookshelf":16,"minecraft:potatoes":27,"minecraft:deepslate_iron_ore":1,"minecraft:lantern":1,"minecraft:stripped_oak_log":1,"minecraft:stone":5350,"minecraft:white_tulip":75,"minecraft:glass_pane":5,"minecraft:soul_sand":2,"minecraft:lily_of_the_valley":14,"minecraft:dandelion":47,"minecraft:oak_fence":1,"minecraft:cornflower":26,"minecraft:short_grass":278,"minecraft:lectern":3,"minecraft:stone_slab":2,"minecraft:tall_grass":7,"minecraft:blue_bed":6,"minecraft:spruce_stairs":108,"minecraft:birch_planks":52,"minecraft:coarse_dirt":3,"minecraft:beehive":1,"minecraft:spruce_log":1207,"minecraft:birch_leaves":1,"minecraft:bee_nest":1,"minecraft:coal_ore":2,"minecraft:gravel":114,"minecraft:lodestone":1,"minecraft:stone_bricks":295,"minecraft:fern":1},"minecraft:crafted":{"minecraft:oak_planks":620,"minecraft:smooth_stone":12,"minecraft:birch_slab":36,"minecraft:stone":1914,"minecraft:bookshelf":17,"minecraft:glass":47,"minecraft:chest":17,"minecraft:stone_hoe":3,"minecraft:oak_fence":33,"onlyhammersandexcavators:stone_hammer":42,"minecraft:redstone_lamp":17,"minecraft:oak_slab":12,"minecraft:emerald":54,"minecraft:diamond_axe":1,"minecraft:crafting_table":2,"minecraft:spruce_planks":1922,"minecraft:wooden_pickaxe":1,"minecraft:fletching_table":2,"minecraft:birch_planks":532,"minecraft:spruce_trapdoor":44,"minecraft:lectern":17,"minecraft:diamond_pickaxe":2,"minecraft:stick":2028,"minecraft:iron_ingot":52,"minecraft:iron_pickaxe":8,"minecraft:gold_ingot":27,"animal_feeding_trough:feeding_trough":1,"minecraft:shears":1,"minecraft:oak_door":3,"minecraft:redstone":27,"minecraft:stone_shovel":1,"minecraft:furnace":6,"minecraft:blast_furnace":4,"minecraft:glass_pane":112,"minecraft:flint_and_steel":1,"minecraft:spruce_stairs":212,"minecraft:iron_axe":5,"minecraft:spruce_slab":36,"minecraft:stone_pickaxe":5,"minecraft:redstone_block":18,"minecraft:wheat":144,"minecraft:iron_sword":1,"minecraft:blue_bed":1,"minecraft:bucket":1,"minecraft:stone_axe":4,"minecraft:enchanted_book":1,"minecraft:bread":48,"minecraft:air":0,"minecraft:blue_dye":1,"minecraft:oak_boat":1,"minecraft:oak_fence_gate":1,"onlyhammersandexcavators:stone_excavator":85,"minecraft:oak_stairs":32,"minecraft:torch":148},"minecraft:killed_by":{"minecraft:zombie":4,"minecraft:enderman":2,"minecraft:skeleton":1},"minecraft:dropped":{"minecraft:birch_planks":98,"minecraft:oak_log":10,"minecraft:decorated_pot":2,"minecraft:orange_tulip":157,"minecraft:fletching_table":1,"minecraft:spruce_leaves":5,"minecraft:dirt":677,"minecraft:cornflower":604,"minecraft:iron_pickaxe":6,"minecraft:oak_door":3,"minecraft:white_tulip":1017,"minecraft:stone_axe":5,"onlyhammersandexcavators:stone_hammer":29,"minecraft:rotten_flesh":10,"minecraft:oak_planks":90,"minecraft:azure_bluet":53,"minecraft:white_bed":2,"minecraft:chest":3,"minecraft:lectern":16,"minecraft:iron_ingot":2,"minecraft:bread":21,"minecraft:wheat_seeds":190,"minecraft:cobblestone":2195,"minecraft:torch":8,"minecraft:iron_axe":3,"minecraft:dandelion":708,"minecraft:pink_tulip":416,"minecraft:stripped_oak_log":1,"minecraft:stone_slab":1,"minecraft:lily_of_the_valley":95,"minecraft:allium":775,"minecraft:spruce_planks":42,"minecraft:diamond_pickaxe":1,"minecraft:stone_bricks":43,"minecraft:spruce_log":1,"minecraft:stone_pickaxe":7,"minecraft:wooden_pickaxe":1,"minecraft:red_tulip":15},"minecraft:used":{"minecraft:tuff_bricks":6,"minecraft:spruce_slab":21,"minecraft:decorated_pot":3,"minecraft:chest":21,"minecraft:stone":24,"minecraft:iron_sword":131,"minecraft:spruce_leaves":161,"minecraft:lily_of_the_valley":1,"minecraft:carrot":29,"minecraft:allium":1,"minecraft:tuff":1,"minecraft:obsidian":22,"minecraft:birch_sapling":28,"onlyhammersandexcavators:stone_hammer":660,"minecraft:stone_bricks":1058,"minecraft:redstone_lamp":15,"minecraft:furnace":7,"minecraft:oak_sapling":100,"minecraft:potato":95,"minecraft:oak_planks":456,"minecraft:stone_pickaxe":193,"minecraft:wooden_pickaxe":5,"artifacts:eternal_steak":85,"minecraft:redstone_block":15,"minecraft:composter":1,"minecraft:blue_bed":7,"minecraft:diamond_axe":698,"onlyhammersandexcavators:stone_excavator":1833,"minecraft:blast_furnace":4,"minecraft:shears":207,"waystones:waystone":1,"minecraft:bread":34,"minecraft:lectern":6,"minecraft:gravel":65,"minecraft:andesite":195,"minecraft:oak_boat":4,"minecraft:oak_fence":16,"minecraft:white_tulip":3,"minecraft:flint_and_steel":1,"minecraft:stone_shovel":131,"minecraft:spruce_planks":475,"minecraft:stone_hoe":368,"minecraft:netherrack":322,"minecraft:torch":267,"minecraft:dirt":2668,"minecraft:anvil":1,"minecraft:spruce_stairs":309,"minecraft:spruce_fence":1,"minecraft:oak_fence_gate":1,"minecraft:iron_axe":1526,"minecraft:oak_stairs":20,"minecraft:wheat_seeds":88,"minecraft:water_bucket":267,"minecraft:pink_tulip":2,"minecraft:birch_planks":349,"minecraft:fletching_table":4,"minecraft:stonecutter":3,"minecraft:deepslate_bricks":18,"animal_feeding_trough:feeding_trough":3,"minecraft:crafting_table":7,"minecraft:white_bed":2,"minecraft:spruce_log":386,"minecraft:smoker":1,"minecraft:oak_log":1,"minecraft:diamond_pickaxe":408,"minecraft:cornflower":4,"minecraft:iron_pickaxe":1621,"minecraft:stone_slab":1,"minecraft:spruce_trapdoor":50,"minecraft:spruce_sapling":254,"minecraft:stone_axe":360,"minecraft:cobblestone":996,"minecraft:white_banner":2,"minecraft:bucket":268,"minecraft:glass_pane":69,"minecraft:dandelion":5},"minecraft:custom":{"minecraft:animals_bred":7,"minecraft:interact_with_crafting_table":168,"minecraft:open_barrel":8,"minecraft:leave_game":10,"minecraft:time_since_death":240383,"minecraft:sprint_one_cm":2542211,"minecraft:drop":307,"minecraft:talked_to_villager":28,"minecraft:play_time":944619,"minecraft:deaths":8,"minecraft:jump":13468,"minecraft:walk_on_water_one_cm":109245,"minecraft:interact_with_furnace":65,"minecraft:traded_with_villager":55,"minecraft:interact_with_loom":1,"minecraft:sleep_in_bed":57,"minecraft:waystone_activated":1,"minecraft:damage_dealt":12802,"minecraft:crouch_one_cm":118194,"minecraft:interact_with_smoker":9,"minecraft:interact_with_smithing_table":2,"minecraft:mob_kills":72,"minecraft:interact_with_anvil":1,"minecraft:climb_one_cm":386,"minecraft:walk_one_cm":2131987,"minecraft:sneak_time":27115,"minecraft:walk_under_water_one_cm":8925,"minecraft:boat_one_cm":156754,"minecraft:interact_with_blast_furnace":170,"minecraft:total_world_time":944619,"minecraft:interact_with_stonecutter":17,"minecraft:time_since_rest":28723,"minecraft:damage_taken":6350,"minecraft:swim_one_cm":31120,"minecraft:fly_one_cm":2881777,"minecraft:open_chest":505,"minecraft:fall_one_cm":150649},"minecraft:killed":{"mobs_of_mythology:chupacabra":1,"minecraft:spider":5,"minecraft:skeleton":5,"minecraft:bee":2,"minecraft:creeper":6,"minecraft:pillager":6,"minecraft:zombie":41,"minecraft:enderman":3},"minecraft:picked_up":{"minecraft:wheat":52,"minecraft:anvil":1,"minecraft:stone_slab":3,"minecraft:oak_stairs":4,"minecraft:string":4,"minecraft:gold_nugget":1,"minecraft:cobbled_deepslate":240,"minecraft:spruce_planks":199,"minecraft:white_tulip":1083,"minecraft:iron_pickaxe":6,"minecraft:furnace":5,"mobs_of_mythology:chupacabra_meat":3,"minecraft:beehive":1,"minecraft:stick":350,"minecraft:composter":1,"minecraft:torch":165,"minecraft:spruce_stairs":108,"animal_feeding_trough:feeding_trough":2,"minecraft:rotten_flesh":59,"minecraft:red_tulip":15,"minecraft:glowstone":22,"minecraft:obsidian":34,"minecraft:cobblestone":7446,"minecraft:birch_log":133,"minecraft:magma_block":32,"minecraft:andesite":403,"minecraft:smoker":1,"minecraft:potato":104,"minecraft:flint":6,"minecraft:tuff":35,"minecraft:lapis_lazuli":19,"minecraft:dirt":11777,"minecraft:lantern":1,"minecraft:bone":8,"minecraft:stonecutter":3,"minecraft:orange_tulip":169,"minecraft:wheat_seeds":446,"minecraft:raw_gold":4,"minecraft:fletching_table":3,"minecraft:oak_planks":143,"minecraft:sand":47,"minecraft:stripped_spruce_log":1,"minecraft:lily_of_the_valley":112,"minecraft:diamond":41,"waystones:waystone":1,"minecraft:spruce_sign":1,"minecraft:emerald":3,"minecraft:oak_sapling":221,"minecraft:netherrack":368,"minecraft:diamond_pickaxe":1,"minecraft:spruce_leaves":199,"minecraft:crafting_table":5,"minecraft:coarse_dirt":5,"minecraft:allium":776,"minecraft:azure_bluet":55,"minecraft:ominous_bottle":1,"minecraft:cornflower":704,"minecraft:iron_axe":3,"minecraft:oak_boat":4,"minecraft:spruce_slab":10,"minecraft:lectern":19,"minecraft:chest":7,"minecraft:sugar_cane":26,"minecraft:birch_sapling":28,"minecraft:spruce_trapdoor":11,"minecraft:raw_iron":101,"minecraft:spruce_fence":1,"minecraft:carrot":29,"minecraft:redstone":205,"minecraft:arrow":9,"minecraft:decorated_pot":5,"minecraft:hay_block":24,"minecraft:pink_tulip":450,"minecraft:tuff_bricks":6,"minecraft:mutton":2,"minecraft:white_wool":1,"minecraft:stripped_oak_log":2,"minecraft:fern":1,"minecraft:birch_planks":53,"doggytalents:rice_grains":2,"minecraft:oak_log":438,"minecraft:gunpowder":5,"minecraft:blue_bed":6,"minecraft:white_banner":2,"minecraft:apple":23,"minecraft:stone_bricks":338,"minecraft:iron_ingot":2,"minecraft:stone_pickaxe":5,"minecraft:soul_sand":2,"minecraft:book":48,"minecraft:dandelion":739,"minecraft:gravel":108,"minecraft:spruce_sapling":254,"minecraft:white_bed":5,"minecraft:spruce_log":1196,"minecraft:stone_axe":6,"minecraft:short_grass":2,"onlyhammersandexcavators:stone_hammer":29,"minecraft:lodestone":1,"minecraft:coal":971,"minecraft:ender_pearl":3}},"DataVersion":3953}