{"stats":{"minecraft:killed":{"mobs_of_mythology:chupacabra":1,"minecraft:spider":4,"minecraft:skeleton":5,"minecraft:bee":2,"minecraft:creeper":6,"minecraft:pillager":6,"minecraft:zombie":31,"minecraft:enderman":3},"minecraft:picked_up":{"minecraft:spruce_leaves":199,"minecraft:coarse_dirt":5,"minecraft:crafting_table":5,"minecraft:wheat":22,"minecraft:allium":776,"minecraft:azure_bluet":55,"minecraft:ominous_bottle":1,"minecraft:anvil":1,"minecraft:stone_slab":3,"minecraft:oak_stairs":4,"minecraft:cornflower":704,"minecraft:string":3,"minecraft:iron_axe":1,"minecraft:gold_nugget":1,"minecraft:cobbled_deepslate":187,"minecraft:spruce_planks":130,"minecraft:white_tulip":1082,"minecraft:oak_boat":4,"minecraft:iron_pickaxe":6,"minecraft:spruce_slab":10,"minecraft:lectern":1,"minecraft:sugar_cane":26,"minecraft:chest":7,"minecraft:birch_sapling":28,"minecraft:spruce_trapdoor":11,"minecraft:furnace":5,"mobs_of_mythology:chupacabra_meat":2,"minecraft:stick":240,"minecraft:raw_iron":94,"minecraft:torch":129,"minecraft:spruce_stairs":100,"minecraft:spruce_fence":1,"minecraft:carrot":4,"minecraft:redstone":37,"minecraft:arrow":9,"minecraft:rotten_flesh":43,"minecraft:decorated_pot":5,"minecraft:hay_block":24,"minecraft:red_tulip":15,"minecraft:pink_tulip":450,"minecraft:cobblestone":6808,"minecraft:stripped_oak_log":2,"minecraft:birch_log":133,"minecraft:andesite":374,"minecraft:fern":1,"minecraft:smoker":1,"minecraft:potato":21,"minecraft:birch_planks":53,"doggytalents:rice_grains":2,"minecraft:flint":2,"minecraft:tuff":29,"minecraft:oak_log":175,"minecraft:gunpowder":5,"minecraft:lapis_lazuli":19,"minecraft:dirt":11748,"minecraft:blue_bed":6,"minecraft:lantern":1,"minecraft:white_banner":2,"minecraft:raw_gold":4,"minecraft:bone":8,"minecraft:apple":11,"minecraft:stone_bricks":286,"minecraft:stonecutter":1,"minecraft:wheat_seeds":446,"minecraft:orange_tulip":169,"minecraft:iron_ingot":2,"minecraft:stone_pickaxe":5,"minecraft:oak_planks":114,"minecraft:book":48,"minecraft:dandelion":739,"minecraft:gravel":19,"minecraft:sand":47,"minecraft:spruce_sapling":195,"minecraft:white_bed":5,"minecraft:spruce_log":612,"minecraft:lily_of_the_valley":112,"minecraft:diamond":36,"minecraft:stone_axe":6,"waystones:waystone":1,"minecraft:short_grass":2,"minecraft:emerald":3,"onlyhammersandexcavators:stone_hammer":23,"minecraft:spruce_sign":1,"minecraft:lodestone":1,"minecraft:oak_sapling":96,"minecraft:coal":971,"minecraft:ender_pearl":3},"minecraft:crafted":{"minecraft:oak_door":3,"minecraft:smooth_stone":12,"minecraft:oak_planks":592,"minecraft:stone_shovel":1,"minecraft:furnace":6,"minecraft:blast_furnace":4,"minecraft:stone":1619,"minecraft:glass_pane":112,"minecraft:glass":47,"minecraft:spruce_stairs":200,"minecraft:iron_axe":5,"minecraft:spruce_slab":24,"minecraft:stone_pickaxe":5,"minecraft:chest":17,"minecraft:stone_hoe":3,"minecraft:oak_fence":33,"onlyhammersandexcavators:stone_hammer":35,"minecraft:wheat":144,"minecraft:crafting_table":2,"minecraft:spruce_planks":910,"minecraft:wooden_pickaxe":1,"minecraft:iron_sword":1,"minecraft:blue_bed":1,"minecraft:birch_planks":532,"minecraft:bucket":1,"minecraft:stone_axe":4,"minecraft:bread":48,"minecraft:air":0,"minecraft:blue_dye":1,"minecraft:oak_fence_gate":1,"minecraft:oak_boat":1,"minecraft:spruce_trapdoor":44,"minecraft:stick":344,"onlyhammersandexcavators:stone_excavator":85,"minecraft:iron_ingot":52,"minecraft:iron_pickaxe":8,"minecraft:oak_stairs":32,"minecraft:gold_ingot":27,"minecraft:torch":148,"minecraft:shears":1},"minecraft:killed_by":{"minecraft:enderman":2,"minecraft:skeleton":1,"minecraft:zombie":4},"minecraft:custom":{"minecraft:interact_with_smithing_table":2,"minecraft:mob_kills":60,"minecraft:interact_with_crafting_table":149,"minecraft:open_barrel":8,"minecraft:leave_game":8,"minecraft:time_since_death":39078,"minecraft:climb_one_cm":386,"minecraft:sprint_one_cm":2065402,"minecraft:walk_one_cm":1760179,"minecraft:drop":287,"minecraft:talked_to_villager":1,"minecraft:play_time":743314,"minecraft:deaths":8,"minecraft:sneak_time":19695,"minecraft:walk_under_water_one_cm":8888,"minecraft:boat_one_cm":156754,"minecraft:jump":11651,"minecraft:interact_with_blast_furnace":155,"minecraft:walk_on_water_one_cm":103909,"minecraft:total_world_time":743314,"minecraft:interact_with_furnace":65,"minecraft:interact_with_loom":1,"minecraft:interact_with_stonecutter":13,"minecraft:sleep_in_bed":51,"minecraft:time_since_rest":30158,"minecraft:waystone_activated":1,"minecraft:damage_taken":5319,"minecraft:damage_dealt":10961,"minecraft:swim_one_cm":31120,"minecraft:fly_one_cm":2504727,"minecraft:open_chest":312,"minecraft:crouch_one_cm":83227,"minecraft:interact_with_smoker":8,"minecraft:fall_one_cm":132151},"minecraft:dropped":{"minecraft:iron_ingot":2,"minecraft:bread":21,"minecraft:birch_planks":98,"minecraft:wheat_seeds":190,"minecraft:oak_log":10,"minecraft:decorated_pot":2,"minecraft:orange_tulip":157,"minecraft:cobblestone":2166,"minecraft:spruce_leaves":5,"minecraft:dirt":677,"minecraft:torch":8,"minecraft:cornflower":604,"minecraft:iron_axe":1,"minecraft:iron_pickaxe":6,"minecraft:dandelion":708,"minecraft:pink_tulip":416,"minecraft:oak_door":3,"minecraft:white_tulip":1017,"minecraft:stone_axe":5,"onlyhammersandexcavators:stone_hammer":23,"minecraft:rotten_flesh":4,"minecraft:oak_planks":71,"minecraft:stripped_oak_log":1,"minecraft:stone_slab":1,"minecraft:azure_bluet":53,"minecraft:white_bed":2,"minecraft:lily_of_the_valley":95,"minecraft:allium":775,"minecraft:chest":3,"minecraft:stone_pickaxe":7,"minecraft:wooden_pickaxe":1,"minecraft:red_tulip":15},"minecraft:broken":{"minecraft:stone_hoe":2,"minecraft:stone_pickaxe":3,"onlyhammersandexcavators:stone_hammer":4,"minecraft:iron_axe":4,"minecraft:stone_axe":3,"minecraft:iron_pickaxe":6,"minecraft:stone_shovel":1},"minecraft:used":{"minecraft:oak_fence":16,"minecraft:white_tulip":2,"minecraft:spruce_slab":21,"minecraft:stone_shovel":131,"minecraft:chest":21,"minecraft:decorated_pot":3,"minecraft:spruce_planks":374,"minecraft:stone":1,"minecraft:iron_sword":92,"minecraft:stone_hoe":367,"minecraft:spruce_leaves":2,"minecraft:torch":230,"minecraft:dirt":2621,"minecraft:lily_of_the_valley":1,"minecraft:spruce_stairs":292,"minecraft:carrot":4,"minecraft:allium":1,"minecraft:spruce_fence":1,"minecraft:oak_fence_gate":1,"minecraft:iron_axe":1247,"minecraft:oak_stairs":20,"minecraft:birch_sapling":28,"onlyhammersandexcavators:stone_hammer":583,"minecraft:stone_bricks":980,"minecraft:oak_sapling":100,"minecraft:furnace":7,"minecraft:potato":20,"minecraft:wheat_seeds":88,"minecraft:water_bucket":260,"minecraft:pink_tulip":2,"minecraft:birch_planks":349,"minecraft:stone_pickaxe":193,"minecraft:oak_planks":359,"minecraft:wooden_pickaxe":5,"artifacts:eternal_steak":65,"minecraft:blue_bed":7,"minecraft:stonecutter":1,"onlyhammersandexcavators:stone_excavator":1810,"minecraft:blast_furnace":4,"minecraft:crafting_table":7,"minecraft:white_bed":2,"minecraft:spruce_log":307,"minecraft:smoker":1,"minecraft:shears":207,"minecraft:oak_log":1,"waystones:waystone":1,"minecraft:cornflower":4,"minecraft:bread":34,"minecraft:iron_pickaxe":1407,"minecraft:spruce_trapdoor":50,"minecraft:stone_slab":1,"minecraft:gravel":19,"minecraft:spruce_sapling":195,"minecraft:stone_axe":360,"minecraft:cobblestone":950,"minecraft:white_banner":2,"minecraft:andesite":166,"minecraft:bucket":261,"minecraft:glass_pane":69,"minecraft:oak_boat":4,"minecraft:dandelion":5},"minecraft:mined":{"minecraft:tuff":29,"minecraft:white_bed":5,"minecraft:spruce_planks":123,"minecraft:spruce_trapdoor":11,"minecraft:allium":81,"minecraft:grass_block":6446,"minecraft:spruce_fence":1,"minecraft:decorated_pot":1,"minecraft:spruce_leaves":216,"minecraft:large_fern":4,"minecraft:hay_block":24,"minecraft:spruce_sapling":3,"minecraft:furnace":6,"minecraft:carrots":3,"minecraft:andesite":380,"minecraft:anvil":1,"minecraft:azure_bluet":2,"minecraft:bookshelf":16,"minecraft:red_tulip":5,"minecraft:potatoes":6,"minecraft:dirt_path":1,"minecraft:oak_stairs":4,"minecraft:lantern":1,"minecraft:stripped_oak_log":1,"minecraft:pink_tulip":22,"minecraft:white_tulip":75,"minecraft:stone":4751,"minecraft:spruce_slab":10,"minecraft:glass_pane":5,"minecraft:lily_of_the_valley":14,"minecraft:smoker":1,"minecraft:dandelion":47,"minecraft:oak_fence":1,"visualworkbench:minecraft/crafting_table":5,"minecraft:cornflower":26,"minecraft:torch":49,"minecraft:short_grass":278,"minecraft:chest":4,"minecraft:lectern":1,"minecraft:tall_grass":7,"minecraft:stone_slab":2,"minecraft:cobblestone":94,"minecraft:oak_planks":41,"minecraft:sugar_cane":11,"minecraft:blue_bed":6,"minecraft:wall_torch":71,"minecraft:birch_sapling":1,"minecraft:spruce_stairs":100,"minecraft:birch_planks":52,"minecraft:coarse_dirt":3,"minecraft:birch_log":149,"minecraft:wheat":21,"minecraft:spruce_log":626,"minecraft:birch_leaves":1,"minecraft:orange_tulip":19,"minecraft:bee_nest":1,"minecraft:oak_log":200,"minecraft:coal_ore":2,"minecraft:gravel":21,"minecraft:dirt":4576,"minecraft:sand":47,"minecraft:lodestone":1,"minecraft:stonecutter":1,"minecraft:stone_bricks":286,"minecraft:oak_leaves":11,"minecraft:deepslate":187,"minecraft:fern":1}},"DataVersion":3953}