{"stats":{"minecraft:killed":{"minecraft:spider":1,"minecraft:bee":2,"minecraft:creeper":3,"minecraft:pillager":2,"minecraft:zombie":7},"minecraft:picked_up":{"minecraft:crafting_table":5,"minecraft:coarse_dirt":5,"minecraft:allium":775,"minecraft:azure_bluet":55,"minecraft:anvil":1,"minecraft:stone_slab":1,"minecraft:cornflower":699,"minecraft:gold_nugget":1,"minecraft:white_tulip":906,"minecraft:oak_boat":4,"minecraft:lectern":1,"minecraft:sugar_cane":26,"minecraft:chest":5,"minecraft:birch_sapling":1,"minecraft:stick":14,"minecraft:raw_iron":11,"minecraft:torch":31,"minecraft:spruce_stairs":1,"minecraft:spruce_fence":1,"minecraft:rotten_flesh":23,"minecraft:decorated_pot":5,"minecraft:hay_block":16,"minecraft:pink_tulip":450,"minecraft:cobblestone":340,"minecraft:stripped_oak_log":2,"minecraft:birch_log":8,"minecraft:smoker":1,"minecraft:potato":1,"doggytalents:rice_grains":1,"minecraft:oak_log":13,"minecraft:gunpowder":5,"minecraft:dirt":9038,"minecraft:blue_bed":6,"minecraft:lantern":1,"minecraft:white_banner":1,"minecraft:stonecutter":1,"minecraft:wheat_seeds":303,"minecraft:orange_tulip":78,"minecraft:stone_pickaxe":1,"minecraft:oak_planks":9,"minecraft:book":48,"minecraft:dandelion":358,"minecraft:spruce_sapling":10,"minecraft:white_bed":4,"minecraft:spruce_log":52,"minecraft:lily_of_the_valley":89,"minecraft:stone_axe":6,"waystones:waystone":1,"minecraft:spruce_sign":1,"onlyhammersandexcavators:stone_hammer":2,"minecraft:lodestone":1,"minecraft:oak_sapling":7,"minecraft:coal":96},"minecraft:crafted":{"minecraft:oak_planks":12,"minecraft:furnace":1,"minecraft:stone_pickaxe":1,"minecraft:chest":14,"onlyhammersandexcavators:stone_hammer":6,"minecraft:wheat":144,"minecraft:crafting_table":1,"minecraft:spruce_planks":200,"minecraft:wooden_pickaxe":1,"minecraft:blue_bed":1,"minecraft:bucket":1,"minecraft:stone_axe":2,"minecraft:bread":48,"minecraft:air":0,"minecraft:blue_dye":1,"minecraft:oak_boat":1,"minecraft:stick":168,"onlyhammersandexcavators:stone_excavator":63,"minecraft:iron_ingot":3,"minecraft:torch":16},"minecraft:killed_by":{"minecraft:skeleton":1,"minecraft:zombie":2},"minecraft:custom":{"minecraft:mob_kills":15,"minecraft:interact_with_crafting_table":49,"minecraft:open_barrel":6,"minecraft:leave_game":5,"minecraft:time_since_death":54949,"minecraft:climb_one_cm":386,"minecraft:sprint_one_cm":761843,"minecraft:walk_one_cm":429410,"minecraft:drop":133,"minecraft:talked_to_villager":1,"minecraft:play_time":241537,"minecraft:deaths":4,"minecraft:sneak_time":5277,"minecraft:walk_under_water_one_cm":4889,"minecraft:boat_one_cm":156754,"minecraft:jump":4487,"minecraft:walk_on_water_one_cm":56074,"minecraft:total_world_time":241537,"minecraft:interact_with_furnace":14,"minecraft:interact_with_loom":1,"minecraft:sleep_in_bed":17,"minecraft:time_since_rest":12664,"minecraft:waystone_activated":1,"minecraft:damage_taken":1751,"minecraft:damage_dealt":2117,"minecraft:swim_one_cm":16772,"minecraft:fly_one_cm":1089797,"minecraft:open_chest":79,"minecraft:crouch_one_cm":25898,"minecraft:fall_one_cm":62634},"minecraft:dropped":{"minecraft:bread":21,"minecraft:wheat_seeds":190,"minecraft:oak_log":10,"minecraft:decorated_pot":2,"minecraft:orange_tulip":62,"minecraft:dirt":576,"minecraft:torch":4,"minecraft:cornflower":599,"minecraft:dandelion":276,"minecraft:pink_tulip":416,"minecraft:white_tulip":826,"minecraft:stone_axe":5,"onlyhammersandexcavators:stone_hammer":2,"minecraft:rotten_flesh":4,"minecraft:oak_planks":6,"minecraft:stripped_oak_log":1,"minecraft:stone_slab":1,"minecraft:azure_bluet":53,"minecraft:white_bed":1,"minecraft:lily_of_the_valley":71,"minecraft:allium":775,"minecraft:chest":3,"minecraft:wooden_pickaxe":1,"minecraft:stone_pickaxe":1},"minecraft:broken":{"minecraft:stone_axe":1},"minecraft:used":{"minecraft:white_tulip":2,"minecraft:decorated_pot":3,"minecraft:chest":13,"minecraft:torch":43,"minecraft:dirt":1580,"minecraft:lily_of_the_valley":1,"minecraft:spruce_stairs":1,"minecraft:spruce_fence":1,"onlyhammersandexcavators:stone_hammer":55,"minecraft:furnace":1,"minecraft:water_bucket":156,"minecraft:pink_tulip":2,"minecraft:stone_pickaxe":43,"minecraft:wooden_pickaxe":5,"artifacts:eternal_steak":7,"minecraft:blue_bed":7,"minecraft:crafting_table":6,"onlyhammersandexcavators:stone_excavator":1374,"minecraft:white_bed":2,"minecraft:spruce_log":2,"minecraft:oak_log":1,"waystones:waystone":1,"minecraft:cornflower":4,"minecraft:bread":34,"minecraft:stone_axe":178,"minecraft:cobblestone":5,"minecraft:white_banner":1,"minecraft:bucket":157,"minecraft:oak_boat":4,"minecraft:dandelion":2},"minecraft:mined":{"minecraft:white_bed":4,"minecraft:allium":81,"minecraft:grass_block":4989,"minecraft:spruce_fence":1,"minecraft:decorated_pot":1,"minecraft:spruce_leaves":1,"minecraft:hay_block":16,"minecraft:anvil":1,"minecraft:azure_bluet":2,"minecraft:bookshelf":16,"minecraft:dirt_path":1,"minecraft:lantern":1,"minecraft:stripped_oak_log":1,"minecraft:pink_tulip":22,"minecraft:stone":337,"minecraft:white_tulip":64,"minecraft:lily_of_the_valley":10,"minecraft:smoker":1,"minecraft:dandelion":22,"visualworkbench:minecraft/crafting_table":5,"minecraft:cornflower":26,"minecraft:torch":19,"minecraft:short_grass":232,"minecraft:chest":2,"minecraft:lectern":1,"minecraft:stone_slab":1,"minecraft:tall_grass":5,"minecraft:oak_planks":1,"minecraft:sugar_cane":11,"minecraft:blue_bed":6,"minecraft:wall_torch":4,"minecraft:spruce_stairs":1,"minecraft:coarse_dirt":3,"minecraft:birch_log":8,"minecraft:spruce_log":62,"minecraft:orange_tulip":4,"minecraft:bee_nest":1,"minecraft:oak_log":38,"minecraft:coal_ore":1,"minecraft:dirt":3448,"minecraft:lodestone":1,"minecraft:stonecutter":1,"minecraft:oak_leaves":2}},"DataVersion":3953}