{"stats":{"minecraft:killed":{"minecraft:spider":2,"minecraft:skeleton":2,"minecraft:bee":2,"minecraft:creeper":5,"minecraft:pillager":4,"minecraft:zombie":18},"minecraft:picked_up":{"minecraft:spruce_leaves":199,"minecraft:crafting_table":5,"minecraft:coarse_dirt":5,"minecraft:allium":776,"minecraft:azure_bluet":55,"minecraft:ominous_bottle":1,"minecraft:anvil":1,"minecraft:stone_slab":2,"minecraft:cornflower":704,"minecraft:string":1,"minecraft:gold_nugget":1,"minecraft:white_tulip":1077,"minecraft:oak_boat":4,"minecraft:lectern":1,"minecraft:sugar_cane":26,"minecraft:chest":7,"minecraft:birch_sapling":2,"minecraft:furnace":5,"minecraft:stick":53,"minecraft:raw_iron":24,"minecraft:torch":39,"minecraft:spruce_stairs":1,"minecraft:spruce_fence":1,"minecraft:arrow":3,"minecraft:rotten_flesh":33,"minecraft:decorated_pot":5,"minecraft:hay_block":16,"minecraft:red_tulip":13,"minecraft:pink_tulip":450,"minecraft:cobblestone":886,"minecraft:stripped_oak_log":2,"minecraft:birch_log":15,"minecraft:andesite":102,"minecraft:fern":1,"minecraft:smoker":1,"minecraft:potato":1,"doggytalents:rice_grains":2,"minecraft:oak_log":36,"minecraft:gunpowder":5,"minecraft:dirt":11558,"minecraft:blue_bed":6,"minecraft:lantern":1,"minecraft:white_banner":2,"minecraft:bone":2,"minecraft:apple":1,"minecraft:stonecutter":1,"minecraft:wheat_seeds":386,"minecraft:orange_tulip":165,"minecraft:stone_pickaxe":1,"minecraft:oak_planks":9,"minecraft:book":48,"minecraft:dandelion":717,"minecraft:spruce_sapling":48,"minecraft:white_bed":4,"minecraft:spruce_log":148,"minecraft:lily_of_the_valley":111,"minecraft:stone_axe":6,"minecraft:short_grass":2,"waystones:waystone":1,"minecraft:spruce_sign":1,"onlyhammersandexcavators:stone_hammer":3,"minecraft:lodestone":1,"minecraft:oak_sapling":19,"minecraft:coal":507},"minecraft:crafted":{"minecraft:smooth_stone":12,"minecraft:oak_planks":12,"minecraft:furnace":4,"minecraft:blast_furnace":3,"minecraft:stone":260,"minecraft:iron_axe":1,"minecraft:stone_pickaxe":1,"minecraft:chest":17,"onlyhammersandexcavators:stone_hammer":10,"minecraft:wheat":144,"minecraft:crafting_table":1,"minecraft:spruce_planks":200,"minecraft:wooden_pickaxe":1,"minecraft:blue_bed":1,"minecraft:bucket":1,"minecraft:birch_planks":60,"minecraft:stone_axe":2,"minecraft:bread":48,"minecraft:air":0,"minecraft:blue_dye":1,"minecraft:oak_boat":1,"minecraft:stick":232,"onlyhammersandexcavators:stone_excavator":82,"minecraft:iron_ingot":23,"minecraft:torch":32,"minecraft:shears":1},"minecraft:killed_by":{"minecraft:skeleton":1,"minecraft:zombie":3},"minecraft:custom":{"minecraft:mob_kills":33,"minecraft:interact_with_crafting_table":71,"minecraft:open_barrel":6,"minecraft:leave_game":5,"minecraft:time_since_death":92046,"minecraft:climb_one_cm":386,"minecraft:sprint_one_cm":1031498,"minecraft:walk_one_cm":636726,"minecraft:drop":184,"minecraft:talked_to_villager":1,"minecraft:play_time":337537,"minecraft:deaths":5,"minecraft:sneak_time":9503,"minecraft:walk_under_water_one_cm":5515,"minecraft:boat_one_cm":156754,"minecraft:jump":6309,"minecraft:interact_with_blast_furnace":40,"minecraft:walk_on_water_one_cm":80315,"minecraft:total_world_time":337537,"minecraft:interact_with_furnace":53,"minecraft:interact_with_loom":1,"minecraft:interact_with_stonecutter":3,"minecraft:sleep_in_bed":26,"minecraft:time_since_rest":17688,"minecraft:waystone_activated":1,"minecraft:damage_taken":2995,"minecraft:damage_dealt":5930,"minecraft:swim_one_cm":16772,"minecraft:fly_one_cm":1472987,"minecraft:open_chest":158,"minecraft:crouch_one_cm":42990,"minecraft:interact_with_smoker":2,"minecraft:fall_one_cm":76927},"minecraft:dropped":{"minecraft:bread":21,"minecraft:wheat_seeds":190,"minecraft:oak_log":10,"minecraft:decorated_pot":2,"minecraft:orange_tulip":152,"minecraft:spruce_leaves":5,"minecraft:dirt":677,"minecraft:torch":4,"minecraft:cornflower":604,"minecraft:dandelion":686,"minecraft:pink_tulip":416,"minecraft:white_tulip":1011,"minecraft:stone_axe":5,"onlyhammersandexcavators:stone_hammer":3,"minecraft:rotten_flesh":4,"minecraft:oak_planks":6,"minecraft:stripped_oak_log":1,"minecraft:stone_slab":1,"minecraft:azure_bluet":53,"minecraft:white_bed":1,"minecraft:lily_of_the_valley":94,"minecraft:allium":775,"minecraft:chest":3,"minecraft:wooden_pickaxe":1,"minecraft:stone_pickaxe":1,"minecraft:red_tulip":13},"minecraft:broken":{"minecraft:stone_pickaxe":1,"onlyhammersandexcavators:stone_hammer":4,"minecraft:stone_axe":2},"minecraft:used":{"minecraft:white_tulip":2,"minecraft:decorated_pot":3,"minecraft:chest":21,"minecraft:spruce_leaves":2,"minecraft:torch":61,"minecraft:dirt":2225,"minecraft:lily_of_the_valley":1,"minecraft:spruce_stairs":1,"minecraft:allium":1,"minecraft:spruce_fence":1,"minecraft:iron_axe":181,"minecraft:birch_sapling":2,"onlyhammersandexcavators:stone_hammer":153,"minecraft:oak_sapling":23,"minecraft:furnace":6,"minecraft:water_bucket":233,"minecraft:pink_tulip":2,"minecraft:stone_pickaxe":45,"minecraft:wooden_pickaxe":5,"artifacts:eternal_steak":23,"minecraft:stonecutter":1,"minecraft:blue_bed":7,"minecraft:crafting_table":6,"onlyhammersandexcavators:stone_excavator":1794,"minecraft:blast_furnace":3,"minecraft:white_bed":2,"minecraft:smoker":1,"minecraft:shears":207,"minecraft:spruce_log":4,"minecraft:oak_log":1,"waystones:waystone":1,"minecraft:cornflower":4,"minecraft:bread":34,"minecraft:spruce_sapling":48,"minecraft:stone_axe":208,"minecraft:cobblestone":58,"minecraft:white_banner":2,"minecraft:bucket":234,"minecraft:oak_boat":4,"minecraft:dandelion":5},"minecraft:mined":{"minecraft:white_bed":4,"minecraft:allium":81,"minecraft:grass_block":6431,"minecraft:spruce_fence":1,"minecraft:decorated_pot":1,"minecraft:spruce_leaves":205,"minecraft:large_fern":2,"minecraft:hay_block":16,"minecraft:spruce_sapling":2,"minecraft:furnace":5,"minecraft:andesite":108,"minecraft:anvil":1,"minecraft:azure_bluet":2,"minecraft:bookshelf":16,"minecraft:red_tulip":3,"minecraft:dirt_path":1,"minecraft:lantern":1,"minecraft:stripped_oak_log":1,"minecraft:pink_tulip":22,"minecraft:stone":868,"minecraft:white_tulip":71,"minecraft:lily_of_the_valley":14,"minecraft:smoker":1,"minecraft:dandelion":47,"visualworkbench:minecraft/crafting_table":5,"minecraft:cornflower":26,"minecraft:torch":26,"minecraft:short_grass":267,"minecraft:chest":4,"minecraft:lectern":1,"minecraft:stone_slab":1,"minecraft:cobblestone":13,"minecraft:tall_grass":7,"minecraft:oak_planks":1,"minecraft:sugar_cane":11,"minecraft:blue_bed":6,"minecraft:wall_torch":5,"minecraft:spruce_stairs":1,"minecraft:coarse_dirt":3,"minecraft:birch_log":15,"minecraft:spruce_log":160,"minecraft:orange_tulip":15,"minecraft:bee_nest":1,"minecraft:oak_log":61,"minecraft:coal_ore":1,"minecraft:dirt":4413,"minecraft:lodestone":1,"minecraft:stonecutter":1,"minecraft:oak_leaves":2,"minecraft:fern":1}},"DataVersion":3953}