{"stats":{"minecraft:killed":{"minecraft:spider":1,"minecraft:pillager":2,"minecraft:zombie":3,"minecraft:bee":2},"minecraft:picked_up":{"minecraft:stripped_oak_log":2,"minecraft:coarse_dirt":5,"minecraft:crafting_table":5,"minecraft:allium":37,"minecraft:azure_bluet":8,"minecraft:anvil":1,"minecraft:smoker":1,"minecraft:oak_log":13,"minecraft:white_banner":1,"minecraft:cornflower":85,"minecraft:blue_bed":5,"minecraft:dirt":1257,"minecraft:lantern":1,"minecraft:orange_tulip":14,"minecraft:stonecutter":1,"minecraft:wheat_seeds":85,"minecraft:gold_nugget":1,"minecraft:stone_pickaxe":1,"minecraft:white_tulip":295,"minecraft:oak_boat":4,"minecraft:lectern":1,"minecraft:sugar_cane":26,"minecraft:chest":5,"minecraft:oak_planks":9,"minecraft:raw_iron":11,"minecraft:book":48,"minecraft:stick":14,"minecraft:torch":15,"minecraft:dandelion":183,"minecraft:spruce_stairs":1,"minecraft:spruce_fence":1,"minecraft:spruce_sapling":9,"minecraft:white_bed":2,"minecraft:spruce_log":24,"minecraft:lily_of_the_valley":22,"minecraft:rotten_flesh":13,"minecraft:stone_axe":6,"minecraft:decorated_pot":5,"waystones:waystone":1,"minecraft:hay_block":16,"onlyhammersandexcavators:stone_hammer":1,"minecraft:pink_tulip":47,"minecraft:spruce_sign":1,"minecraft:lodestone":1,"minecraft:oak_sapling":7,"minecraft:coal":62,"minecraft:cobblestone":77},"minecraft:crafted":{"minecraft:oak_planks":12,"minecraft:crafting_table":1,"minecraft:spruce_planks":20,"minecraft:wooden_pickaxe":1,"minecraft:furnace":1,"minecraft:blue_bed":1,"minecraft:bucket":1,"minecraft:stone_axe":1,"minecraft:bread":48,"minecraft:air":0,"minecraft:blue_dye":1,"minecraft:oak_boat":1,"minecraft:iron_ingot":3,"minecraft:stick":16,"onlyhammersandexcavators:stone_excavator":9,"minecraft:stone_pickaxe":1,"minecraft:chest":1,"minecraft:torch":16,"onlyhammersandexcavators:stone_hammer":2,"minecraft:wheat":144},"minecraft:killed_by":{"minecraft:skeleton":1,"minecraft:zombie":1},"minecraft:custom":{"minecraft:interact_with_furnace":6,"minecraft:mob_kills":8,"minecraft:interact_with_crafting_table":29,"minecraft:open_barrel":6,"minecraft:interact_with_loom":1,"minecraft:leave_game":5,"minecraft:time_since_death":33154,"minecraft:sleep_in_bed":7,"minecraft:climb_one_cm":386,"minecraft:waystone_activated":1,"minecraft:time_since_rest":3163,"minecraft:sprint_one_cm":350678,"minecraft:damage_taken":1341,"minecraft:walk_one_cm":160051,"minecraft:drop":39,"minecraft:damage_dealt":851,"minecraft:swim_one_cm":15643,"minecraft:talked_to_villager":1,"minecraft:fly_one_cm":617016,"minecraft:open_chest":22,"minecraft:crouch_one_cm":12529,"minecraft:play_time":133537,"minecraft:deaths":3,"minecraft:sneak_time":2784,"minecraft:walk_under_water_one_cm":3437,"minecraft:boat_one_cm":156754,"minecraft:jump":2534,"minecraft:walk_on_water_one_cm":22354,"minecraft:total_world_time":133537,"minecraft:fall_one_cm":51757},"minecraft:dropped":{"minecraft:white_tulip":220,"minecraft:bread":21,"minecraft:stone_axe":5,"minecraft:wheat_seeds":72,"minecraft:oak_log":10,"onlyhammersandexcavators:stone_hammer":1,"minecraft:orange_tulip":13,"minecraft:decorated_pot":2,"minecraft:rotten_flesh":4,"minecraft:oak_planks":6,"minecraft:stripped_oak_log":1,"minecraft:azure_bluet":7,"minecraft:white_bed":1,"minecraft:lily_of_the_valley":20,"minecraft:allium":28,"minecraft:torch":4,"minecraft:cornflower":55,"minecraft:chest":3,"minecraft:stone_pickaxe":1,"minecraft:wooden_pickaxe":1,"minecraft:dandelion":161,"minecraft:pink_tulip":39},"minecraft:used":{"minecraft:water_bucket":58,"minecraft:pink_tulip":2,"minecraft:white_tulip":2,"minecraft:stone_pickaxe":40,"minecraft:decorated_pot":3,"minecraft:chest":3,"minecraft:wooden_pickaxe":5,"minecraft:blue_bed":6,"minecraft:torch":24,"minecraft:dirt":667,"minecraft:crafting_table":6,"onlyhammersandexcavators:stone_excavator":204,"minecraft:spruce_stairs":1,"minecraft:spruce_fence":1,"minecraft:spruce_log":2,"minecraft:oak_log":1,"waystones:waystone":1,"minecraft:cornflower":4,"minecraft:bread":26,"onlyhammersandexcavators:stone_hammer":7,"minecraft:stone_axe":111,"minecraft:white_banner":1,"minecraft:cobblestone":5,"minecraft:furnace":1,"minecraft:bucket":59,"minecraft:oak_boat":4,"minecraft:dandelion":2},"minecraft:mined":{"minecraft:white_bed":2,"minecraft:lily_of_the_valley":4,"minecraft:smoker":1,"minecraft:dandelion":12,"visualworkbench:minecraft/crafting_table":5,"minecraft:cornflower":3,"minecraft:torch":8,"minecraft:short_grass":86,"minecraft:allium":2,"minecraft:spruce_fence":1,"minecraft:grass_block":1093,"minecraft:decorated_pot":1,"minecraft:chest":2,"minecraft:lectern":1,"minecraft:tall_grass":2,"minecraft:spruce_leaves":1,"minecraft:wall_torch":4,"minecraft:sugar_cane":11,"minecraft:oak_planks":1,"minecraft:blue_bed":5,"minecraft:spruce_stairs":1,"minecraft:hay_block":16,"minecraft:coarse_dirt":3,"minecraft:spruce_log":24,"minecraft:orange_tulip":4,"minecraft:anvil":1,"minecraft:bee_nest":1,"minecraft:bookshelf":16,"minecraft:coal_ore":1,"minecraft:oak_log":38,"minecraft:lantern":1,"minecraft:dirt":129,"minecraft:stripped_oak_log":1,"minecraft:lodestone":1,"minecraft:pink_tulip":3,"minecraft:white_tulip":21,"minecraft:stonecutter":1,"minecraft:stone":74,"minecraft:oak_leaves":2}},"DataVersion":3953}