{"stats":{"minecraft:killed":{"minecraft:spider":1,"minecraft:skeleton":2,"minecraft:sheep":1,"minecraft:zombie":2},"minecraft:picked_up":{"minecraft:birch_log":6,"minecraft:coarse_dirt":2,"minecraft:crafting_table":1,"minecraft:allium":1,"minecraft:ominous_bottle":1,"minecraft:andesite":28,"minecraft:wooden_pickaxe":1,"minecraft:flint":2,"minecraft:oak_log":67,"minecraft:dirt":80,"minecraft:raw_copper":40,"minecraft:orange_tulip":1,"minecraft:wheat_seeds":4,"minecraft:rabbit_hide":1,"minecraft:stone_pickaxe":2,"minecraft:white_tulip":4,"minecraft:azalea":25,"minecraft:rabbit":1,"minecraft:flowering_azalea":3,"minecraft:oak_planks":8,"mobs_of_mythology:chupacabra_meat":1,"minecraft:stick":9,"minecraft:raw_iron":41,"minecraft:oak_fence":1,"minecraft:torch":11,"minecraft:dandelion":9,"minecraft:white_bed":4,"minecraft:lily_of_the_valley":1,"minecraft:rotten_flesh":1,"minecraft:decorated_pot":1,"minecraft:pink_tulip":4,"minecraft:bread":21,"minecraft:mutton":2,"minecraft:coal":98,"minecraft:cobblestone":122},"minecraft:crafted":{"minecraft:wooden_sword":1,"minecraft:oak_planks":268,"minecraft:crafting_table":2,"minecraft:wooden_pickaxe":1,"minecraft:bucket":1,"minecraft:stick":12,"minecraft:stone_pickaxe":2,"minecraft:wooden_axe":2,"minecraft:torch":16},"minecraft:killed_by":{"minecraft:zombie":2},"minecraft:custom":{"minecraft:mob_kills":6,"minecraft:interact_with_crafting_table":9,"minecraft:leave_game":2,"minecraft:time_since_death":69239,"minecraft:sleep_in_bed":4,"minecraft:time_since_rest":18362,"minecraft:waystone_activated":1,"minecraft:sprint_one_cm":163151,"minecraft:damage_taken":1409,"minecraft:walk_one_cm":119689,"minecraft:drop":7,"minecraft:damage_dealt":1362,"minecraft:swim_one_cm":17732,"minecraft:fly_one_cm":300039,"minecraft:open_chest":11,"minecraft:crouch_one_cm":10771,"minecraft:play_time":70028,"minecraft:deaths":2,"minecraft:sneak_time":6679,"minecraft:walk_under_water_one_cm":3900,"minecraft:jump":1595,"minecraft:walk_on_water_one_cm":3614,"minecraft:total_world_time":70028,"minecraft:fall_one_cm":39661},"minecraft:dropped":{"minecraft:coarse_dirt":1,"minecraft:oak_planks":1,"minecraft:flint":1,"minecraft:stone_pickaxe":4},"minecraft:broken":{"minecraft:wooden_axe":1},"minecraft:used":{"minecraft:oak_fence":1,"minecraft:stone_pickaxe":110,"minecraft:oak_planks":56,"minecraft:decorated_pot":1,"minecraft:wooden_pickaxe":64,"minecraft:torch":13,"minecraft:dirt":80,"minecraft:crafting_table":3,"minecraft:white_bed":4,"minecraft:wooden_axe":69,"minecraft:bread":22,"minecraft:wooden_sword":52,"minecraft:cobblestone":78,"minecraft:coarse_dirt":1},"minecraft:mined":{"minecraft:white_bed":3,"minecraft:dandelion":7,"minecraft:oak_fence":1,"visualworkbench:minecraft/crafting_table":1,"minecraft:glow_lichen":1,"minecraft:cornflower":1,"minecraft:torch":5,"minecraft:short_grass":33,"minecraft:allium":1,"minecraft:grass_block":21,"minecraft:decorated_pot":3,"minecraft:tall_grass":3,"minecraft:copper_ore":4,"minecraft:cobblestone":3,"minecraft:oak_planks":9,"minecraft:wall_torch":3,"minecraft:coarse_dirt":4,"minecraft:birch_log":6,"minecraft:fire":1,"minecraft:ice":1,"minecraft:andesite":23,"minecraft:orange_tulip":1,"minecraft:yellow_bed":1,"minecraft:oak_log":64,"minecraft:coal_ore":7,"minecraft:dirt":50,"minecraft:packed_ice":2,"minecraft:pink_tulip":3,"minecraft:white_tulip":1,"minecraft:stone":119}},"DataVersion":3953}