{"stats":{"minecraft:killed":{"minecraft:spider":1,"minecraft:zombie":1},"minecraft:picked_up":{"minecraft:birch_log":6,"minecraft:coarse_dirt":2,"minecraft:crafting_table":1,"minecraft:allium":1,"minecraft:wooden_pickaxe":1,"minecraft:flint":2,"minecraft:oak_log":67,"minecraft:dirt":63,"minecraft:raw_copper":28,"minecraft:wheat_seeds":3,"minecraft:rabbit_hide":1,"minecraft:stone_pickaxe":1,"minecraft:white_tulip":3,"minecraft:azalea":25,"minecraft:rabbit":1,"minecraft:oak_planks":8,"minecraft:flowering_azalea":3,"minecraft:stick":9,"minecraft:oak_fence":1,"minecraft:torch":4,"minecraft:dandelion":2,"minecraft:white_bed":4,"minecraft:lily_of_the_valley":1,"minecraft:decorated_pot":1,"minecraft:pink_tulip":4,"minecraft:bread":21,"minecraft:coal":59,"minecraft:cobblestone":113},"minecraft:crafted":{"minecraft:wooden_sword":1,"minecraft:oak_planks":268,"minecraft:crafting_table":2,"minecraft:wooden_pickaxe":1,"minecraft:bucket":1,"minecraft:stick":8,"minecraft:stone_pickaxe":2,"minecraft:wooden_axe":2},"minecraft:killed_by":{"minecraft:zombie":2},"minecraft:custom":{"minecraft:mob_kills":2,"minecraft:interact_with_crafting_table":9,"minecraft:leave_game":1,"minecraft:time_since_death":43720,"minecraft:sleep_in_bed":3,"minecraft:time_since_rest":7105,"minecraft:waystone_activated":1,"minecraft:sprint_one_cm":85873,"minecraft:damage_taken":785,"minecraft:walk_one_cm":82818,"minecraft:drop":5,"minecraft:damage_dealt":322,"minecraft:swim_one_cm":10029,"minecraft:fly_one_cm":96592,"minecraft:open_chest":4,"minecraft:crouch_one_cm":6046,"minecraft:play_time":44509,"minecraft:deaths":2,"minecraft:sneak_time":4405,"minecraft:walk_under_water_one_cm":2835,"minecraft:jump":599,"minecraft:walk_on_water_one_cm":1990,"minecraft:total_world_time":44509,"minecraft:fall_one_cm":15201},"minecraft:dropped":{"minecraft:coarse_dirt":1,"minecraft:oak_planks":1,"minecraft:flint":1,"minecraft:stone_pickaxe":2},"minecraft:broken":{"minecraft:wooden_axe":1},"minecraft:used":{"minecraft:oak_fence":1,"minecraft:stone_pickaxe":76,"minecraft:oak_planks":22,"minecraft:decorated_pot":1,"minecraft:wooden_pickaxe":59,"minecraft:torch":4,"minecraft:dirt":58,"minecraft:crafting_table":3,"minecraft:white_bed":3,"minecraft:wooden_axe":69,"minecraft:bread":7,"minecraft:wooden_sword":15,"minecraft:cobblestone":4,"minecraft:coarse_dirt":1},"minecraft:mined":{"minecraft:white_bed":3,"minecraft:dandelion":1,"minecraft:oak_fence":1,"visualworkbench:minecraft/crafting_table":1,"minecraft:short_grass":15,"minecraft:allium":1,"minecraft:grass_block":20,"minecraft:decorated_pot":3,"minecraft:copper_ore":1,"minecraft:oak_planks":9,"minecraft:wall_torch":1,"minecraft:coarse_dirt":4,"minecraft:birch_log":6,"minecraft:fire":1,"minecraft:yellow_bed":1,"minecraft:coal_ore":4,"minecraft:oak_log":64,"minecraft:dirt":43,"minecraft:pink_tulip":3,"minecraft:stone":116}},"DataVersion":3953}