{"stats":{"minecraft:killed":{"mobs_of_mythology:chupacabra":1,"minecraft:spider":3,"minecraft:skeleton":2,"minecraft:sheep":3,"minecraft:zombie":12},"minecraft:picked_up":{"minecraft:wheat":67,"minecraft:crafting_table":1,"minecraft:coarse_dirt":2,"minecraft:allium":3,"minecraft:ominous_bottle":1,"minecraft:wooden_pickaxe":2,"doggytalents:rice_wheat":3,"minecraft:cornflower":1,"minecraft:string":2,"minecraft:raw_copper":40,"minecraft:white_tulip":10,"minecraft:azalea":50,"mobs_of_mythology:chupacabra_meat":4,"minecraft:raw_iron":43,"minecraft:stick":74,"minecraft:oak_door":3,"minecraft:oak_fence":2,"minecraft:torch":45,"minecraft:rotten_flesh":17,"minecraft:decorated_pot":1,"minecraft:red_tulip":2,"minecraft:pink_tulip":4,"minecraft:mutton":6,"minecraft:cobblestone":155,"minecraft:white_wool":2,"minecraft:birch_log":12,"minecraft:andesite":101,"minecraft:potato":2,"doggytalents:rice_grains":2,"minecraft:birch_planks":97,"minecraft:flint":2,"minecraft:oak_log":67,"minecraft:dirt":172,"minecraft:wheat_seeds":218,"minecraft:orange_tulip":10,"minecraft:rabbit_hide":4,"minecraft:stone_pickaxe":4,"minecraft:rabbit":2,"minecraft:iron_sword":1,"minecraft:oak_planks":31,"minecraft:flowering_azalea":3,"minecraft:dandelion":45,"minecraft:gravel":1,"minecraft:spruce_sapling":2,"minecraft:white_bed":4,"minecraft:lily_of_the_valley":3,"minecraft:spider_eye":2,"minecraft:bread":21,"minecraft:coal":98},"minecraft:crafted":{"minecraft:wooden_sword":1,"minecraft:oak_planks":268,"minecraft:cooked_mutton":10,"minecraft:iron_boots":1,"minecraft:iron_axe":1,"minecraft:stone_pickaxe":2,"minecraft:chest":2,"minecraft:stone_hoe":1,"minecraft:crafting_table":2,"minecraft:iron_helmet":1,"minecraft:wooden_pickaxe":1,"minecraft:baked_potato":4,"minecraft:iron_sword":1,"minecraft:bucket":1,"minecraft:birch_planks":24,"minecraft:iron_chestplate":1,"minecraft:wooden_hoe":1,"minecraft:stick":16,"minecraft:iron_ingot":43,"minecraft:wooden_axe":2,"minecraft:iron_leggings":1,"minecraft:torch":16},"minecraft:killed_by":{"minecraft:zombie":2},"minecraft:custom":{"minecraft:mob_kills":21,"minecraft:animals_bred":18,"minecraft:interact_with_crafting_table":17,"minecraft:open_barrel":12,"minecraft:leave_game":3,"minecraft:time_since_death":117442,"minecraft:sprint_one_cm":461179,"minecraft:walk_one_cm":432581,"minecraft:drop":42,"minecraft:play_time":197040,"minecraft:deaths":3,"minecraft:sneak_time":12022,"minecraft:walk_under_water_one_cm":60656,"minecraft:jump":3862,"minecraft:interact_with_blast_furnace":15,"minecraft:walk_on_water_one_cm":28119,"minecraft:total_world_time":197040,"minecraft:interact_with_furnace":23,"minecraft:interact_with_stonecutter":1,"minecraft:sleep_in_bed":16,"minecraft:time_since_rest":7243,"minecraft:waystone_activated":1,"minecraft:damage_taken":2433,"minecraft:damage_dealt":4352,"minecraft:swim_one_cm":54821,"minecraft:fly_one_cm":840203,"minecraft:open_chest":87,"minecraft:crouch_one_cm":21535,"minecraft:interact_with_smoker":2,"minecraft:fall_one_cm":68620},"minecraft:dropped":{"minecraft:iron_sword":1,"minecraft:wheat_seeds":4,"minecraft:orange_tulip":4,"minecraft:flint":1,"minecraft:dirt":1,"minecraft:cornflower":1,"minecraft:rabbit":1,"minecraft:wooden_sword":1,"minecraft:flowering_azalea":3,"minecraft:white_wool":2,"minecraft:dandelion":40,"minecraft:pink_tulip":4,"minecraft:oak_door":1,"minecraft:gravel":1,"minecraft:white_tulip":4,"minecraft:coarse_dirt":1,"minecraft:oak_planks":24,"minecraft:lily_of_the_valley":2,"minecraft:rabbit_hide":4,"minecraft:allium":2,"minecraft:azalea":50,"minecraft:spider_eye":1,"minecraft:stone_pickaxe":5,"minecraft:wooden_pickaxe":2},"minecraft:broken":{"minecraft:stone_hoe":1,"minecraft:wooden_axe":1},"minecraft:used":{"minecraft:oak_fence":1,"minecraft:decorated_pot":1,"minecraft:chest":2,"minecraft:iron_sword":60,"doggytalents:rice_grains":2,"minecraft:stone_hoe":170,"minecraft:rotten_flesh":15,"minecraft:iron_chestplate":1,"minecraft:oak_door":2,"minecraft:torch":55,"minecraft:dirt":207,"minecraft:lily_of_the_valley":1,"minecraft:allium":1,"minecraft:wooden_axe":69,"minecraft:iron_axe":11,"minecraft:iron_helmet":1,"minecraft:iron_boots":1,"minecraft:potato":7,"minecraft:iron_leggings":1,"minecraft:wheat_seeds":275,"minecraft:cooked_mutton":10,"minecraft:water_bucket":48,"minecraft:birch_planks":121,"minecraft:stone_pickaxe":194,"minecraft:baked_potato":4,"minecraft:oak_planks":115,"minecraft:wooden_pickaxe":91,"minecraft:crafting_table":3,"minecraft:white_bed":4,"minecraft:wooden_hoe":15,"minecraft:bread":27,"minecraft:iron_pickaxe":7,"minecraft:spruce_sapling":1,"minecraft:wooden_sword":52,"minecraft:cobblestone":108,"minecraft:andesite":22,"minecraft:bucket":48,"minecraft:coarse_dirt":1},"minecraft:mined":{"minecraft:white_bed":3,"minecraft:farmland":24,"minecraft:glow_lichen":1,"minecraft:allium":2,"minecraft:grass_block":57,"minecraft:decorated_pot":3,"minecraft:spruce_leaves":12,"minecraft:large_fern":1,"minecraft:furnace":2,"minecraft:fire":1,"minecraft:andesite":104,"minecraft:potatoes":1,"minecraft:red_tulip":1,"minecraft:packed_ice":2,"minecraft:pink_tulip":3,"minecraft:stone":148,"minecraft:white_tulip":5,"doggytalents:rice_crop":1,"minecraft:dandelion":11,"minecraft:oak_fence":1,"visualworkbench:minecraft/crafting_table":1,"minecraft:cornflower":2,"minecraft:torch":15,"minecraft:short_grass":80,"minecraft:cobblestone":7,"minecraft:copper_ore":4,"minecraft:tall_grass":6,"minecraft:oak_planks":9,"minecraft:wall_torch":6,"minecraft:birch_planks":4,"minecraft:coarse_dirt":4,"minecraft:birch_log":6,"minecraft:wheat":87,"minecraft:ice":1,"minecraft:orange_tulip":8,"minecraft:yellow_bed":1,"minecraft:coal_ore":7,"minecraft:oak_log":64,"minecraft:dirt":68,"minecraft:gravel":2}},"DataVersion":3953}