{"stats":{"minecraft:killed":{"minecraft:spider":1,"minecraft:skeleton":2,"minecraft:sheep":1,"minecraft:zombie":2},"minecraft:picked_up":{"minecraft:birch_log":6,"minecraft:coarse_dirt":2,"minecraft:crafting_table":1,"minecraft:allium":1,"minecraft:ominous_bottle":1,"minecraft:andesite":100,"minecraft:wooden_pickaxe":2,"minecraft:flint":2,"minecraft:oak_log":67,"minecraft:dirt":88,"minecraft:raw_copper":40,"minecraft:orange_tulip":1,"minecraft:wheat_seeds":4,"minecraft:rabbit_hide":4,"minecraft:stone_pickaxe":4,"minecraft:white_tulip":4,"minecraft:azalea":50,"minecraft:rabbit":2,"minecraft:flowering_azalea":3,"minecraft:oak_planks":31,"mobs_of_mythology:chupacabra_meat":1,"minecraft:stick":9,"minecraft:raw_iron":43,"minecraft:oak_door":3,"minecraft:oak_fence":1,"minecraft:torch":31,"minecraft:dandelion":9,"minecraft:gravel":1,"minecraft:white_bed":4,"minecraft:lily_of_the_valley":1,"minecraft:rotten_flesh":1,"minecraft:decorated_pot":1,"minecraft:pink_tulip":4,"minecraft:bread":21,"minecraft:mutton":2,"minecraft:coal":98,"minecraft:cobblestone":154},"minecraft:crafted":{"minecraft:wooden_sword":1,"minecraft:oak_planks":268,"minecraft:crafting_table":2,"minecraft:wooden_pickaxe":1,"minecraft:bucket":1,"minecraft:iron_axe":1,"minecraft:stick":16,"minecraft:iron_ingot":43,"minecraft:stone_pickaxe":2,"minecraft:wooden_axe":2,"minecraft:chest":2,"minecraft:torch":16},"minecraft:killed_by":{"minecraft:zombie":2},"minecraft:custom":{"minecraft:interact_with_furnace":1,"minecraft:mob_kills":6,"minecraft:interact_with_crafting_table":12,"minecraft:open_barrel":12,"minecraft:leave_game":2,"minecraft:time_since_death":26430,"minecraft:sleep_in_bed":4,"minecraft:time_since_rest":26670,"minecraft:waystone_activated":1,"minecraft:sprint_one_cm":176560,"minecraft:damage_taken":1834,"minecraft:walk_one_cm":133766,"minecraft:drop":30,"minecraft:damage_dealt":1372,"minecraft:swim_one_cm":52534,"minecraft:fly_one_cm":323496,"minecraft:open_chest":27,"minecraft:crouch_one_cm":14265,"minecraft:play_time":106028,"minecraft:deaths":3,"minecraft:sneak_time":9331,"minecraft:walk_under_water_one_cm":58664,"minecraft:jump":1786,"minecraft:interact_with_blast_furnace":10,"minecraft:walk_on_water_one_cm":24249,"minecraft:interact_with_smoker":1,"minecraft:total_world_time":106028,"minecraft:fall_one_cm":42303},"minecraft:dropped":{"minecraft:oak_door":1,"minecraft:gravel":1,"minecraft:white_tulip":4,"minecraft:wheat_seeds":4,"minecraft:coarse_dirt":1,"minecraft:orange_tulip":1,"minecraft:oak_planks":24,"minecraft:lily_of_the_valley":1,"minecraft:flint":1,"minecraft:rabbit_hide":4,"minecraft:dirt":1,"minecraft:allium":1,"minecraft:rabbit":1,"minecraft:azalea":50,"minecraft:wooden_sword":1,"minecraft:flowering_azalea":3,"minecraft:wooden_pickaxe":2,"minecraft:stone_pickaxe":5,"minecraft:dandelion":10,"minecraft:pink_tulip":4},"minecraft:broken":{"minecraft:wooden_axe":1},"minecraft:used":{"minecraft:oak_fence":1,"minecraft:water_bucket":20,"minecraft:stone_pickaxe":191,"minecraft:oak_planks":115,"minecraft:decorated_pot":1,"minecraft:chest":2,"minecraft:wooden_pickaxe":91,"minecraft:oak_door":2,"minecraft:torch":33,"minecraft:dirt":87,"minecraft:crafting_table":3,"minecraft:white_bed":4,"minecraft:wooden_axe":69,"minecraft:bread":26,"minecraft:iron_pickaxe":7,"minecraft:wooden_sword":52,"minecraft:cobblestone":84,"minecraft:bucket":20,"minecraft:andesite":22,"minecraft:coarse_dirt":1},"minecraft:mined":{"minecraft:white_bed":3,"minecraft:dandelion":7,"minecraft:oak_fence":1,"visualworkbench:minecraft/crafting_table":1,"minecraft:glow_lichen":1,"minecraft:cornflower":1,"minecraft:torch":5,"minecraft:short_grass":33,"minecraft:allium":1,"minecraft:grass_block":24,"minecraft:decorated_pot":3,"minecraft:tall_grass":3,"minecraft:copper_ore":4,"minecraft:cobblestone":6,"minecraft:oak_planks":9,"minecraft:wall_torch":3,"minecraft:coarse_dirt":4,"minecraft:furnace":2,"minecraft:birch_log":6,"minecraft:fire":1,"minecraft:ice":1,"minecraft:andesite":102,"minecraft:orange_tulip":1,"minecraft:yellow_bed":1,"minecraft:oak_log":64,"minecraft:coal_ore":7,"minecraft:gravel":2,"minecraft:dirt":54,"minecraft:packed_ice":2,"minecraft:pink_tulip":3,"minecraft:white_tulip":1,"minecraft:stone":148}},"DataVersion":3953}