{"stats":{"minecraft:killed":{"minecraft:zombie":1,"minecraft:spider":1},"minecraft:picked_up":{"minecraft:coarse_dirt":2,"minecraft:oak_fence":1,"minecraft:torch":4,"minecraft:wooden_pickaxe":1,"minecraft:flint":2,"minecraft:oak_log":4,"minecraft:dirt":7,"minecraft:decorated_pot":1,"minecraft:wheat_seeds":1,"minecraft:pink_tulip":1,"minecraft:oak_planks":1,"minecraft:cobblestone":4},"minecraft:crafted":{"minecraft:wooden_sword":1,"minecraft:oak_planks":12,"minecraft:crafting_table":1,"minecraft:stick":4,"minecraft:wooden_pickaxe":1},"minecraft:killed_by":{"minecraft:zombie":2},"minecraft:custom":{"minecraft:time_since_rest":6853,"minecraft:sprint_one_cm":20474,"minecraft:damage_taken":582,"minecraft:walk_one_cm":16860,"minecraft:mob_kills":2,"minecraft:drop":3,"minecraft:damage_dealt":283,"minecraft:interact_with_crafting_table":3,"minecraft:fly_one_cm":17357,"minecraft:crouch_one_cm":1265,"minecraft:play_time":7571,"minecraft:deaths":2,"minecraft:sneak_time":858,"minecraft:jump":106,"minecraft:time_since_death":6782,"minecraft:total_world_time":7571,"minecraft:fall_one_cm":3785},"minecraft:dropped":{"minecraft:coarse_dirt":1,"minecraft:oak_planks":1,"minecraft:flint":1},"minecraft:used":{"minecraft:oak_fence":1,"minecraft:decorated_pot":1,"minecraft:wooden_pickaxe":5,"minecraft:wooden_sword":10,"minecraft:dirt":3,"minecraft:crafting_table":1},"minecraft:mined":{"minecraft:coarse_dirt":3,"minecraft:oak_fence":1,"minecraft:short_grass":6,"minecraft:grass_block":1,"minecraft:oak_log":4,"minecraft:decorated_pot":3,"minecraft:dirt":5,"minecraft:pink_tulip":1,"minecraft:stone":5}},"DataVersion":3953}