{"stats":{"minecraft:killed":{"minecraft:zombie":1,"minecraft:spider":1},"minecraft:picked_up":{"minecraft:birch_log":6,"minecraft:allium":1,"minecraft:crafting_table":1,"minecraft:stick":9,"minecraft:coarse_dirt":2,"minecraft:oak_fence":1,"minecraft:dandelion":2,"minecraft:torch":4,"minecraft:wooden_pickaxe":1,"minecraft:flint":2,"minecraft:oak_log":67,"minecraft:white_bed":1,"minecraft:dirt":37,"minecraft:decorated_pot":1,"minecraft:wheat_seeds":2,"minecraft:rabbit_hide":1,"minecraft:white_tulip":1,"minecraft:pink_tulip":4,"minecraft:bread":21,"minecraft:azalea":25,"minecraft:rabbit":1,"minecraft:oak_planks":1,"minecraft:flowering_azalea":3,"minecraft:cobblestone":83},"minecraft:crafted":{"minecraft:wooden_sword":1,"minecraft:oak_planks":268,"minecraft:crafting_table":2,"minecraft:stick":4,"minecraft:wooden_pickaxe":1,"minecraft:stone_pickaxe":2,"minecraft:wooden_axe":1,"minecraft:bucket":1},"minecraft:killed_by":{"minecraft:zombie":2},"minecraft:custom":{"minecraft:waystone_activated":1,"minecraft:time_since_rest":11526,"minecraft:sprint_one_cm":60652,"minecraft:damage_taken":675,"minecraft:walk_one_cm":50996,"minecraft:mob_kills":2,"minecraft:drop":3,"minecraft:damage_dealt":322,"minecraft:swim_one_cm":2163,"minecraft:interact_with_crafting_table":5,"minecraft:fly_one_cm":81484,"minecraft:open_chest":4,"minecraft:play_time":32509,"minecraft:crouch_one_cm":4020,"minecraft:deaths":2,"minecraft:sneak_time":2816,"minecraft:walk_under_water_one_cm":1448,"minecraft:jump":401,"minecraft:leave_game":1,"minecraft:walk_on_water_one_cm":1138,"minecraft:time_since_death":31720,"minecraft:sleep_in_bed":1,"minecraft:total_world_time":32509,"minecraft:fall_one_cm":12461},"minecraft:dropped":{"minecraft:coarse_dirt":1,"minecraft:oak_planks":1,"minecraft:flint":1},"minecraft:broken":{"minecraft:wooden_axe":1},"minecraft:used":{"minecraft:oak_fence":1,"minecraft:wooden_axe":63,"minecraft:stone_pickaxe":39,"minecraft:bread":4,"minecraft:oak_planks":3,"minecraft:decorated_pot":1,"minecraft:wooden_pickaxe":59,"minecraft:torch":2,"minecraft:wooden_sword":14,"minecraft:dirt":13,"minecraft:crafting_table":2,"minecraft:coarse_dirt":1},"minecraft:mined":{"minecraft:coarse_dirt":3,"minecraft:white_bed":1,"minecraft:birch_log":6,"minecraft:dandelion":1,"visualworkbench:minecraft/crafting_table":1,"minecraft:oak_fence":1,"minecraft:yellow_bed":1,"minecraft:allium":1,"minecraft:short_grass":15,"minecraft:grass_block":16,"minecraft:oak_log":64,"minecraft:decorated_pot":3,"minecraft:dirt":24,"minecraft:pink_tulip":3,"minecraft:stone":84}},"DataVersion":3953}