{"stats":{"minecraft:killed":{"minecraft:zombie":1,"minecraft:spider":1},"minecraft:picked_up":{"minecraft:coarse_dirt":2,"minecraft:oak_fence":1,"minecraft:dandelion":1,"minecraft:torch":4,"minecraft:wooden_pickaxe":1,"minecraft:flint":2,"minecraft:oak_log":4,"minecraft:white_bed":1,"minecraft:dirt":15,"minecraft:decorated_pot":1,"minecraft:wheat_seeds":1,"minecraft:rabbit_hide":1,"minecraft:white_tulip":1,"minecraft:pink_tulip":1,"minecraft:rabbit":1,"minecraft:oak_planks":1,"minecraft:cobblestone":4},"minecraft:crafted":{"minecraft:wooden_sword":1,"minecraft:oak_planks":12,"minecraft:crafting_table":1,"minecraft:stick":4,"minecraft:wooden_pickaxe":1},"minecraft:killed_by":{"minecraft:zombie":2},"minecraft:custom":{"minecraft:time_since_rest":1056,"minecraft:sprint_one_cm":32830,"minecraft:damage_taken":625,"minecraft:walk_one_cm":30065,"minecraft:mob_kills":2,"minecraft:drop":3,"minecraft:damage_dealt":322,"minecraft:interact_with_crafting_table":3,"minecraft:fly_one_cm":34534,"minecraft:open_chest":1,"minecraft:crouch_one_cm":1991,"minecraft:play_time":22039,"minecraft:deaths":2,"minecraft:sneak_time":1251,"minecraft:jump":192,"minecraft:leave_game":1,"minecraft:time_since_death":21250,"minecraft:sleep_in_bed":1,"minecraft:total_world_time":22039,"minecraft:fall_one_cm":6978},"minecraft:dropped":{"minecraft:coarse_dirt":1,"minecraft:oak_planks":1,"minecraft:flint":1},"minecraft:used":{"minecraft:oak_fence":1,"minecraft:decorated_pot":1,"minecraft:wooden_pickaxe":5,"minecraft:torch":2,"minecraft:wooden_sword":14,"minecraft:dirt":13,"minecraft:crafting_table":1},"minecraft:mined":{"minecraft:coarse_dirt":3,"minecraft:white_bed":1,"minecraft:yellow_bed":1,"minecraft:oak_fence":1,"minecraft:short_grass":9,"minecraft:grass_block":10,"minecraft:oak_log":4,"minecraft:decorated_pot":3,"minecraft:dirt":8,"minecraft:pink_tulip":1,"minecraft:stone":5}},"DataVersion":3953}