{"stats":{"minecraft:killed":{"mobs_of_mythology:chupacabra":1,"minecraft:spider":3,"minecraft:skeleton":2,"minecraft:sheep":3,"minecraft:zombie":10},"minecraft:picked_up":{"minecraft:birch_log":6,"minecraft:coarse_dirt":2,"minecraft:crafting_table":1,"minecraft:allium":3,"minecraft:ominous_bottle":1,"minecraft:andesite":101,"minecraft:wooden_pickaxe":2,"doggytalents:rice_grains":1,"minecraft:flint":2,"minecraft:oak_log":67,"minecraft:string":2,"minecraft:cornflower":1,"minecraft:dirt":142,"minecraft:raw_copper":40,"minecraft:orange_tulip":3,"minecraft:wheat_seeds":30,"minecraft:rabbit_hide":4,"minecraft:stone_pickaxe":4,"minecraft:white_tulip":8,"minecraft:azalea":50,"minecraft:rabbit":2,"minecraft:flowering_azalea":3,"minecraft:oak_planks":31,"mobs_of_mythology:chupacabra_meat":4,"minecraft:stick":73,"minecraft:raw_iron":43,"minecraft:oak_door":3,"minecraft:oak_fence":2,"minecraft:torch":36,"minecraft:dandelion":40,"minecraft:gravel":1,"minecraft:spruce_sapling":1,"minecraft:white_bed":4,"minecraft:lily_of_the_valley":3,"minecraft:spider_eye":2,"minecraft:rotten_flesh":15,"minecraft:decorated_pot":1,"minecraft:red_tulip":2,"minecraft:pink_tulip":4,"minecraft:bread":21,"minecraft:mutton":6,"minecraft:coal":98,"minecraft:white_wool":2,"minecraft:cobblestone":155},"minecraft:crafted":{"minecraft:wooden_sword":1,"minecraft:oak_planks":268,"minecraft:crafting_table":2,"minecraft:wooden_pickaxe":1,"minecraft:iron_sword":1,"minecraft:bucket":1,"minecraft:cooked_mutton":10,"minecraft:iron_axe":1,"minecraft:stick":16,"minecraft:iron_ingot":43,"minecraft:stone_pickaxe":2,"minecraft:wooden_axe":2,"minecraft:chest":2,"minecraft:stone_hoe":1,"minecraft:torch":16},"minecraft:killed_by":{"minecraft:zombie":2},"minecraft:custom":{"minecraft:interact_with_furnace":18,"minecraft:mob_kills":19,"minecraft:animals_bred":1,"minecraft:interact_with_crafting_table":15,"minecraft:open_barrel":12,"minecraft:interact_with_stonecutter":1,"minecraft:leave_game":2,"minecraft:time_since_death":68430,"minecraft:sleep_in_bed":12,"minecraft:time_since_rest":12861,"minecraft:waystone_activated":1,"minecraft:sprint_one_cm":309463,"minecraft:damage_taken":2383,"minecraft:walk_one_cm":282321,"minecraft:drop":38,"minecraft:damage_dealt":4052,"minecraft:swim_one_cm":52534,"minecraft:fly_one_cm":525663,"minecraft:open_chest":76,"minecraft:crouch_one_cm":19844,"minecraft:play_time":148028,"minecraft:deaths":3,"minecraft:sneak_time":11311,"minecraft:walk_under_water_one_cm":58664,"minecraft:jump":2651,"minecraft:interact_with_blast_furnace":13,"minecraft:walk_on_water_one_cm":24401,"minecraft:interact_with_smoker":1,"minecraft:total_world_time":148028,"minecraft:fall_one_cm":51655},"minecraft:dropped":{"minecraft:oak_door":1,"minecraft:gravel":1,"minecraft:white_tulip":4,"minecraft:wheat_seeds":4,"minecraft:coarse_dirt":1,"minecraft:orange_tulip":1,"minecraft:oak_planks":24,"minecraft:lily_of_the_valley":2,"minecraft:flint":1,"minecraft:rabbit_hide":4,"minecraft:dirt":1,"minecraft:allium":2,"minecraft:cornflower":1,"minecraft:rabbit":1,"minecraft:azalea":50,"minecraft:spider_eye":1,"minecraft:wooden_sword":1,"minecraft:flowering_azalea":3,"minecraft:wooden_pickaxe":2,"minecraft:stone_pickaxe":5,"minecraft:white_wool":2,"minecraft:dandelion":40,"minecraft:pink_tulip":4},"minecraft:broken":{"minecraft:wooden_axe":1},"minecraft:used":{"minecraft:oak_fence":1,"minecraft:water_bucket":23,"minecraft:stone_pickaxe":194,"minecraft:oak_planks":115,"minecraft:decorated_pot":1,"minecraft:chest":2,"minecraft:wooden_pickaxe":91,"minecraft:iron_sword":50,"minecraft:stone_hoe":127,"minecraft:rotten_flesh":5,"minecraft:oak_door":2,"minecraft:torch":43,"minecraft:dirt":175,"minecraft:lily_of_the_valley":1,"minecraft:crafting_table":3,"minecraft:allium":1,"minecraft:white_bed":4,"minecraft:wooden_axe":69,"minecraft:iron_axe":7,"minecraft:bread":26,"minecraft:iron_pickaxe":7,"minecraft:spruce_sapling":1,"minecraft:wooden_sword":52,"minecraft:cobblestone":108,"minecraft:bucket":23,"minecraft:andesite":22,"minecraft:coarse_dirt":1,"minecraft:wheat_seeds":132,"minecraft:cooked_mutton":10},"minecraft:mined":{"minecraft:white_bed":3,"minecraft:farmland":22,"minecraft:dandelion":7,"minecraft:oak_fence":1,"visualworkbench:minecraft/crafting_table":1,"minecraft:glow_lichen":1,"minecraft:cornflower":2,"minecraft:torch":8,"minecraft:short_grass":57,"minecraft:allium":2,"minecraft:grass_block":30,"minecraft:decorated_pot":3,"minecraft:tall_grass":4,"minecraft:copper_ore":4,"minecraft:cobblestone":7,"minecraft:spruce_leaves":12,"minecraft:oak_planks":9,"minecraft:wall_torch":5,"minecraft:large_fern":1,"minecraft:coarse_dirt":4,"minecraft:furnace":2,"minecraft:birch_log":6,"minecraft:wheat":10,"minecraft:fire":1,"minecraft:ice":1,"minecraft:andesite":104,"minecraft:orange_tulip":3,"minecraft:yellow_bed":1,"minecraft:red_tulip":1,"minecraft:oak_log":64,"minecraft:coal_ore":7,"minecraft:gravel":2,"minecraft:dirt":66,"minecraft:packed_ice":2,"minecraft:pink_tulip":3,"minecraft:white_tulip":3,"minecraft:stone":148}},"DataVersion":3953}