{"stats":{"minecraft:killed":{"minecraft:spider":1,"minecraft:sheep":1,"minecraft:zombie":1},"minecraft:picked_up":{"minecraft:birch_log":6,"minecraft:coarse_dirt":2,"minecraft:crafting_table":1,"minecraft:allium":1,"minecraft:ominous_bottle":1,"minecraft:wooden_pickaxe":1,"minecraft:flint":2,"minecraft:oak_log":67,"minecraft:dirt":80,"minecraft:raw_copper":40,"minecraft:orange_tulip":1,"minecraft:wheat_seeds":4,"minecraft:rabbit_hide":1,"minecraft:stone_pickaxe":1,"minecraft:white_tulip":4,"minecraft:azalea":25,"minecraft:rabbit":1,"minecraft:flowering_azalea":3,"minecraft:oak_planks":8,"mobs_of_mythology:chupacabra_meat":1,"minecraft:stick":9,"minecraft:raw_iron":13,"minecraft:oak_fence":1,"minecraft:torch":7,"minecraft:dandelion":9,"minecraft:white_bed":4,"minecraft:lily_of_the_valley":1,"minecraft:decorated_pot":1,"minecraft:pink_tulip":4,"minecraft:bread":21,"minecraft:mutton":2,"minecraft:coal":97,"minecraft:cobblestone":118},"minecraft:crafted":{"minecraft:wooden_sword":1,"minecraft:oak_planks":268,"minecraft:crafting_table":2,"minecraft:wooden_pickaxe":1,"minecraft:bucket":1,"minecraft:stick":12,"minecraft:stone_pickaxe":2,"minecraft:wooden_axe":2,"minecraft:torch":16},"minecraft:killed_by":{"minecraft:zombie":2},"minecraft:custom":{"minecraft:mob_kills":3,"minecraft:interact_with_crafting_table":9,"minecraft:leave_game":2,"minecraft:time_since_death":57239,"minecraft:sleep_in_bed":4,"minecraft:time_since_rest":6362,"minecraft:waystone_activated":1,"minecraft:sprint_one_cm":128639,"minecraft:damage_taken":1109,"minecraft:walk_one_cm":102070,"minecraft:drop":5,"minecraft:damage_dealt":765,"minecraft:swim_one_cm":10255,"minecraft:fly_one_cm":227728,"minecraft:open_chest":11,"minecraft:crouch_one_cm":7049,"minecraft:play_time":58028,"minecraft:deaths":2,"minecraft:sneak_time":5137,"minecraft:walk_under_water_one_cm":3335,"minecraft:jump":1250,"minecraft:walk_on_water_one_cm":2864,"minecraft:total_world_time":58028,"minecraft:fall_one_cm":28693},"minecraft:dropped":{"minecraft:coarse_dirt":1,"minecraft:oak_planks":1,"minecraft:flint":1,"minecraft:stone_pickaxe":2},"minecraft:broken":{"minecraft:wooden_axe":1},"minecraft:used":{"minecraft:oak_fence":1,"minecraft:stone_pickaxe":89,"minecraft:oak_planks":35,"minecraft:decorated_pot":1,"minecraft:wooden_pickaxe":59,"minecraft:torch":7,"minecraft:dirt":80,"minecraft:crafting_table":3,"minecraft:white_bed":4,"minecraft:wooden_axe":69,"minecraft:bread":13,"minecraft:wooden_sword":33,"minecraft:cobblestone":60,"minecraft:coarse_dirt":1},"minecraft:mined":{"minecraft:white_bed":3,"minecraft:dandelion":7,"minecraft:oak_fence":1,"visualworkbench:minecraft/crafting_table":1,"minecraft:cornflower":1,"minecraft:torch":2,"minecraft:short_grass":31,"minecraft:allium":1,"minecraft:grass_block":21,"minecraft:decorated_pot":3,"minecraft:tall_grass":3,"minecraft:copper_ore":4,"minecraft:cobblestone":3,"minecraft:oak_planks":9,"minecraft:wall_torch":2,"minecraft:coarse_dirt":4,"minecraft:birch_log":6,"minecraft:fire":1,"minecraft:ice":1,"minecraft:orange_tulip":1,"minecraft:yellow_bed":1,"minecraft:oak_log":64,"minecraft:coal_ore":6,"minecraft:dirt":49,"minecraft:packed_ice":2,"minecraft:pink_tulip":3,"minecraft:white_tulip":1,"minecraft:stone":118}},"DataVersion":3953}