{"stats":{"minecraft:killed":{"mobs_of_mythology:chupacabra":1,"minecraft:spider":2,"minecraft:skeleton":2,"minecraft:sheep":3,"minecraft:zombie":4},"minecraft:picked_up":{"minecraft:birch_log":6,"minecraft:coarse_dirt":2,"minecraft:crafting_table":1,"minecraft:allium":3,"minecraft:ominous_bottle":1,"minecraft:andesite":100,"minecraft:wooden_pickaxe":2,"minecraft:flint":2,"minecraft:oak_log":67,"minecraft:string":1,"minecraft:cornflower":1,"minecraft:dirt":115,"minecraft:raw_copper":40,"minecraft:orange_tulip":1,"minecraft:wheat_seeds":8,"minecraft:rabbit_hide":4,"minecraft:stone_pickaxe":4,"minecraft:white_tulip":5,"minecraft:azalea":50,"minecraft:rabbit":2,"minecraft:flowering_azalea":3,"minecraft:oak_planks":31,"mobs_of_mythology:chupacabra_meat":4,"minecraft:stick":73,"minecraft:raw_iron":43,"minecraft:oak_door":3,"minecraft:oak_fence":2,"minecraft:torch":32,"minecraft:dandelion":39,"minecraft:gravel":1,"minecraft:spruce_sapling":1,"minecraft:white_bed":4,"minecraft:lily_of_the_valley":3,"minecraft:spider_eye":1,"minecraft:rotten_flesh":4,"minecraft:decorated_pot":1,"minecraft:pink_tulip":4,"minecraft:bread":21,"minecraft:mutton":6,"minecraft:coal":98,"minecraft:white_wool":2,"minecraft:cobblestone":154},"minecraft:crafted":{"minecraft:wooden_sword":1,"minecraft:oak_planks":268,"minecraft:crafting_table":2,"minecraft:wooden_pickaxe":1,"minecraft:iron_sword":1,"minecraft:bucket":1,"minecraft:cooked_mutton":10,"minecraft:iron_axe":1,"minecraft:stick":16,"minecraft:iron_ingot":43,"minecraft:stone_pickaxe":2,"minecraft:wooden_axe":2,"minecraft:chest":2,"minecraft:stone_hoe":1,"minecraft:torch":16},"minecraft:killed_by":{"minecraft:zombie":2},"minecraft:custom":{"minecraft:interact_with_furnace":17,"minecraft:mob_kills":12,"minecraft:animals_bred":1,"minecraft:interact_with_crafting_table":15,"minecraft:open_barrel":12,"minecraft:interact_with_stonecutter":1,"minecraft:leave_game":2,"minecraft:time_since_death":50430,"minecraft:sleep_in_bed":9,"minecraft:time_since_rest":12296,"minecraft:waystone_activated":1,"minecraft:sprint_one_cm":255221,"minecraft:damage_taken":2058,"minecraft:walk_one_cm":229557,"minecraft:drop":38,"minecraft:damage_dealt":2449,"minecraft:swim_one_cm":52534,"minecraft:fly_one_cm":451993,"minecraft:open_chest":63,"minecraft:crouch_one_cm":17591,"minecraft:play_time":130028,"minecraft:deaths":3,"minecraft:sneak_time":10403,"minecraft:walk_under_water_one_cm":58664,"minecraft:jump":2301,"minecraft:interact_with_blast_furnace":12,"minecraft:walk_on_water_one_cm":24382,"minecraft:interact_with_smoker":1,"minecraft:total_world_time":130028,"minecraft:fall_one_cm":48271},"minecraft:dropped":{"minecraft:oak_door":1,"minecraft:gravel":1,"minecraft:white_tulip":4,"minecraft:wheat_seeds":4,"minecraft:coarse_dirt":1,"minecraft:orange_tulip":1,"minecraft:oak_planks":24,"minecraft:lily_of_the_valley":2,"minecraft:flint":1,"minecraft:rabbit_hide":4,"minecraft:dirt":1,"minecraft:allium":2,"minecraft:cornflower":1,"minecraft:rabbit":1,"minecraft:azalea":50,"minecraft:spider_eye":1,"minecraft:wooden_sword":1,"minecraft:flowering_azalea":3,"minecraft:wooden_pickaxe":2,"minecraft:stone_pickaxe":5,"minecraft:white_wool":2,"minecraft:dandelion":40,"minecraft:pink_tulip":4},"minecraft:broken":{"minecraft:wooden_axe":1},"minecraft:used":{"minecraft:oak_fence":1,"minecraft:water_bucket":20,"minecraft:stone_pickaxe":191,"minecraft:oak_planks":115,"minecraft:decorated_pot":1,"minecraft:chest":2,"minecraft:wooden_pickaxe":91,"minecraft:iron_sword":16,"minecraft:stone_hoe":23,"minecraft:rotten_flesh":3,"minecraft:oak_door":2,"minecraft:torch":34,"minecraft:dirt":145,"minecraft:crafting_table":3,"minecraft:white_bed":4,"minecraft:wooden_axe":69,"minecraft:iron_axe":7,"minecraft:bread":26,"minecraft:iron_pickaxe":7,"minecraft:wooden_sword":52,"minecraft:cobblestone":84,"minecraft:bucket":20,"minecraft:andesite":22,"minecraft:coarse_dirt":1,"minecraft:wheat_seeds":41,"minecraft:cooked_mutton":5},"minecraft:mined":{"minecraft:white_bed":3,"minecraft:farmland":2,"minecraft:dandelion":7,"minecraft:oak_fence":1,"visualworkbench:minecraft/crafting_table":1,"minecraft:glow_lichen":1,"minecraft:cornflower":2,"minecraft:torch":6,"minecraft:short_grass":36,"minecraft:allium":2,"minecraft:grass_block":28,"minecraft:decorated_pot":3,"minecraft:tall_grass":4,"minecraft:copper_ore":4,"minecraft:cobblestone":6,"minecraft:spruce_leaves":12,"minecraft:oak_planks":9,"minecraft:wall_torch":3,"minecraft:large_fern":1,"minecraft:coarse_dirt":4,"minecraft:furnace":2,"minecraft:birch_log":6,"minecraft:fire":1,"minecraft:ice":1,"minecraft:andesite":102,"minecraft:orange_tulip":1,"minecraft:yellow_bed":1,"minecraft:oak_log":64,"minecraft:coal_ore":7,"minecraft:gravel":2,"minecraft:dirt":61,"minecraft:packed_ice":2,"minecraft:pink_tulip":3,"minecraft:white_tulip":1,"minecraft:stone":148}},"DataVersion":3953}