{"stats":{"minecraft:broken":{"minecraft:stone_hoe":1,"minecraft:wooden_axe":1},"minecraft:mined":{"minecraft:white_bed":3,"minecraft:farmland":24,"minecraft:glow_lichen":1,"minecraft:allium":2,"minecraft:grass_block":57,"minecraft:decorated_pot":4,"minecraft:spruce_leaves":12,"minecraft:large_fern":2,"minecraft:furnace":2,"minecraft:fire":1,"minecraft:andesite":104,"minecraft:red_tulip":1,"minecraft:potatoes":1,"minecraft:packed_ice":2,"minecraft:pink_tulip":3,"minecraft:white_tulip":5,"minecraft:stone":148,"doggytalents:rice_crop":2,"minecraft:dandelion":11,"minecraft:oak_fence":1,"visualworkbench:minecraft/crafting_table":1,"minecraft:cornflower":2,"minecraft:torch":15,"minecraft:short_grass":83,"minecraft:chest":3,"minecraft:cobblestone":7,"minecraft:tall_grass":6,"minecraft:copper_ore":4,"minecraft:oak_planks":9,"minecraft:wall_torch":6,"minecraft:birch_planks":4,"minecraft:coarse_dirt":4,"minecraft:birch_log":6,"minecraft:sweet_berry_bush":1,"minecraft:wheat":268,"minecraft:ice":1,"minecraft:orange_tulip":8,"minecraft:yellow_bed":1,"minecraft:oak_log":64,"minecraft:coal_ore":7,"minecraft:gravel":2,"minecraft:dirt":68},"minecraft:crafted":{"minecraft:wooden_sword":1,"minecraft:oak_planks":268,"minecraft:cooked_mutton":10,"minecraft:iron_boots":1,"minecraft:iron_axe":1,"minecraft:stone_pickaxe":2,"minecraft:chest":4,"minecraft:stone_hoe":1,"minecraft:crafting_table":2,"minecraft:wooden_pickaxe":1,"minecraft:baked_potato":15,"minecraft:iron_helmet":1,"minecraft:iron_sword":1,"minecraft:bucket":1,"minecraft:birch_planks":24,"minecraft:bread":45,"minecraft:wooden_hoe":1,"minecraft:iron_chestplate":1,"minecraft:shield":1,"minecraft:stick":16,"minecraft:iron_ingot":44,"minecraft:wooden_axe":2,"minecraft:iron_leggings":1,"minecraft:torch":16},"minecraft:killed_by":{"minecraft:zombie":2},"minecraft:dropped":{"minecraft:iron_sword":1,"minecraft:wheat_seeds":68,"minecraft:oak_fence":1,"minecraft:orange_tulip":4,"minecraft:flint":1,"minecraft:dirt":1,"minecraft:cornflower":1,"minecraft:rabbit":1,"minecraft:wooden_sword":1,"minecraft:flowering_azalea":3,"minecraft:string":6,"minecraft:white_wool":2,"minecraft:dandelion":40,"minecraft:pink_tulip":4,"minecraft:oak_door":1,"minecraft:gravel":1,"minecraft:white_tulip":4,"minecraft:coarse_dirt":1,"minecraft:wheat":6,"minecraft:oak_planks":24,"minecraft:lily_of_the_valley":2,"minecraft:rabbit_hide":4,"minecraft:trial_key":1,"minecraft:allium":2,"minecraft:azalea":50,"minecraft:spider_eye":1,"minecraft:wooden_pickaxe":2,"minecraft:stone_pickaxe":5},"minecraft:used":{"minecraft:oak_fence":1,"minecraft:decorated_pot":2,"minecraft:chest":7,"minecraft:shield":5,"minecraft:iron_sword":106,"doggytalents:rice_grains":2,"minecraft:stone_hoe":170,"minecraft:rotten_flesh":15,"minecraft:trial_key":1,"minecraft:iron_chestplate":1,"minecraft:oak_door":2,"minecraft:torch":55,"minecraft:dirt":207,"minecraft:lily_of_the_valley":1,"minecraft:allium":1,"minecraft:wooden_axe":69,"minecraft:iron_axe":14,"minecraft:iron_helmet":1,"minecraft:iron_boots":1,"minecraft:potato":7,"minecraft:iron_leggings":1,"minecraft:wheat_seeds":457,"minecraft:cooked_mutton":10,"minecraft:water_bucket":48,"minecraft:birch_planks":121,"minecraft:stone_pickaxe":195,"minecraft:baked_potato":12,"minecraft:oak_planks":115,"minecraft:wooden_pickaxe":91,"minecraft:crafting_table":3,"minecraft:white_bed":4,"minecraft:wooden_hoe":15,"minecraft:bread":31,"minecraft:iron_pickaxe":7,"minecraft:spruce_sapling":1,"minecraft:wooden_sword":52,"minecraft:cobblestone":108,"minecraft:andesite":22,"minecraft:bucket":49,"minecraft:coarse_dirt":1},"minecraft:custom":{"minecraft:mob_kills":31,"minecraft:animals_bred":18,"minecraft:interact_with_crafting_table":23,"minecraft:open_barrel":12,"minecraft:leave_game":3,"minecraft:time_since_death":144649,"minecraft:sprint_one_cm":551053,"minecraft:walk_one_cm":518680,"minecraft:damage_blocked_by_shield":80,"minecraft:drop":50,"minecraft:talked_to_villager":2,"minecraft:play_time":224247,"minecraft:deaths":3,"minecraft:sneak_time":12979,"minecraft:walk_under_water_one_cm":90177,"minecraft:jump":4411,"minecraft:interact_with_blast_furnace":16,"minecraft:walk_on_water_one_cm":28375,"minecraft:total_world_time":224247,"minecraft:interact_with_furnace":28,"minecraft:interact_with_stonecutter":1,"minecraft:sleep_in_bed":17,"minecraft:time_since_rest":12934,"minecraft:waystone_activated":1,"minecraft:damage_taken":2811,"minecraft:damage_dealt":6572,"minecraft:swim_one_cm":55184,"minecraft:fly_one_cm":974486,"minecraft:open_chest":109,"minecraft:crouch_one_cm":22986,"minecraft:interact_with_smoker":2,"minecraft:fall_one_cm":82014},"minecraft:killed":{"mobs_of_mythology:chupacabra":1,"minecraft:spider":6,"minecraft:skeleton":7,"minecraft:sheep":3,"minecraft:zombie":13},"minecraft:picked_up":{"minecraft:wheat":243,"minecraft:crafting_table":1,"minecraft:coarse_dirt":2,"minecraft:allium":3,"minecraft:ominous_bottle":1,"minecraft:wooden_pickaxe":2,"minecraft:golden_shovel":1,"doggytalents:rice_wheat":5,"minecraft:cornflower":1,"minecraft:string":8,"minecraft:raw_copper":40,"minecraft:experience_bottle":8,"minecraft:trial_key":4,"minecraft:white_tulip":10,"minecraft:azalea":50,"minecraft:chest":3,"mobs_of_mythology:chupacabra_meat":4,"minecraft:stick":74,"minecraft:raw_iron":43,"minecraft:oak_door":3,"minecraft:oak_fence":3,"minecraft:torch":45,"minecraft:arrow":5,"minecraft:rotten_flesh":18,"minecraft:decorated_pot":2,"minecraft:red_tulip":2,"minecraft:pink_tulip":4,"minecraft:mutton":6,"minecraft:cobblestone":155,"minecraft:white_wool":2,"minecraft:birch_log":12,"minecraft:andesite":101,"minecraft:potato":13,"doggytalents:rice_grains":2,"minecraft:birch_planks":97,"minecraft:flint":2,"minecraft:oak_log":67,"minecraft:dirt":172,"minecraft:bone":3,"minecraft:orange_tulip":10,"minecraft:wheat_seeds":700,"minecraft:stone_pickaxe":5,"minecraft:rabbit_hide":4,"minecraft:rabbit":2,"minecraft:flowering_azalea":3,"minecraft:oak_planks":31,"minecraft:iron_sword":2,"minecraft:sweet_berries":2,"minecraft:dandelion":45,"minecraft:gravel":1,"minecraft:spruce_sapling":2,"minecraft:white_bed":4,"minecraft:lily_of_the_valley":3,"minecraft:spider_eye":4,"minecraft:bread":21,"minecraft:coal":98}},"DataVersion":3953}