{"stats":{"minecraft:killed":{"minecraft:iron_golem":1,"minecraft:wandering_trader":1,"minecraft:sheep":3,"minecraft:zombie":2},"minecraft:picked_up":{"minecraft:birch_log":7,"minecraft:crafting_table":1,"minecraft:allium":1,"minecraft:lead":2,"minecraft:wooden_pickaxe":1,"doggytalents:rice_grains":1,"minecraft:oak_log":3,"waystones:deepslate_waystone":1,"minecraft:dirt":16,"minecraft:lantern":1,"minecraft:wooden_sword":1,"minecraft:sea_pickle":2,"minecraft:wheat_seeds":3,"minecraft:iron_ingot":4,"minecraft:poppy":2,"minecraft:sweet_berries":26,"minecraft:dandelion":1,"minecraft:white_bed":1,"minecraft:hay_block":9,"minecraft:spruce_sign":1,"minecraft:mutton":3,"minecraft:white_wool":6,"minecraft:cobblestone":18},"minecraft:crafted":{"minecraft:wooden_sword":1,"minecraft:oak_planks":12,"minecraft:wooden_pickaxe":1,"minecraft:furnace":1,"minecraft:birch_planks":28,"minecraft:stone_axe":1,"minecraft:cooked_mutton":3,"minecraft:air":0,"minecraft:shield":1,"minecraft:stick":20,"minecraft:stone_pickaxe":1,"minecraft:stone_sword":1},"minecraft:custom":{"minecraft:interact_with_furnace":5,"minecraft:mob_kills":7,"minecraft:interact_with_crafting_table":8,"minecraft:open_barrel":4,"minecraft:time_since_death":30246,"minecraft:time_since_rest":30246,"minecraft:waystone_activated":1,"minecraft:sprint_one_cm":62149,"minecraft:damage_taken":382,"minecraft:walk_one_cm":77726,"minecraft:drop":7,"minecraft:damage_dealt":1777,"minecraft:talked_to_villager":2,"minecraft:fly_one_cm":136834,"minecraft:open_chest":5,"minecraft:crouch_one_cm":1593,"minecraft:play_time":30246,"minecraft:sneak_time":662,"minecraft:walk_under_water_one_cm":5338,"minecraft:jump":494,"minecraft:interact_with_blast_furnace":1,"minecraft:walk_on_water_one_cm":27,"minecraft:total_world_time":30246,"minecraft:fall_one_cm":10638},"minecraft:dropped":{"minecraft:wheat_seeds":3,"minecraft:wooden_sword":1,"doggytalents:rice_grains":1,"minecraft:wooden_pickaxe":1,"minecraft:dandelion":1},"minecraft:used":{"minecraft:cooked_mutton":3,"minecraft:stone_sword":35,"minecraft:stone_pickaxe":19,"minecraft:poppy":2,"minecraft:wooden_pickaxe":13,"minecraft:leather_chestplate":1,"minecraft:white_wool":6,"minecraft:dirt":16,"minecraft:crafting_table":1,"minecraft:allium":1,"minecraft:bread":3,"minecraft:stone_axe":10,"minecraft:wooden_sword":2,"minecraft:sweet_berries":7,"minecraft:furnace":1},"minecraft:mined":{"minecraft:white_bed":1,"visualworkbench:minecraft/crafting_table":1,"minecraft:short_grass":6,"minecraft:allium":1,"minecraft:grass_block":14,"minecraft:tall_grass":1,"minecraft:hay_block":9,"minecraft:birch_log":8,"minecraft:sweet_berry_bush":6,"minecraft:birch_leaves":1,"minecraft:oak_log":3,"minecraft:dirt_path":1,"minecraft:dirt":1,"minecraft:stone":18,"minecraft:white_wool":3}},"DataVersion":3953}