{"stats":{"minecraft:killed":{"mobs_of_mythology:chupacabra":1,"minecraft:spider":9,"minecraft:horse":1,"creeperoverhaul:snowy_creeper":1,"minecraft:skeleton":11,"friendsandfoes:glare":1,"livingthings:crab":1,"minecraft:zombie_villager":1,"minecraft:iron_golem":1,"minecraft:wandering_trader":1,"mobs_of_mythology:kobold":2,"minecraft:sheep":5,"minecraft:pillager":5,"minecraft:zombie":23,"livingthings:penguin":1,"mobs_of_mythology:kobold_warrior":5,"livingthings:owl":1,"minecraft:cow":24},"minecraft:picked_up":{"livingthings:crab":1,"minecraft:crafting_table":7,"minecraft:allium":1,"minecraft:ominous_bottle":1,"minecraft:smithing_table":2,"minecraft:lead":2,"minecraft:wooden_pickaxe":1,"mobs_of_mythology:kobold_spear":9,"minecraft:gold_block":9,"minecraft:potion":1,"waystones:deepslate_waystone":1,"minecraft:brick":20,"minecraft:string":9,"minecraft:wooden_sword":1,"minecraft:experience_bottle":5,"minecraft:sea_pickle":2,"minecraft:beef":56,"minecraft:azalea":2,"minecraft:poppy":2,"minecraft:light_gray_wool":3,"minecraft:furnace":5,"mobs_of_mythology:chupacabra_meat":1,"minecraft:dark_oak_sapling":2,"minecraft:stick":2,"minecraft:raw_iron":65,"minecraft:oak_fence":1,"minecraft:torch":2,"minecraft:spruce_stairs":1,"minecraft:polished_blackstone_bricks":1,"artifacts:everlasting_beef":1,"minecraft:arrow":11,"minecraft:rotten_flesh":27,"friendsandfoes:waxed_lightning_rod":1,"minecraft:decorated_pot":2,"minecraft:hay_block":21,"minecraft:carved_pumpkin":1,"minecraft:mutton":6,"minecraft:iron_bars":1,"minecraft:white_wool":12,"minecraft:cobblestone":67,"minecraft:birch_log":7,"minecraft:leather_chestplate":2,"minecraft:feather":3,"minecraft:andesite":1,"minecraft:salmon":2,"minecraft:leather":21,"doggytalents:rice_grains":1,"minecraft:oak_log":9,"livingthings:crab_shell":1,"minecraft:dirt":16,"minecraft:lantern":3,"minecraft:white_banner":1,"minecraft:cooked_mutton":2,"minecraft:bone":9,"minecraft:wheat_seeds":5,"minecraft:deepslate_brick_slab":1,"minecraft:iron_ingot":7,"minecraft:oak_planks":3,"minecraft:book":6,"minecraft:sweet_berries":41,"minecraft:dandelion":1,"minecraft:raw_iron_block":4,"minecraft:sand":24,"minecraft:white_bed":3,"minecraft:spruce_log":31,"minecraft:spider_eye":1,"minecraft:polished_blackstone_pressure_plate":1,"waystones:waystone":3,"minecraft:spruce_sign":11,"minecraft:emerald":29,"minecraft:blue_banner":1,"minecraft:coal":254,"minecraft:ender_pearl":1},"minecraft:crafted":{"minecraft:wooden_sword":1,"minecraft:oak_planks":36,"minecraft:raw_iron":36,"travelersbackpack:crafting_upgrade":1,"minecraft:furnace":3,"travelersbackpack:blank_upgrade":4,"minecraft:cooked_mutton":3,"minecraft:glass":24,"travelersbackpack:white_sleeping_bag":1,"minecraft:iron_boots":1,"minecraft:iron_axe":1,"minecraft:stone_pickaxe":1,"minecraft:chest":2,"minecraft:wheat":189,"minecraft:cooked_beef":11,"travelersbackpack:iron_tier_upgrade":1,"minecraft:crafting_table":6,"minecraft:spruce_planks":124,"minecraft:iron_helmet":1,"travelersbackpack:backpack_tank":4,"travelersbackpack:standard":3,"minecraft:wooden_pickaxe":1,"minecraft:iron_sword":1,"minecraft:smithing_table":1,"minecraft:bucket":1,"minecraft:birch_planks":28,"minecraft:stone_axe":1,"minecraft:bread":65,"minecraft:air":0,"minecraft:light_gray_bed":1,"minecraft:iron_chestplate":1,"minecraft:shield":2,"minecraft:stick":36,"minecraft:iron_ingot":59,"minecraft:iron_pickaxe":2,"minecraft:stone_sword":1,"minecraft:iron_leggings":1,"minecraft:gold_ingot":81,"minecraft:torch":32,"minecraft:shears":1},"minecraft:custom":{"minecraft:interact_with_smithing_table":4,"minecraft:mob_kills":96,"minecraft:animals_bred":1,"minecraft:interact_with_crafting_table":31,"minecraft:open_barrel":18,"minecraft:leave_game":1,"minecraft:time_since_death":149953,"minecraft:climb_one_cm":2304,"minecraft:sprint_one_cm":385696,"minecraft:walk_one_cm":388710,"minecraft:damage_blocked_by_shield":938,"minecraft:drop":107,"minecraft:talked_to_villager":2,"minecraft:play_time":149953,"minecraft:sneak_time":957,"minecraft:walk_under_water_one_cm":30723,"minecraft:jump":2979,"minecraft:interact_with_blast_furnace":1,"minecraft:walk_on_water_one_cm":16149,"minecraft:total_world_time":149953,"minecraft:interact_with_furnace":33,"minecraft:sleep_in_bed":4,"minecraft:time_since_rest":77395,"minecraft:waystone_activated":2,"minecraft:damage_taken":2598,"minecraft:damage_dealt":16059,"minecraft:swim_one_cm":49678,"minecraft:fly_one_cm":832821,"minecraft:open_chest":41,"minecraft:crouch_one_cm":2045,"minecraft:interact_with_smoker":3,"minecraft:horse_one_cm":5377,"minecraft:fall_one_cm":86783},"minecraft:dropped":{"minecraft:spruce_sign":9,"minecraft:iron_sword":1,"minecraft:birch_planks":1,"minecraft:wheat_seeds":5,"minecraft:crafting_table":1,"minecraft:decorated_pot":1,"minecraft:oak_fence":1,"minecraft:feather":3,"minecraft:lead":2,"minecraft:lantern":3,"mobs_of_mythology:kobold_spear":4,"minecraft:mutton":1,"minecraft:wooden_sword":1,"minecraft:polished_blackstone_bricks":1,"minecraft:string":7,"minecraft:white_wool":1,"minecraft:dandelion":3,"minecraft:bone":6,"minecraft:sweet_berries":15,"minecraft:stone_sword":1,"minecraft:rotten_flesh":27,"minecraft:oak_planks":1,"minecraft:filled_map":1,"minecraft:leather_chestplate":2,"minecraft:sea_pickle":2,"minecraft:andesite":1,"minecraft:azalea":2,"minecraft:spider_eye":1,"doggytalents:rice_grains":1,"minecraft:arrow":11,"minecraft:wooden_pickaxe":1,"minecraft:stone_pickaxe":1,"minecraft:brick":20,"friendsandfoes:waxed_lightning_rod":1},"minecraft:used":{"minecraft:stone_sword":80,"minecraft:iron_bars":1,"minecraft:carved_pumpkin":1,"minecraft:poppy":2,"minecraft:spruce_planks":7,"minecraft:decorated_pot":1,"minecraft:shield":35,"minecraft:iron_sword":80,"minecraft:torch":10,"minecraft:dirt":16,"minecraft:spruce_stairs":1,"minecraft:allium":1,"minecraft:deepslate_brick_slab":1,"mobs_of_mythology:kobold_spear":173,"minecraft:iron_axe":12,"minecraft:sweet_berries":7,"minecraft:goat_horn":3,"minecraft:furnace":7,"minecraft:cooked_mutton":5,"minecraft:water_bucket":2,"minecraft:stone_pickaxe":19,"minecraft:oak_planks":22,"minecraft:wooden_pickaxe":13,"minecraft:leather_chestplate":1,"minecraft:spruce_sign":2,"minecraft:white_wool":8,"minecraft:polished_blackstone_pressure_plate":1,"minecraft:crafting_table":11,"minecraft:white_bed":3,"minecraft:shears":3,"minecraft:bread":58,"minecraft:iron_pickaxe":212,"livingthings:crab":1,"minecraft:stone_axe":73,"minecraft:wooden_sword":2,"minecraft:cobblestone":33,"travelersbackpack:standard":2,"minecraft:smithing_table":2,"minecraft:bucket":6,"minecraft:experience_bottle":8},"minecraft:mined":{"minecraft:white_bed":3,"minecraft:carved_pumpkin":1,"minecraft:allium":1,"minecraft:grass_block":14,"minecraft:decorated_pot":7,"minecraft:spawner":6,"friendsandfoes:waxed_lightning_rod":1,"minecraft:large_fern":2,"minecraft:hay_block":21,"minecraft:polished_blackstone_bricks":1,"minecraft:deepslate_brick_slab":1,"minecraft:raw_iron_block":4,"minecraft:furnace":5,"minecraft:iron_ore":23,"minecraft:andesite":1,"minecraft:gold_block":9,"minecraft:bookshelf":2,"minecraft:dirt_path":1,"minecraft:iron_bars":1,"minecraft:stone":67,"minecraft:white_wool":6,"minecraft:smithing_table":2,"minecraft:blue_banner":1,"minecraft:glass_pane":1,"minecraft:oak_fence":6,"visualworkbench:minecraft/crafting_table":6,"minecraft:crafting_table":1,"minecraft:torch":1,"minecraft:short_grass":8,"minecraft:emerald_ore":3,"minecraft:tall_grass":1,"minecraft:cobblestone":2,"minecraft:oak_planks":3,"minecraft:spruce_stairs":1,"minecraft:birch_log":8,"minecraft:sweet_berry_bush":12,"minecraft:spruce_log":39,"minecraft:birch_leaves":1,"minecraft:light_gray_wool":3,"minecraft:oak_log":14,"minecraft:coal_ore":97,"minecraft:sand":25,"minecraft:dirt":1,"minecraft:cobweb":1,"minecraft:fern":3}},"DataVersion":3953}