{"stats":{"minecraft:killed":{"minecraft:spider":6,"minecraft:iron_golem":1,"minecraft:wandering_trader":1,"minecraft:sheep":5,"minecraft:skeleton":8,"minecraft:zombie":10,"mobs_of_mythology:kobold_warrior":1},"minecraft:picked_up":{"minecraft:birch_log":7,"minecraft:crafting_table":1,"minecraft:allium":1,"minecraft:lead":2,"minecraft:wooden_pickaxe":1,"mobs_of_mythology:kobold_spear":1,"minecraft:gold_block":1,"doggytalents:rice_grains":1,"minecraft:potion":1,"minecraft:oak_log":3,"waystones:deepslate_waystone":1,"minecraft:brick":16,"minecraft:string":5,"minecraft:dirt":16,"minecraft:lantern":1,"minecraft:wooden_sword":1,"minecraft:experience_bottle":5,"minecraft:bone":6,"minecraft:sea_pickle":2,"minecraft:wheat_seeds":5,"minecraft:iron_ingot":7,"minecraft:poppy":2,"minecraft:raw_iron":8,"minecraft:sweet_berries":41,"minecraft:dandelion":1,"minecraft:sand":2,"minecraft:white_bed":2,"minecraft:arrow":8,"minecraft:rotten_flesh":11,"minecraft:hay_block":9,"minecraft:spruce_sign":2,"minecraft:emerald":12,"minecraft:coal":93,"minecraft:mutton":5,"minecraft:white_wool":8,"minecraft:cobblestone":44,"minecraft:ender_pearl":1},"minecraft:crafted":{"minecraft:wooden_sword":1,"minecraft:oak_planks":12,"minecraft:crafting_table":2,"minecraft:wooden_pickaxe":1,"minecraft:iron_sword":1,"minecraft:furnace":1,"minecraft:birch_planks":28,"minecraft:stone_axe":1,"minecraft:bread":27,"minecraft:cooked_mutton":3,"minecraft:air":0,"minecraft:shield":1,"minecraft:stick":36,"minecraft:iron_pickaxe":1,"minecraft:stone_pickaxe":1,"minecraft:stone_sword":1,"minecraft:torch":32,"minecraft:wheat":81},"minecraft:custom":{"minecraft:interact_with_furnace":5,"minecraft:mob_kills":33,"minecraft:interact_with_crafting_table":10,"minecraft:open_barrel":4,"minecraft:time_since_death":54246,"minecraft:sleep_in_bed":1,"minecraft:time_since_rest":11630,"minecraft:waystone_activated":1,"minecraft:sprint_one_cm":119654,"minecraft:damage_taken":1348,"minecraft:walk_one_cm":158757,"minecraft:damage_blocked_by_shield":768,"minecraft:drop":25,"minecraft:damage_dealt":6032,"minecraft:swim_one_cm":15994,"minecraft:talked_to_villager":2,"minecraft:fly_one_cm":231662,"minecraft:open_chest":6,"minecraft:crouch_one_cm":1593,"minecraft:play_time":54246,"minecraft:sneak_time":666,"minecraft:walk_under_water_one_cm":26219,"minecraft:jump":873,"minecraft:interact_with_blast_furnace":1,"minecraft:walk_on_water_one_cm":4280,"minecraft:total_world_time":54246,"minecraft:fall_one_cm":20503},"minecraft:dropped":{"minecraft:spruce_sign":1,"minecraft:wheat_seeds":4,"minecraft:stone_sword":1,"minecraft:rotten_flesh":10,"minecraft:lantern":1,"minecraft:sea_pickle":2,"minecraft:wooden_sword":1,"doggytalents:rice_grains":1,"minecraft:stone_pickaxe":1,"minecraft:wooden_pickaxe":1,"minecraft:brick":16,"minecraft:dandelion":1},"minecraft:used":{"minecraft:cooked_mutton":3,"minecraft:stone_sword":80,"minecraft:stone_pickaxe":19,"minecraft:poppy":2,"minecraft:shield":29,"minecraft:wooden_pickaxe":13,"minecraft:leather_chestplate":1,"minecraft:iron_sword":57,"minecraft:spruce_sign":1,"minecraft:torch":3,"minecraft:white_wool":8,"minecraft:dirt":16,"minecraft:crafting_table":3,"minecraft:allium":1,"minecraft:white_bed":1,"minecraft:bread":23,"minecraft:iron_pickaxe":137,"minecraft:stone_axe":10,"minecraft:wooden_sword":2,"minecraft:cobblestone":9,"minecraft:sweet_berries":7,"minecraft:furnace":1,"minecraft:experience_bottle":5},"minecraft:mined":{"minecraft:white_bed":2,"visualworkbench:minecraft/crafting_table":1,"minecraft:emerald_ore":1,"minecraft:short_grass":7,"minecraft:decorated_pot":4,"minecraft:allium":1,"minecraft:grass_block":14,"minecraft:cobblestone":2,"minecraft:tall_grass":1,"minecraft:large_fern":2,"minecraft:hay_block":9,"minecraft:birch_log":8,"minecraft:iron_ore":8,"minecraft:sweet_berry_bush":12,"minecraft:birch_leaves":1,"minecraft:gold_block":1,"minecraft:coal_ore":97,"minecraft:oak_log":3,"minecraft:dirt_path":1,"minecraft:sand":3,"minecraft:dirt":1,"minecraft:cobweb":1,"minecraft:stone":42,"minecraft:white_wool":3,"minecraft:fern":3}},"DataVersion":3953}