{"stats":{"minecraft:killed":{"mobs_of_mythology:chupacabra":1,"minecraft:spider":17,"creeperoverhaul:dripstone_creeper":1,"minecraft:horse":1,"creeperoverhaul:snowy_creeper":1,"minecraft:skeleton":24,"friendsandfoes:glare":1,"friendsandfoes:mauler":1,"livingthings:crab":1,"artifacts:mimic":1,"minecraft:zombie_villager":1,"minecraft:iron_golem":1,"minecraft:wandering_trader":1,"mobs_of_mythology:kobold":2,"minecraft:ravager":1,"minecraft:sheep":5,"minecraft:pillager":8,"minecraft:zombie":40,"livingthings:penguin":1,"mobs_of_mythology:kobold_warrior":5,"livingthings:owl":1,"minecraft:cow":27},"minecraft:picked_up":{"livingthings:crab":1,"minecraft:crafting_table":7,"minecraft:allium":1,"minecraft:ominous_bottle":1,"minecraft:brown_mushroom":4,"minecraft:smithing_table":3,"minecraft:lead":2,"minecraft:wooden_pickaxe":1,"mobs_of_mythology:kobold_spear":9,"minecraft:gold_block":9,"minecraft:potion":1,"waystones:deepslate_waystone":1,"minecraft:brick":20,"minecraft:cornflower":1,"minecraft:string":14,"minecraft:moss_carpet":1,"minecraft:wooden_sword":1,"minecraft:experience_bottle":10,"minecraft:sea_pickle":2,"minecraft:spruce_planks":1,"minecraft:beef":61,"minecraft:trial_key":1,"minecraft:azalea":2,"minecraft:poppy":2,"minecraft:light_gray_wool":3,"minecraft:enchanted_golden_apple":1,"minecraft:iron_boots":1,"minecraft:birch_sapling":1,"minecraft:egg":1,"minecraft:furnace":5,"mobs_of_mythology:chupacabra_meat":2,"minecraft:dark_oak_sapling":2,"minecraft:stick":4,"minecraft:raw_iron":139,"minecraft:copper_ingot":8,"minecraft:oak_fence":3,"minecraft:torch":3,"minecraft:spruce_stairs":1,"minecraft:polished_blackstone_bricks":1,"minecraft:cake":1,"artifacts:everlasting_beef":1,"artifacts:lucky_scarf":1,"minecraft:light_gray_bed":8,"minecraft:arrow":30,"minecraft:rotten_flesh":41,"friendsandfoes:waxed_lightning_rod":1,"minecraft:decorated_pot":2,"minecraft:hay_block":21,"minecraft:carved_pumpkin":1,"minecraft:saddle":1,"minecraft:white_terracotta":12,"minecraft:mutton":6,"minecraft:iron_bars":1,"minecraft:white_wool":12,"minecraft:cobblestone":94,"minecraft:birch_log":10,"minecraft:leather_chestplate":2,"minecraft:feather":3,"minecraft:golden_carrot":7,"minecraft:water_bucket":1,"minecraft:glow_ink_sac":2,"minecraft:andesite":5,"minecraft:salmon":2,"minecraft:leather":22,"minecraft:red_mushroom":3,"minecraft:birch_planks":1,"doggytalents:rice_grains":1,"waystones:sandy_waystone":1,"minecraft:oak_log":9,"minecraft:gunpowder":3,"livingthings:crab_shell":1,"minecraft:dirt":17,"minecraft:lantern":3,"minecraft:white_banner":2,"minecraft:cooked_mutton":2,"minecraft:bone":21,"minecraft:wheat_seeds":12,"minecraft:deepslate_brick_slab":1,"minecraft:iron_ingot":7,"minecraft:bolt_armor_trim_smithing_template":1,"minecraft:oak_planks":3,"minecraft:book":6,"minecraft:sweet_berries":41,"minecraft:dandelion":1,"minecraft:raw_iron_block":4,"minecraft:sand":24,"minecraft:white_bed":3,"minecraft:spruce_log":31,"minecraft:spider_eye":2,"minecraft:light_gray_terracotta":11,"minecraft:polished_blackstone_pressure_plate":1,"waystones:waystone":4,"minecraft:granite":1,"minecraft:golden_apple":2,"minecraft:bread":2,"minecraft:spruce_sign":11,"minecraft:emerald":29,"minecraft:blue_banner":1,"minecraft:coal":339,"minecraft:ender_pearl":1},"minecraft:crafted":{"minecraft:wooden_sword":1,"minecraft:oak_planks":36,"minecraft:raw_iron":36,"travelersbackpack:crafting_upgrade":1,"minecraft:furnace":3,"travelersbackpack:blank_upgrade":4,"travelersbackpack:gold_tier_upgrade":1,"minecraft:cooked_mutton":3,"minecraft:glass":24,"travelersbackpack:white_sleeping_bag":1,"minecraft:iron_boots":3,"minecraft:iron_axe":1,"minecraft:stone_pickaxe":1,"minecraft:chest":3,"minecraft:wheat":189,"minecraft:cooked_beef":11,"travelersbackpack:iron_tier_upgrade":1,"minecraft:crafting_table":6,"minecraft:spruce_planks":124,"minecraft:iron_helmet":3,"travelersbackpack:backpack_tank":4,"travelersbackpack:standard":4,"minecraft:wooden_pickaxe":1,"minecraft:iron_sword":3,"minecraft:smithing_table":1,"minecraft:bucket":1,"minecraft:birch_planks":40,"minecraft:stone_axe":1,"minecraft:bread":65,"minecraft:air":0,"minecraft:light_gray_bed":1,"minecraft:iron_chestplate":1,"minecraft:shield":2,"minecraft:stick":40,"minecraft:iron_ingot":59,"minecraft:iron_pickaxe":4,"minecraft:stone_sword":1,"minecraft:iron_leggings":3,"minecraft:gold_ingot":81,"minecraft:torch":32,"minecraft:shears":1},"minecraft:custom":{"minecraft:interact_with_smithing_table":6,"minecraft:mob_kills":147,"minecraft:animals_bred":1,"minecraft:interact_with_crafting_table":31,"minecraft:open_barrel":39,"minecraft:eat_cake_slice":2,"minecraft:leave_game":1,"minecraft:time_since_death":227953,"minecraft:climb_one_cm":2304,"minecraft:sprint_one_cm":520565,"minecraft:walk_one_cm":567955,"minecraft:damage_blocked_by_shield":1513,"minecraft:drop":139,"minecraft:talked_to_villager":2,"minecraft:play_time":227953,"minecraft:sneak_time":1167,"minecraft:walk_under_water_one_cm":59197,"minecraft:jump":4072,"minecraft:interact_with_blast_furnace":1,"minecraft:walk_on_water_one_cm":30516,"minecraft:total_world_time":227953,"minecraft:interact_with_furnace":35,"minecraft:interact_with_cartography_table":1,"minecraft:sleep_in_bed":12,"minecraft:time_since_rest":871,"minecraft:waystone_activated":6,"minecraft:damage_taken":4081,"minecraft:damage_absorbed":39,"minecraft:damage_dealt":26338,"minecraft:swim_one_cm":58280,"minecraft:fly_one_cm":1030477,"minecraft:open_chest":56,"minecraft:crouch_one_cm":2471,"minecraft:interact_with_smoker":3,"minecraft:horse_one_cm":72493,"minecraft:fall_one_cm":122558},"minecraft:dropped":{"minecraft:water_bucket":1,"minecraft:spruce_sign":9,"minecraft:bread":2,"minecraft:iron_sword":1,"minecraft:birch_planks":1,"minecraft:wheat_seeds":10,"minecraft:glow_ink_sac":2,"minecraft:crafting_table":1,"minecraft:decorated_pot":1,"minecraft:oak_fence":1,"minecraft:feather":3,"minecraft:lead":2,"minecraft:lantern":3,"minecraft:granite":1,"mobs_of_mythology:kobold_spear":4,"minecraft:mutton":1,"minecraft:wooden_sword":1,"minecraft:bone_meal":13,"minecraft:white_banner":1,"minecraft:polished_blackstone_bricks":1,"minecraft:paper":26,"minecraft:string":7,"minecraft:white_wool":1,"minecraft:dandelion":3,"minecraft:bone":8,"minecraft:moss_carpet":1,"minecraft:sweet_berries":15,"minecraft:stone_sword":1,"minecraft:rotten_flesh":28,"minecraft:oak_planks":1,"minecraft:shears":1,"minecraft:filled_map":1,"minecraft:leather_chestplate":2,"minecraft:sea_pickle":2,"minecraft:andesite":1,"minecraft:azalea":2,"minecraft:spider_eye":1,"doggytalents:rice_grains":1,"minecraft:arrow":12,"minecraft:wooden_pickaxe":1,"minecraft:stone_pickaxe":1,"minecraft:splash_potion":1,"minecraft:brick":20,"friendsandfoes:waxed_lightning_rod":1},"minecraft:used":{"minecraft:oak_fence":2,"waystones:sandy_waystone":1,"minecraft:stone_sword":80,"minecraft:iron_bars":1,"minecraft:carved_pumpkin":1,"minecraft:poppy":2,"minecraft:white_terracotta":12,"minecraft:chest":1,"minecraft:spruce_planks":8,"minecraft:decorated_pot":1,"minecraft:shield":58,"minecraft:iron_sword":288,"minecraft:trial_key":1,"minecraft:torch":34,"minecraft:dirt":17,"minecraft:spruce_stairs":1,"minecraft:allium":1,"minecraft:deepslate_brick_slab":1,"mobs_of_mythology:kobold_spear":173,"minecraft:iron_axe":22,"minecraft:birch_sapling":1,"minecraft:iron_boots":1,"minecraft:sweet_berries":7,"minecraft:goat_horn":4,"minecraft:furnace":7,"minecraft:light_gray_bed":8,"minecraft:cooked_mutton":5,"minecraft:water_bucket":51,"minecraft:birch_planks":13,"minecraft:stone_pickaxe":19,"minecraft:oak_planks":22,"minecraft:wooden_pickaxe":13,"minecraft:leather_chestplate":1,"minecraft:spruce_sign":2,"minecraft:golden_apple":1,"minecraft:white_wool":8,"minecraft:polished_blackstone_pressure_plate":1,"minecraft:crafting_table":11,"minecraft:light_gray_terracotta":11,"minecraft:white_bed":3,"minecraft:shears":3,"minecraft:cake":1,"waystones:waystone":1,"minecraft:bread":87,"minecraft:iron_pickaxe":391,"livingthings:crab":1,"minecraft:stone_axe":73,"minecraft:wooden_sword":2,"minecraft:cobblestone":54,"travelersbackpack:standard":5,"minecraft:smithing_table":3,"minecraft:bucket":60,"minecraft:experience_bottle":10},"minecraft:mined":{"minecraft:spruce_planks":1,"minecraft:white_bed":3,"minecraft:carved_pumpkin":1,"minecraft:granite":1,"minecraft:allium":1,"minecraft:grass_block":14,"minecraft:decorated_pot":7,"minecraft:light_gray_bed":8,"minecraft:spawner":6,"friendsandfoes:waxed_lightning_rod":1,"minecraft:large_fern":3,"minecraft:hay_block":21,"minecraft:polished_blackstone_bricks":1,"minecraft:deepslate_brick_slab":1,"minecraft:raw_iron_block":4,"minecraft:furnace":5,"minecraft:iron_ore":83,"minecraft:andesite":3,"minecraft:gold_block":9,"minecraft:bookshelf":2,"minecraft:dirt_path":2,"minecraft:iron_bars":1,"minecraft:stone":87,"minecraft:white_wool":6,"minecraft:smithing_table":3,"minecraft:blue_banner":1,"minecraft:glass_pane":1,"minecraft:light_gray_terracotta":12,"minecraft:oak_fence":8,"visualworkbench:minecraft/crafting_table":6,"minecraft:crafting_table":1,"minecraft:torch":1,"minecraft:short_grass":11,"minecraft:emerald_ore":3,"minecraft:dead_bush":1,"minecraft:tall_grass":1,"minecraft:cobblestone":6,"minecraft:oak_planks":3,"minecraft:wall_torch":1,"minecraft:spruce_stairs":1,"minecraft:white_terracotta":12,"minecraft:birch_planks":1,"minecraft:birch_log":11,"minecraft:sweet_berry_bush":12,"minecraft:spruce_log":39,"minecraft:birch_leaves":1,"minecraft:light_gray_wool":3,"minecraft:white_wall_banner":1,"minecraft:oak_log":14,"minecraft:coal_ore":161,"minecraft:sand":25,"minecraft:dirt":1,"minecraft:cobweb":1,"minecraft:fern":3}},"DataVersion":3953}