{"stats":{"minecraft:killed":{"minecraft:wandering_trader":1},"minecraft:picked_up":{"minecraft:crafting_table":1,"minecraft:lead":2,"minecraft:wheat_seeds":3,"minecraft:dandelion":1,"doggytalents:rice_grains":1,"minecraft:oak_log":3,"minecraft:dirt":13},"minecraft:crafted":{"minecraft:oak_planks":12},"minecraft:custom":{"minecraft:time_since_rest":6246,"minecraft:crouch_one_cm":1359,"minecraft:play_time":6246,"minecraft:sprint_one_cm":12786,"minecraft:damage_taken":160,"minecraft:walk_one_cm":17021,"minecraft:sneak_time":219,"minecraft:mob_kills":1,"minecraft:drop":5,"minecraft:jump":119,"minecraft:damage_dealt":180,"minecraft:time_since_death":6246,"minecraft:total_world_time":6246,"minecraft:talked_to_villager":1,"minecraft:fall_one_cm":3081,"minecraft:fly_one_cm":29394},"minecraft:dropped":{"doggytalents:rice_grains":1,"minecraft:wheat_seeds":3,"minecraft:dandelion":1},"minecraft:used":{"minecraft:dirt":13},"minecraft:mined":{"minecraft:short_grass":4,"minecraft:oak_log":3,"minecraft:grass_block":12,"minecraft:dirt":1,"visualworkbench:minecraft/crafting_table":1}},"DataVersion":3953}