{"stats":{"minecraft:killed":{"mobs_of_mythology:chupacabra":1,"minecraft:spider":18,"creeperoverhaul:dripstone_creeper":1,"minecraft:horse":1,"creeperoverhaul:snowy_creeper":1,"minecraft:skeleton":24,"friendsandfoes:glare":1,"friendsandfoes:mauler":1,"livingthings:crab":1,"artifacts:mimic":1,"mobs_of_mythology:drake":1,"minecraft:zombie_villager":2,"minecraft:iron_golem":1,"minecraft:wandering_trader":1,"mobs_of_mythology:kobold":2,"minecraft:ravager":1,"minecraft:sheep":5,"minecraft:pillager":8,"minecraft:zombie":40,"livingthings:penguin":1,"mobs_of_mythology:kobold_warrior":5,"livingthings:owl":1,"minecraft:cow":27},"minecraft:picked_up":{"livingthings:crab":1,"minecraft:crafting_table":7,"minecraft:allium":1,"minecraft:ominous_bottle":1,"minecraft:brown_mushroom":4,"minecraft:smithing_table":3,"minecraft:lead":2,"minecraft:wooden_pickaxe":1,"mobs_of_mythology:kobold_spear":9,"minecraft:gold_block":12,"minecraft:potion":1,"waystones:deepslate_waystone":1,"minecraft:brick":20,"minecraft:cornflower":1,"minecraft:string":14,"minecraft:moss_carpet":1,"minecraft:wooden_sword":1,"minecraft:experience_bottle":10,"minecraft:sea_pickle":2,"minecraft:spruce_planks":1,"minecraft:beef":61,"minecraft:trial_key":1,"minecraft:azalea":5,"minecraft:poppy":2,"minecraft:light_gray_wool":3,"minecraft:enchanted_golden_apple":1,"minecraft:iron_boots":1,"minecraft:birch_sapling":1,"minecraft:egg":4,"minecraft:furnace":5,"mobs_of_mythology:chupacabra_meat":2,"minecraft:dark_oak_sapling":2,"minecraft:stick":4,"minecraft:raw_iron":139,"minecraft:copper_ingot":8,"minecraft:oak_fence":3,"minecraft:torch":4,"minecraft:spruce_stairs":1,"minecraft:polished_blackstone_bricks":1,"minecraft:cake":1,"travelersbackpack:crafting_upgrade":1,"artifacts:everlasting_beef":1,"artifacts:lucky_scarf":1,"minecraft:light_gray_bed":10,"minecraft:arrow":30,"minecraft:rotten_flesh":41,"friendsandfoes:waxed_lightning_rod":1,"minecraft:decorated_pot":2,"minecraft:hay_block":21,"minecraft:carved_pumpkin":1,"minecraft:saddle":1,"minecraft:black_banner":2,"minecraft:white_terracotta":16,"minecraft:mutton":6,"minecraft:iron_bars":1,"minecraft:white_wool":28,"minecraft:cobblestone":94,"minecraft:birch_log":10,"minecraft:leather_chestplate":2,"minecraft:feather":3,"minecraft:golden_carrot":7,"minecraft:water_bucket":1,"minecraft:glow_ink_sac":2,"minecraft:andesite":5,"minecraft:salmon":2,"minecraft:leather":23,"minecraft:red_mushroom":3,"minecraft:birch_planks":1,"doggytalents:rice_grains":1,"waystones:sandy_waystone":1,"minecraft:oak_log":10,"minecraft:gunpowder":3,"livingthings:crab_shell":1,"minecraft:dirt":17,"minecraft:lantern":3,"minecraft:white_banner":3,"minecraft:cooked_mutton":2,"minecraft:bone":21,"minecraft:wheat_seeds":12,"minecraft:deepslate_brick_slab":1,"minecraft:iron_ingot":7,"minecraft:bolt_armor_trim_smithing_template":1,"minecraft:iron_sword":1,"minecraft:oak_planks":3,"minecraft:book":6,"minecraft:sweet_berries":41,"minecraft:dandelion":1,"minecraft:raw_iron_block":4,"minecraft:sand":36,"minecraft:white_bed":3,"minecraft:spruce_log":31,"minecraft:spider_eye":2,"travelersbackpack:white_sleeping_bag":1,"minecraft:light_gray_terracotta":11,"minecraft:spruce_boat":2,"minecraft:polished_blackstone_pressure_plate":1,"waystones:waystone":5,"minecraft:granite":1,"minecraft:golden_apple":2,"minecraft:bread":2,"minecraft:spruce_sign":11,"minecraft:emerald":29,"minecraft:blue_banner":1,"minecraft:netherrack":2,"minecraft:coal":339,"minecraft:ender_pearl":1},"minecraft:crafted":{"minecraft:wooden_sword":1,"minecraft:oak_planks":36,"minecraft:raw_iron":36,"travelersbackpack:crafting_upgrade":2,"minecraft:furnace":3,"travelersbackpack:blank_upgrade":4,"travelersbackpack:gold_tier_upgrade":1,"minecraft:cooked_mutton":3,"minecraft:glass":24,"travelersbackpack:white_sleeping_bag":2,"minecraft:iron_boots":3,"minecraft:iron_axe":1,"minecraft:stone_pickaxe":1,"minecraft:chest":3,"minecraft:spruce_boat":1,"minecraft:wheat":189,"minecraft:cooked_beef":11,"travelersbackpack:iron_tier_upgrade":1,"minecraft:crafting_table":7,"minecraft:spruce_planks":124,"minecraft:iron_helmet":3,"travelersbackpack:backpack_tank":4,"travelersbackpack:standard":4,"minecraft:wooden_pickaxe":1,"minecraft:iron_sword":3,"minecraft:smithing_table":1,"minecraft:bucket":1,"minecraft:birch_planks":40,"minecraft:stone_axe":1,"minecraft:bread":65,"minecraft:air":0,"minecraft:light_gray_bed":1,"minecraft:iron_chestplate":1,"minecraft:shield":2,"minecraft:stick":40,"minecraft:iron_ingot":59,"minecraft:iron_pickaxe":4,"minecraft:stone_sword":1,"minecraft:iron_leggings":3,"minecraft:gold_ingot":108,"minecraft:torch":32,"minecraft:shears":1},"minecraft:custom":{"minecraft:interact_with_smithing_table":6,"minecraft:mob_kills":150,"minecraft:animals_bred":1,"minecraft:interact_with_crafting_table":33,"minecraft:open_barrel":39,"minecraft:eat_cake_slice":7,"minecraft:leave_game":1,"minecraft:time_since_death":263953,"minecraft:climb_one_cm":2304,"minecraft:sprint_one_cm":580825,"minecraft:walk_one_cm":623269,"minecraft:damage_blocked_by_shield":1538,"minecraft:drop":235,"minecraft:talked_to_villager":4,"minecraft:play_time":263953,"minecraft:sneak_time":1275,"minecraft:walk_under_water_one_cm":85790,"minecraft:boat_one_cm":45229,"minecraft:jump":4591,"minecraft:interact_with_blast_furnace":1,"minecraft:walk_on_water_one_cm":33323,"minecraft:total_world_time":263953,"minecraft:interact_with_furnace":47,"minecraft:interact_with_cartography_table":1,"minecraft:sleep_in_bed":13,"minecraft:time_since_rest":15854,"minecraft:waystone_activated":7,"minecraft:damage_taken":4471,"minecraft:damage_absorbed":39,"minecraft:damage_dealt":27058,"minecraft:swim_one_cm":62894,"minecraft:fly_one_cm":1118753,"minecraft:open_chest":57,"minecraft:crouch_one_cm":2564,"minecraft:interact_with_smoker":3,"minecraft:horse_one_cm":226585,"minecraft:fall_one_cm":141765},"minecraft:dropped":{"minecraft:brown_mushroom":4,"minecraft:water_bucket":1,"minecraft:spruce_sign":9,"minecraft:bread":2,"minecraft:iron_sword":2,"minecraft:birch_planks":1,"minecraft:wheat_seeds":12,"minecraft:oak_log":1,"minecraft:glow_ink_sac":2,"minecraft:smithing_table":1,"minecraft:crafting_table":1,"minecraft:decorated_pot":1,"minecraft:oak_fence":1,"minecraft:feather":3,"minecraft:lead":2,"minecraft:lantern":3,"minecraft:leather":6,"minecraft:granite":1,"minecraft:copper_ingot":8,"mobs_of_mythology:kobold_spear":5,"minecraft:black_banner":1,"minecraft:stick":1,"minecraft:red_mushroom":3,"minecraft:cornflower":1,"minecraft:mutton":1,"minecraft:wooden_sword":1,"minecraft:bone_meal":13,"minecraft:white_banner":1,"minecraft:polished_blackstone_bricks":1,"minecraft:paper":26,"minecraft:string":12,"minecraft:white_wool":14,"minecraft:gold_ingot":27,"minecraft:dandelion":3,"minecraft:bone":8,"minecraft:goat_horn":1,"minecraft:moss_carpet":1,"minecraft:sweet_berries":15,"minecraft:stone_sword":1,"minecraft:rotten_flesh":42,"minecraft:iron_boots":1,"minecraft:oak_planks":1,"minecraft:white_terracotta":4,"minecraft:shears":1,"minecraft:filled_map":1,"minecraft:leather_chestplate":2,"minecraft:sea_pickle":2,"minecraft:gunpowder":3,"travelersbackpack:white_sleeping_bag":2,"minecraft:spruce_planks":4,"travelersbackpack:crafting_upgrade":2,"minecraft:andesite":1,"minecraft:azalea":5,"waystones:deepslate_waystone":1,"minecraft:spider_eye":2,"doggytalents:rice_grains":1,"minecraft:arrow":30,"minecraft:wooden_pickaxe":1,"minecraft:stone_pickaxe":1,"minecraft:iron_ingot":11,"minecraft:splash_potion":1,"minecraft:netherrack":2,"minecraft:golden_boots":1,"minecraft:egg":1,"minecraft:brick":20,"friendsandfoes:waxed_lightning_rod":1},"minecraft:used":{"minecraft:oak_fence":2,"waystones:sandy_waystone":1,"minecraft:stone_sword":80,"minecraft:iron_bars":1,"minecraft:carved_pumpkin":1,"minecraft:poppy":2,"minecraft:white_terracotta":12,"minecraft:chest":1,"minecraft:spruce_planks":8,"minecraft:decorated_pot":1,"minecraft:shield":59,"minecraft:iron_sword":308,"minecraft:trial_key":1,"minecraft:torch":34,"minecraft:dirt":17,"minecraft:spruce_stairs":1,"minecraft:allium":1,"minecraft:deepslate_brick_slab":1,"minecraft:spruce_boat":2,"mobs_of_mythology:kobold_spear":173,"minecraft:iron_axe":22,"minecraft:birch_sapling":1,"minecraft:iron_boots":1,"minecraft:sweet_berries":7,"minecraft:goat_horn":5,"minecraft:furnace":8,"minecraft:light_gray_bed":10,"minecraft:cooked_mutton":5,"minecraft:water_bucket":62,"minecraft:birch_planks":13,"minecraft:stone_pickaxe":19,"minecraft:oak_planks":22,"minecraft:wooden_pickaxe":13,"minecraft:leather_chestplate":1,"minecraft:spruce_sign":2,"minecraft:golden_apple":1,"minecraft:white_wool":8,"minecraft:polished_blackstone_pressure_plate":1,"minecraft:crafting_table":11,"minecraft:light_gray_terracotta":11,"minecraft:white_bed":3,"minecraft:shears":3,"minecraft:cake":1,"waystones:waystone":2,"minecraft:bread":97,"minecraft:iron_pickaxe":403,"livingthings:crab":1,"minecraft:stone_axe":73,"minecraft:wooden_sword":2,"minecraft:cobblestone":60,"travelersbackpack:standard":5,"minecraft:smithing_table":3,"minecraft:bucket":73,"minecraft:experience_bottle":15},"minecraft:mined":{"minecraft:spruce_planks":1,"minecraft:white_bed":3,"minecraft:carved_pumpkin":1,"minecraft:granite":1,"minecraft:allium":1,"minecraft:grass_block":14,"minecraft:decorated_pot":7,"minecraft:light_gray_bed":10,"minecraft:spawner":6,"friendsandfoes:waxed_lightning_rod":1,"minecraft:large_fern":3,"minecraft:hay_block":21,"minecraft:polished_blackstone_bricks":1,"minecraft:deepslate_brick_slab":1,"minecraft:raw_iron_block":4,"minecraft:furnace":5,"minecraft:iron_ore":83,"minecraft:andesite":3,"minecraft:gold_block":12,"minecraft:bookshelf":2,"minecraft:dirt_path":2,"minecraft:iron_bars":1,"minecraft:stone":87,"minecraft:white_wool":6,"minecraft:smithing_table":3,"minecraft:blue_banner":1,"minecraft:glass_pane":1,"minecraft:light_gray_terracotta":12,"minecraft:oak_fence":8,"visualworkbench:minecraft/crafting_table":6,"minecraft:crafting_table":1,"minecraft:torch":1,"minecraft:short_grass":12,"minecraft:emerald_ore":3,"minecraft:dead_bush":1,"minecraft:tall_grass":1,"minecraft:cobblestone":6,"minecraft:oak_planks":3,"minecraft:wall_torch":1,"minecraft:spruce_stairs":1,"minecraft:white_terracotta":17,"minecraft:birch_planks":1,"minecraft:black_wall_banner":1,"minecraft:birch_log":11,"minecraft:sweet_berry_bush":12,"minecraft:spruce_log":39,"minecraft:birch_leaves":1,"minecraft:light_gray_wool":3,"minecraft:white_wall_banner":2,"minecraft:oak_log":14,"minecraft:coal_ore":161,"minecraft:sand":37,"minecraft:dirt":1,"minecraft:cobweb":1,"minecraft:netherrack":3,"minecraft:fern":3}},"DataVersion":3953}