{"stats":{"minecraft:killed":{"mobs_of_mythology:chupacabra":2,"minecraft:spider":23,"creeperoverhaul:dripstone_creeper":1,"minecraft:skeleton":31,"friendsandfoes:glare":1,"artifacts:mimic":1,"minecraft:zombie_villager":2,"minecraft:iron_golem":1,"minecraft:sheep":5,"minecraft:pillager":8,"minecraft:zombie":53,"livingthings:owl":1,"minecraft:cow":27,"creeperoverhaul:snowy_creeper":1,"minecraft:horse":1,"friendsandfoes:mauler":1,"livingthings:crab":1,"mobs_of_mythology:drake":1,"minecraft:wandering_trader":1,"mobs_of_mythology:kobold":2,"minecraft:ravager":1,"livingthings:penguin":1,"mobs_of_mythology:kobold_warrior":5},"minecraft:picked_up":{"livingthings:crab":1,"minecraft:smithing_table":3,"minecraft:lead":2,"mobs_of_mythology:kobold_spear":9,"minecraft:potion":1,"minecraft:string":14,"minecraft:experience_bottle":15,"minecraft:sea_pickle":2,"minecraft:cobbled_deepslate":89,"minecraft:spruce_planks":1,"minecraft:trial_key":3,"minecraft:azalea":5,"minecraft:enchanted_golden_apple":1,"minecraft:iron_boots":1,"minecraft:furnace":9,"minecraft:tipped_arrow":8,"mobs_of_mythology:chupacabra_meat":3,"minecraft:stick":4,"minecraft:oak_fence":3,"minecraft:torch":4,"minecraft:spruce_stairs":1,"travelersbackpack:crafting_upgrade":1,"minecraft:light_gray_bed":10,"artifacts:lucky_scarf":1,"minecraft:rotten_flesh":71,"minecraft:carved_pumpkin":1,"minecraft:white_terracotta":16,"minecraft:iron_bars":1,"minecraft:cobblestone":101,"minecraft:birch_log":10,"minecraft:leather_chestplate":2,"minecraft:feather":3,"minecraft:andesite":127,"minecraft:water_bucket":1,"minecraft:lantern":3,"minecraft:dirt":17,"minecraft:bone":30,"minecraft:wheat_seeds":12,"minecraft:deepslate_brick_slab":1,"minecraft:bolt_armor_trim_smithing_template":1,"minecraft:oak_planks":3,"minecraft:cooked_porkchop":9,"minecraft:sand":41,"travelersbackpack:white_sleeping_bag":1,"minecraft:light_gray_terracotta":11,"minecraft:spruce_boat":3,"minecraft:polished_blackstone_pressure_plate":1,"waystones:waystone":5,"minecraft:granite":1,"minecraft:golden_apple":2,"minecraft:spruce_sign":11,"minecraft:emerald":35,"minecraft:bread":5,"minecraft:blue_banner":1,"minecraft:netherrack":2,"minecraft:crafting_table":7,"minecraft:allium":1,"minecraft:ominous_bottle":1,"minecraft:brown_mushroom":4,"minecraft:wooden_pickaxe":1,"minecraft:gold_block":12,"waystones:deepslate_waystone":1,"minecraft:brick":36,"minecraft:wind_charge":5,"minecraft:cornflower":1,"minecraft:moss_carpet":1,"minecraft:wooden_sword":1,"minecraft:beef":61,"minecraft:poppy":2,"minecraft:light_gray_wool":3,"minecraft:birch_sapling":1,"minecraft:egg":5,"minecraft:dark_oak_sapling":2,"minecraft:raw_iron":139,"minecraft:copper_ingot":8,"minecraft:polished_blackstone_bricks":1,"minecraft:cake":1,"artifacts:everlasting_beef":1,"minecraft:arrow":46,"friendsandfoes:waxed_lightning_rod":1,"minecraft:decorated_pot":2,"minecraft:hay_block":21,"minecraft:saddle":1,"minecraft:black_banner":2,"minecraft:tuff_bricks":3,"minecraft:mutton":6,"minecraft:white_wool":28,"minecraft:golden_carrot":7,"minecraft:glow_ink_sac":2,"minecraft:salmon":2,"minecraft:leather":23,"minecraft:red_mushroom":3,"doggytalents:rice_grains":1,"minecraft:birch_planks":1,"minecraft:waxed_copper_bulb":1,"waystones:sandy_waystone":1,"minecraft:oak_log":10,"minecraft:waxed_copper_block":1,"minecraft:gunpowder":3,"livingthings:crab_shell":1,"minecraft:white_banner":3,"minecraft:cooked_mutton":2,"minecraft:iron_ingot":12,"minecraft:iron_sword":1,"minecraft:book":6,"minecraft:sweet_berries":41,"minecraft:dandelion":1,"minecraft:raw_iron_block":4,"minecraft:gravel":9,"minecraft:spruce_log":31,"minecraft:white_bed":3,"minecraft:polished_tuff":1,"minecraft:spider_eye":5,"minecraft:coal":359,"minecraft:ender_pearl":2},"minecraft:crafted":{"minecraft:oak_planks":36,"travelersbackpack:crafting_upgrade":2,"minecraft:cooked_mutton":3,"minecraft:glass":36,"minecraft:iron_boots":3,"minecraft:chest":3,"travelersbackpack:iron_tier_upgrade":1,"minecraft:crafting_table":7,"minecraft:spruce_planks":124,"minecraft:wooden_pickaxe":1,"travelersbackpack:standard":4,"minecraft:iron_helmet":3,"minecraft:smithing_table":1,"minecraft:birch_planks":40,"minecraft:light_gray_bed":1,"minecraft:iron_chestplate":3,"minecraft:shield":2,"minecraft:stick":44,"minecraft:iron_ingot":71,"minecraft:iron_pickaxe":5,"minecraft:stone_sword":1,"minecraft:gold_ingot":108,"minecraft:shears":1,"minecraft:wooden_sword":1,"minecraft:raw_iron":36,"minecraft:furnace":4,"travelersbackpack:blank_upgrade":4,"travelersbackpack:gold_tier_upgrade":1,"travelersbackpack:white_sleeping_bag":2,"minecraft:iron_axe":1,"minecraft:stone_pickaxe":1,"minecraft:spruce_boat":1,"minecraft:wheat":189,"minecraft:cooked_beef":11,"travelersbackpack:backpack_tank":6,"minecraft:iron_sword":5,"minecraft:bucket":1,"minecraft:stone_axe":1,"minecraft:bread":65,"minecraft:air":0,"minecraft:iron_leggings":3,"minecraft:torch":32},"minecraft:custom":{"minecraft:animals_bred":1,"minecraft:interact_with_crafting_table":33,"minecraft:open_barrel":39,"minecraft:eat_cake_slice":7,"minecraft:leave_game":1,"minecraft:time_since_death":293953,"minecraft:sprint_one_cm":663441,"minecraft:damage_blocked_by_shield":1538,"minecraft:drop":292,"minecraft:talked_to_villager":4,"minecraft:play_time":293953,"minecraft:jump":4932,"minecraft:walk_on_water_one_cm":60099,"minecraft:interact_with_furnace":60,"minecraft:interact_with_cartography_table":1,"minecraft:sleep_in_bed":13,"minecraft:waystone_activated":7,"minecraft:damage_dealt":31484,"minecraft:crouch_one_cm":2754,"minecraft:interact_with_smoker":3,"minecraft:horse_one_cm":226585,"minecraft:interact_with_smithing_table":8,"minecraft:mob_kills":177,"minecraft:climb_one_cm":2304,"minecraft:walk_one_cm":706461,"minecraft:sneak_time":1859,"minecraft:walk_under_water_one_cm":87022,"minecraft:boat_one_cm":48828,"minecraft:interact_with_blast_furnace":1,"minecraft:total_world_time":293953,"minecraft:time_since_rest":45854,"minecraft:damage_taken":5249,"minecraft:damage_absorbed":39,"minecraft:swim_one_cm":78998,"minecraft:fly_one_cm":1198850,"minecraft:open_chest":64,"minecraft:fall_one_cm":153401},"minecraft:dropped":{"minecraft:spruce_sign":9,"minecraft:iron_sword":3,"minecraft:brown_mushroom":4,"minecraft:birch_planks":1,"minecraft:oak_log":1,"minecraft:glow_ink_sac":2,"minecraft:crafting_table":1,"minecraft:cooked_porkchop":9,"minecraft:decorated_pot":1,"minecraft:lantern":3,"minecraft:leather":6,"minecraft:black_banner":1,"minecraft:red_mushroom":3,"minecraft:cornflower":1,"minecraft:mutton":1,"minecraft:wooden_sword":1,"minecraft:bone_meal":13,"minecraft:polished_blackstone_bricks":1,"minecraft:white_wool":14,"minecraft:gold_ingot":27,"minecraft:bone":8,"minecraft:gravel":9,"minecraft:goat_horn":1,"minecraft:cobbled_deepslate":19,"minecraft:rotten_flesh":72,"minecraft:oak_planks":1,"minecraft:waxed_copper_block":1,"minecraft:leather_chestplate":2,"minecraft:tipped_arrow":8,"minecraft:gunpowder":3,"travelersbackpack:white_sleeping_bag":2,"minecraft:azalea":5,"doggytalents:rice_grains":1,"minecraft:arrow":46,"minecraft:splash_potion":1,"minecraft:netherrack":2,"friendsandfoes:waxed_lightning_rod":1,"minecraft:egg":1,"minecraft:golden_boots":1,"minecraft:water_bucket":1,"minecraft:iron_ingot":11,"minecraft:bread":2,"minecraft:wheat_seeds":12,"minecraft:smithing_table":1,"minecraft:oak_fence":1,"minecraft:feather":3,"minecraft:lead":2,"minecraft:polished_tuff":1,"minecraft:granite":1,"mobs_of_mythology:kobold_spear":5,"minecraft:copper_ingot":8,"minecraft:coal":44,"minecraft:stick":1,"artifacts:lucky_scarf":1,"minecraft:waxed_copper_bulb":1,"minecraft:white_banner":1,"minecraft:paper":26,"minecraft:string":12,"minecraft:dandelion":3,"minecraft:furnace":3,"minecraft:moss_carpet":1,"minecraft:tuff_bricks":3,"minecraft:sweet_berries":15,"minecraft:stone_sword":1,"minecraft:raw_iron":32,"minecraft:iron_boots":1,"minecraft:white_terracotta":4,"minecraft:shears":1,"minecraft:filled_map":1,"minecraft:sea_pickle":2,"minecraft:trial_key":1,"minecraft:spruce_planks":4,"minecraft:andesite":100,"travelersbackpack:crafting_upgrade":2,"minecraft:spider_eye":5,"waystones:deepslate_waystone":1,"minecraft:stone_pickaxe":1,"minecraft:wooden_pickaxe":1,"minecraft:brick":36},"minecraft:broken":{"minecraft:iron_pickaxe":1},"minecraft:used":{"minecraft:poppy":2,"minecraft:decorated_pot":1,"minecraft:chest":1,"minecraft:shield":59,"minecraft:white_terracotta":12,"minecraft:iron_sword":400,"minecraft:allium":1,"minecraft:deepslate_brick_slab":1,"minecraft:spruce_boat":3,"mobs_of_mythology:kobold_spear":174,"minecraft:birch_sapling":1,"minecraft:sweet_berries":7,"minecraft:furnace":9,"minecraft:stone_pickaxe":19,"minecraft:oak_planks":22,"minecraft:leather_chestplate":1,"minecraft:wooden_pickaxe":13,"minecraft:white_wool":8,"minecraft:golden_apple":1,"minecraft:light_gray_terracotta":11,"minecraft:shears":3,"waystones:waystone":2,"minecraft:bread":114,"minecraft:wooden_sword":2,"minecraft:smithing_table":3,"minecraft:andesite":23,"minecraft:experience_bottle":20,"minecraft:oak_fence":2,"minecraft:iron_bars":1,"waystones:sandy_waystone":1,"minecraft:stone_sword":80,"minecraft:carved_pumpkin":1,"minecraft:spruce_planks":8,"minecraft:trial_key":2,"minecraft:torch":34,"minecraft:dirt":17,"minecraft:spruce_stairs":1,"minecraft:iron_axe":22,"minecraft:iron_boots":1,"minecraft:goat_horn":5,"minecraft:cobbled_deepslate":6,"minecraft:light_gray_bed":10,"minecraft:cooked_mutton":5,"minecraft:water_bucket":75,"minecraft:birch_planks":13,"minecraft:spruce_sign":2,"minecraft:polished_blackstone_pressure_plate":1,"minecraft:crafting_table":11,"minecraft:white_bed":3,"minecraft:cake":1,"minecraft:iron_pickaxe":644,"livingthings:crab":1,"minecraft:stone_axe":73,"minecraft:cobblestone":64,"travelersbackpack:standard":5,"minecraft:bucket":86},"minecraft:mined":{"minecraft:spruce_planks":1,"minecraft:white_bed":3,"minecraft:carved_pumpkin":1,"minecraft:granite":1,"minecraft:grass_block":14,"minecraft:light_gray_bed":10,"minecraft:tuff_bricks":3,"minecraft:spawner":6,"minecraft:polished_blackstone_bricks":1,"minecraft:raw_iron_block":4,"minecraft:iron_ore":83,"minecraft:polished_tuff":1,"minecraft:dirt_path":2,"minecraft:iron_bars":1,"minecraft:blue_banner":1,"visualworkbench:minecraft/crafting_table":6,"minecraft:torch":1,"minecraft:light_gray_terracotta":12,"minecraft:dead_bush":1,"minecraft:cobblestone":6,"minecraft:oak_planks":3,"minecraft:wall_torch":1,"minecraft:white_terracotta":17,"minecraft:waxed_copper_bulb":1,"minecraft:birch_log":11,"minecraft:waxed_copper_block":1,"minecraft:light_gray_wool":3,"minecraft:oak_log":14,"minecraft:sand":42,"minecraft:dirt":1,"minecraft:netherrack":3,"minecraft:deepslate":88,"minecraft:allium":1,"minecraft:decorated_pot":10,"friendsandfoes:waxed_lightning_rod":1,"minecraft:large_fern":3,"minecraft:hay_block":21,"minecraft:deepslate_brick_slab":1,"minecraft:furnace":6,"minecraft:andesite":130,"minecraft:gold_block":12,"minecraft:bookshelf":2,"minecraft:stone":94,"minecraft:white_wool":6,"minecraft:smithing_table":3,"minecraft:glass_pane":1,"minecraft:oak_fence":8,"minecraft:crafting_table":1,"minecraft:short_grass":13,"minecraft:emerald_ore":3,"minecraft:tall_grass":1,"minecraft:spruce_stairs":1,"minecraft:birch_planks":1,"minecraft:sweet_berry_bush":12,"minecraft:black_wall_banner":1,"minecraft:spruce_log":39,"minecraft:birch_leaves":1,"minecraft:white_wall_banner":2,"minecraft:coal_ore":161,"minecraft:gravel":10,"minecraft:cobweb":1,"minecraft:fern":3}},"DataVersion":3953}