{"stats":{"minecraft:killed":{"minecraft:spider":6,"minecraft:iron_golem":1,"minecraft:wandering_trader":1,"minecraft:sheep":5,"minecraft:skeleton":7,"minecraft:zombie":7},"minecraft:picked_up":{"minecraft:birch_log":7,"minecraft:crafting_table":1,"minecraft:allium":1,"minecraft:lead":2,"minecraft:wooden_pickaxe":1,"doggytalents:rice_grains":1,"minecraft:potion":1,"minecraft:oak_log":3,"waystones:deepslate_waystone":1,"minecraft:brick":16,"minecraft:string":5,"minecraft:dirt":16,"minecraft:lantern":1,"minecraft:wooden_sword":1,"minecraft:experience_bottle":5,"minecraft:bone":6,"minecraft:sea_pickle":2,"minecraft:wheat_seeds":5,"minecraft:iron_ingot":7,"minecraft:poppy":2,"minecraft:sweet_berries":41,"minecraft:dandelion":1,"minecraft:white_bed":1,"minecraft:arrow":7,"minecraft:rotten_flesh":10,"minecraft:hay_block":9,"minecraft:spruce_sign":2,"minecraft:emerald":7,"minecraft:coal":8,"minecraft:mutton":5,"minecraft:white_wool":8,"minecraft:cobblestone":19,"minecraft:ender_pearl":1},"minecraft:crafted":{"minecraft:wooden_sword":1,"minecraft:oak_planks":12,"minecraft:crafting_table":2,"minecraft:wooden_pickaxe":1,"minecraft:iron_sword":1,"minecraft:furnace":1,"minecraft:birch_planks":28,"minecraft:stone_axe":1,"minecraft:bread":27,"minecraft:cooked_mutton":3,"minecraft:air":0,"minecraft:shield":1,"minecraft:stick":20,"minecraft:iron_pickaxe":1,"minecraft:stone_pickaxe":1,"minecraft:stone_sword":1,"minecraft:wheat":81},"minecraft:custom":{"minecraft:interact_with_furnace":5,"minecraft:mob_kills":28,"minecraft:interact_with_crafting_table":10,"minecraft:open_barrel":4,"minecraft:time_since_death":42246,"minecraft:time_since_rest":42246,"minecraft:waystone_activated":1,"minecraft:sprint_one_cm":90819,"minecraft:damage_taken":1052,"minecraft:walk_one_cm":131408,"minecraft:damage_blocked_by_shield":705,"minecraft:drop":25,"minecraft:damage_dealt":5030,"minecraft:swim_one_cm":14925,"minecraft:talked_to_villager":2,"minecraft:fly_one_cm":181158,"minecraft:open_chest":5,"minecraft:crouch_one_cm":1593,"minecraft:play_time":42246,"minecraft:sneak_time":662,"minecraft:walk_under_water_one_cm":25641,"minecraft:jump":664,"minecraft:interact_with_blast_furnace":1,"minecraft:walk_on_water_one_cm":120,"minecraft:total_world_time":42246,"minecraft:fall_one_cm":14292},"minecraft:dropped":{"minecraft:spruce_sign":1,"minecraft:wheat_seeds":4,"minecraft:stone_sword":1,"minecraft:rotten_flesh":10,"minecraft:lantern":1,"minecraft:sea_pickle":2,"minecraft:wooden_sword":1,"doggytalents:rice_grains":1,"minecraft:stone_pickaxe":1,"minecraft:wooden_pickaxe":1,"minecraft:brick":16,"minecraft:dandelion":1},"minecraft:used":{"minecraft:cooked_mutton":3,"minecraft:stone_sword":80,"minecraft:stone_pickaxe":19,"minecraft:poppy":2,"minecraft:shield":28,"minecraft:wooden_pickaxe":13,"minecraft:leather_chestplate":1,"minecraft:iron_sword":37,"minecraft:spruce_sign":1,"minecraft:white_wool":8,"minecraft:dirt":16,"minecraft:crafting_table":3,"minecraft:allium":1,"minecraft:bread":18,"minecraft:iron_pickaxe":14,"minecraft:stone_axe":10,"minecraft:wooden_sword":2,"minecraft:sweet_berries":7,"minecraft:furnace":1,"minecraft:experience_bottle":5},"minecraft:mined":{"minecraft:white_bed":1,"visualworkbench:minecraft/crafting_table":1,"minecraft:short_grass":7,"minecraft:decorated_pot":4,"minecraft:allium":1,"minecraft:grass_block":14,"minecraft:tall_grass":1,"minecraft:large_fern":2,"minecraft:hay_block":9,"minecraft:birch_log":8,"minecraft:sweet_berry_bush":12,"minecraft:birch_leaves":1,"minecraft:coal_ore":9,"minecraft:oak_log":3,"minecraft:dirt_path":1,"minecraft:dirt":1,"minecraft:cobweb":1,"minecraft:stone":19,"minecraft:white_wool":3,"minecraft:fern":3}},"DataVersion":3953}