{"stats":{"minecraft:killed":{"mobs_of_mythology:chupacabra":1,"minecraft:spider":7,"minecraft:skeleton":9,"livingthings:crab":1,"minecraft:iron_golem":1,"minecraft:wandering_trader":1,"mobs_of_mythology:kobold":2,"minecraft:sheep":5,"minecraft:zombie":11,"mobs_of_mythology:kobold_warrior":4,"livingthings:owl":1,"minecraft:cow":6},"minecraft:picked_up":{"livingthings:crab":1,"minecraft:crafting_table":3,"minecraft:allium":1,"minecraft:lead":2,"minecraft:wooden_pickaxe":1,"mobs_of_mythology:kobold_spear":7,"minecraft:gold_block":9,"minecraft:potion":1,"waystones:deepslate_waystone":1,"minecraft:brick":20,"minecraft:string":7,"minecraft:wooden_sword":1,"minecraft:experience_bottle":5,"minecraft:sea_pickle":2,"minecraft:beef":11,"minecraft:azalea":2,"minecraft:poppy":2,"minecraft:furnace":4,"minecraft:stick":2,"mobs_of_mythology:chupacabra_meat":1,"minecraft:raw_iron":65,"minecraft:torch":1,"minecraft:spruce_stairs":1,"minecraft:polished_blackstone_bricks":1,"minecraft:arrow":8,"minecraft:rotten_flesh":15,"minecraft:decorated_pot":2,"minecraft:hay_block":21,"minecraft:mutton":6,"minecraft:iron_bars":1,"minecraft:cobblestone":44,"minecraft:white_wool":12,"minecraft:birch_log":7,"minecraft:leather_chestplate":2,"minecraft:feather":2,"minecraft:andesite":1,"minecraft:leather":6,"doggytalents:rice_grains":1,"minecraft:oak_log":9,"minecraft:dirt":16,"livingthings:crab_shell":1,"minecraft:lantern":3,"minecraft:cooked_mutton":2,"minecraft:bone":6,"minecraft:wheat_seeds":5,"minecraft:deepslate_brick_slab":1,"minecraft:iron_ingot":7,"minecraft:oak_planks":2,"minecraft:sweet_berries":41,"minecraft:dandelion":1,"minecraft:raw_iron_block":4,"minecraft:sand":12,"minecraft:white_bed":3,"minecraft:spruce_log":31,"minecraft:spider_eye":1,"minecraft:polished_blackstone_pressure_plate":1,"waystones:waystone":1,"minecraft:spruce_sign":11,"minecraft:emerald":24,"minecraft:coal":253,"minecraft:ender_pearl":1},"minecraft:crafted":{"minecraft:wooden_sword":1,"minecraft:oak_planks":36,"minecraft:raw_iron":36,"minecraft:furnace":3,"minecraft:cooked_mutton":3,"minecraft:glass":12,"travelersbackpack:white_sleeping_bag":1,"minecraft:iron_boots":1,"minecraft:stone_pickaxe":1,"minecraft:chest":1,"minecraft:wheat":189,"minecraft:crafting_table":4,"minecraft:spruce_planks":124,"travelersbackpack:backpack_tank":2,"travelersbackpack:standard":1,"minecraft:wooden_pickaxe":1,"minecraft:iron_helmet":1,"minecraft:iron_sword":1,"minecraft:birch_planks":28,"minecraft:stone_axe":1,"minecraft:bread":65,"minecraft:air":0,"minecraft:iron_chestplate":1,"minecraft:shield":1,"minecraft:stick":36,"minecraft:iron_ingot":59,"minecraft:iron_pickaxe":2,"minecraft:stone_sword":1,"minecraft:gold_ingot":81,"minecraft:iron_leggings":1,"minecraft:torch":32,"minecraft:shears":1},"minecraft:custom":{"minecraft:mob_kills":50,"minecraft:interact_with_crafting_table":24,"minecraft:open_barrel":15,"minecraft:time_since_death":90246,"minecraft:sprint_one_cm":197847,"minecraft:walk_one_cm":258749,"minecraft:damage_blocked_by_shield":768,"minecraft:drop":82,"minecraft:talked_to_villager":2,"minecraft:play_time":90246,"minecraft:sneak_time":880,"minecraft:walk_under_water_one_cm":28649,"minecraft:jump":1354,"minecraft:interact_with_blast_furnace":1,"minecraft:walk_on_water_one_cm":11957,"minecraft:total_world_time":90246,"minecraft:interact_with_furnace":24,"minecraft:sleep_in_bed":4,"minecraft:time_since_rest":17688,"minecraft:waystone_activated":1,"minecraft:damage_taken":1876,"minecraft:damage_dealt":8899,"minecraft:swim_one_cm":18954,"minecraft:fly_one_cm":355419,"minecraft:open_chest":13,"minecraft:crouch_one_cm":1961,"minecraft:interact_with_smoker":2,"minecraft:fall_one_cm":35144},"minecraft:dropped":{"minecraft:spruce_sign":9,"minecraft:iron_sword":1,"minecraft:birch_planks":1,"minecraft:wheat_seeds":5,"minecraft:decorated_pot":1,"minecraft:feather":2,"minecraft:lead":2,"minecraft:lantern":3,"mobs_of_mythology:kobold_spear":4,"minecraft:mutton":1,"minecraft:wooden_sword":1,"minecraft:polished_blackstone_bricks":1,"minecraft:string":7,"minecraft:white_wool":1,"minecraft:dandelion":1,"minecraft:bone":6,"minecraft:sweet_berries":15,"minecraft:stone_sword":1,"minecraft:rotten_flesh":13,"minecraft:leather_chestplate":2,"minecraft:sea_pickle":2,"minecraft:andesite":1,"minecraft:azalea":2,"minecraft:spider_eye":1,"doggytalents:rice_grains":1,"minecraft:arrow":8,"minecraft:wooden_pickaxe":1,"minecraft:stone_pickaxe":1,"minecraft:brick":20},"minecraft:used":{"minecraft:iron_bars":1,"minecraft:stone_sword":80,"minecraft:poppy":2,"minecraft:decorated_pot":1,"minecraft:spruce_planks":7,"minecraft:shield":29,"minecraft:iron_sword":57,"minecraft:torch":9,"minecraft:dirt":16,"minecraft:spruce_stairs":1,"minecraft:allium":1,"minecraft:deepslate_brick_slab":1,"mobs_of_mythology:kobold_spear":60,"minecraft:sweet_berries":7,"minecraft:furnace":6,"minecraft:cooked_mutton":5,"minecraft:stone_pickaxe":19,"minecraft:oak_planks":22,"minecraft:leather_chestplate":1,"minecraft:wooden_pickaxe":13,"minecraft:spruce_sign":2,"minecraft:white_wool":8,"minecraft:polished_blackstone_pressure_plate":1,"minecraft:crafting_table":7,"minecraft:white_bed":3,"minecraft:shears":3,"minecraft:bread":33,"minecraft:iron_pickaxe":180,"livingthings:crab":1,"minecraft:stone_axe":66,"minecraft:wooden_sword":2,"minecraft:cobblestone":9,"minecraft:experience_bottle":5},"minecraft:mined":{"minecraft:white_bed":3,"minecraft:allium":1,"minecraft:grass_block":14,"minecraft:decorated_pot":7,"minecraft:spawner":6,"minecraft:large_fern":2,"minecraft:hay_block":21,"minecraft:deepslate_brick_slab":1,"minecraft:polished_blackstone_bricks":1,"minecraft:raw_iron_block":4,"minecraft:furnace":4,"minecraft:iron_ore":23,"minecraft:andesite":1,"minecraft:gold_block":9,"minecraft:dirt_path":1,"minecraft:iron_bars":1,"minecraft:stone":42,"minecraft:white_wool":6,"minecraft:crafting_table":1,"visualworkbench:minecraft/crafting_table":2,"minecraft:short_grass":7,"minecraft:emerald_ore":1,"minecraft:tall_grass":1,"minecraft:cobblestone":2,"minecraft:oak_planks":2,"minecraft:spruce_stairs":1,"minecraft:birch_log":8,"minecraft:sweet_berry_bush":12,"minecraft:spruce_log":39,"minecraft:birch_leaves":1,"minecraft:oak_log":11,"minecraft:coal_ore":97,"minecraft:sand":13,"minecraft:dirt":1,"minecraft:cobweb":1,"minecraft:fern":3}},"DataVersion":3953}