{"stats":{"minecraft:killed":{"minecraft:sheep":3,"minecraft:zombie":1,"minecraft:wandering_trader":1},"minecraft:picked_up":{"minecraft:allium":1,"minecraft:crafting_table":1,"minecraft:wooden_pickaxe":1,"minecraft:lead":2,"minecraft:dandelion":1,"doggytalents:rice_grains":1,"minecraft:oak_log":3,"waystones:deepslate_waystone":1,"minecraft:dirt":13,"minecraft:wooden_sword":1,"minecraft:wheat_seeds":3,"minecraft:mutton":3,"minecraft:white_wool":4,"minecraft:cobblestone":18},"minecraft:crafted":{"minecraft:wooden_sword":1,"minecraft:oak_planks":12,"minecraft:stick":8,"minecraft:wooden_pickaxe":1,"minecraft:stone_pickaxe":1,"minecraft:stone_sword":1,"minecraft:furnace":1,"minecraft:stone_axe":1,"minecraft:air":0,"minecraft:cooked_mutton":3},"minecraft:custom":{"minecraft:time_since_rest":18246,"minecraft:waystone_activated":1,"minecraft:interact_with_furnace":5,"minecraft:sprint_one_cm":27076,"minecraft:damage_taken":311,"minecraft:walk_one_cm":43831,"minecraft:mob_kills":5,"minecraft:drop":7,"minecraft:damage_dealt":757,"minecraft:talked_to_villager":1,"minecraft:interact_with_crafting_table":6,"minecraft:fly_one_cm":65180,"minecraft:crouch_one_cm":1517,"minecraft:play_time":18246,"minecraft:sneak_time":359,"minecraft:jump":270,"minecraft:time_since_death":18246,"minecraft:total_world_time":18246,"minecraft:fall_one_cm":5856},"minecraft:dropped":{"minecraft:wheat_seeds":3,"minecraft:wooden_sword":1,"doggytalents:rice_grains":1,"minecraft:wooden_pickaxe":1,"minecraft:dandelion":1},"minecraft:used":{"minecraft:cooked_mutton":3,"minecraft:stone_sword":14,"minecraft:stone_pickaxe":7,"minecraft:wooden_pickaxe":13,"minecraft:white_wool":3,"minecraft:wooden_sword":2,"minecraft:dirt":13,"minecraft:crafting_table":1,"minecraft:furnace":1,"minecraft:allium":1},"minecraft:mined":{"visualworkbench:minecraft/crafting_table":1,"minecraft:short_grass":6,"minecraft:allium":1,"minecraft:grass_block":12,"minecraft:oak_log":3,"minecraft:dirt":1,"minecraft:tall_grass":1,"minecraft:stone":18,"minecraft:white_wool":1}},"DataVersion":3953}