{"stats":{"minecraft:killed":{"minecraft:spider":6,"minecraft:iron_golem":1,"minecraft:wandering_trader":1,"mobs_of_mythology:kobold":2,"minecraft:sheep":5,"minecraft:skeleton":8,"minecraft:zombie":10,"mobs_of_mythology:kobold_warrior":4},"minecraft:picked_up":{"minecraft:birch_log":7,"minecraft:leather_chestplate":1,"minecraft:crafting_table":2,"minecraft:allium":1,"minecraft:lead":2,"minecraft:wooden_pickaxe":1,"mobs_of_mythology:kobold_spear":7,"minecraft:gold_block":1,"doggytalents:rice_grains":1,"minecraft:potion":1,"minecraft:oak_log":9,"waystones:deepslate_waystone":1,"minecraft:brick":16,"minecraft:cooked_mutton":2,"minecraft:string":5,"minecraft:dirt":16,"minecraft:lantern":3,"minecraft:wooden_sword":1,"minecraft:experience_bottle":5,"minecraft:bone":6,"minecraft:sea_pickle":2,"minecraft:wheat_seeds":5,"minecraft:iron_ingot":7,"minecraft:azalea":2,"minecraft:poppy":2,"minecraft:furnace":2,"minecraft:raw_iron":23,"minecraft:sweet_berries":41,"minecraft:dandelion":1,"minecraft:raw_iron_block":4,"minecraft:sand":12,"minecraft:white_bed":3,"minecraft:arrow":8,"minecraft:rotten_flesh":13,"waystones:waystone":1,"minecraft:hay_block":9,"minecraft:spruce_sign":10,"minecraft:emerald":24,"minecraft:coal":174,"minecraft:mutton":5,"minecraft:white_wool":8,"minecraft:cobblestone":44,"minecraft:ender_pearl":1},"minecraft:crafted":{"minecraft:wooden_sword":1,"minecraft:oak_planks":36,"minecraft:raw_iron":36,"minecraft:crafting_table":3,"minecraft:iron_helmet":1,"travelersbackpack:backpack_tank":2,"minecraft:wooden_pickaxe":1,"minecraft:iron_sword":1,"minecraft:furnace":3,"minecraft:birch_planks":28,"minecraft:stone_axe":1,"minecraft:bread":27,"minecraft:cooked_mutton":3,"minecraft:air":0,"minecraft:glass":12,"minecraft:iron_boots":1,"minecraft:iron_chestplate":1,"minecraft:shield":1,"minecraft:stick":36,"minecraft:iron_ingot":8,"minecraft:iron_pickaxe":1,"minecraft:stone_pickaxe":1,"minecraft:stone_sword":1,"minecraft:gold_ingot":9,"minecraft:torch":32,"minecraft:wheat":81},"minecraft:custom":{"minecraft:interact_with_furnace":15,"minecraft:mob_kills":38,"minecraft:interact_with_crafting_table":14,"minecraft:open_barrel":12,"minecraft:time_since_death":66246,"minecraft:sleep_in_bed":2,"minecraft:time_since_rest":10339,"minecraft:waystone_activated":1,"minecraft:sprint_one_cm":137341,"minecraft:damage_taken":1520,"minecraft:walk_one_cm":185781,"minecraft:damage_blocked_by_shield":768,"minecraft:drop":67,"minecraft:damage_dealt":7184,"minecraft:swim_one_cm":15994,"minecraft:talked_to_villager":2,"minecraft:fly_one_cm":270412,"minecraft:open_chest":8,"minecraft:crouch_one_cm":1813,"minecraft:play_time":66246,"minecraft:sneak_time":708,"minecraft:walk_under_water_one_cm":28225,"minecraft:jump":1037,"minecraft:interact_with_blast_furnace":1,"minecraft:walk_on_water_one_cm":11801,"minecraft:total_world_time":66246,"minecraft:fall_one_cm":24309},"minecraft:dropped":{"minecraft:spruce_sign":8,"minecraft:iron_sword":1,"minecraft:sweet_berries":15,"minecraft:birch_planks":1,"minecraft:wheat_seeds":5,"minecraft:stone_sword":1,"minecraft:lead":2,"minecraft:rotten_flesh":13,"minecraft:lantern":3,"mobs_of_mythology:kobold_spear":4,"minecraft:leather_chestplate":2,"minecraft:sea_pickle":2,"minecraft:azalea":2,"minecraft:wooden_sword":1,"doggytalents:rice_grains":1,"minecraft:arrow":8,"minecraft:stone_pickaxe":1,"minecraft:wooden_pickaxe":1,"minecraft:string":5,"minecraft:bone":6,"minecraft:brick":16,"minecraft:dandelion":1},"minecraft:used":{"minecraft:cooked_mutton":3,"minecraft:stone_sword":80,"minecraft:stone_pickaxe":19,"minecraft:oak_planks":10,"minecraft:poppy":2,"minecraft:shield":29,"minecraft:wooden_pickaxe":13,"minecraft:leather_chestplate":1,"minecraft:iron_sword":57,"minecraft:spruce_sign":2,"minecraft:torch":6,"minecraft:white_wool":8,"minecraft:dirt":16,"minecraft:crafting_table":5,"minecraft:allium":1,"minecraft:white_bed":2,"mobs_of_mythology:kobold_spear":22,"minecraft:bread":28,"minecraft:iron_pickaxe":159,"minecraft:stone_axe":21,"minecraft:wooden_sword":2,"minecraft:cobblestone":9,"minecraft:sweet_berries":7,"minecraft:furnace":4,"minecraft:experience_bottle":5},"minecraft:mined":{"minecraft:white_bed":3,"visualworkbench:minecraft/crafting_table":2,"minecraft:emerald_ore":1,"minecraft:short_grass":7,"minecraft:decorated_pot":4,"minecraft:allium":1,"minecraft:grass_block":14,"minecraft:cobblestone":2,"minecraft:tall_grass":1,"minecraft:large_fern":2,"minecraft:hay_block":9,"minecraft:raw_iron_block":4,"minecraft:furnace":2,"minecraft:birch_log":8,"minecraft:iron_ore":23,"minecraft:sweet_berry_bush":12,"minecraft:birch_leaves":1,"minecraft:gold_block":1,"minecraft:coal_ore":97,"minecraft:oak_log":11,"minecraft:dirt_path":1,"minecraft:sand":13,"minecraft:dirt":1,"minecraft:cobweb":1,"minecraft:stone":42,"minecraft:white_wool":3,"minecraft:fern":3}},"DataVersion":3953}