{"stats":{"minecraft:picked_up":{"minecraft:stick":4,"minecraft:crafting_table":1,"minecraft:torch":1,"minecraft:stone_slab":8,"minecraft:oak_log":5,"minecraft:white_bed":1,"minecraft:spruce_log":2,"minecraft:coal":20,"minecraft:cobblestone":62},"minecraft:crafted":{"minecraft:oak_planks":20,"minecraft:crafting_table":1,"minecraft:spruce_planks":8,"minecraft:stick":8,"minecraft:wooden_pickaxe":1,"minecraft:stone_pickaxe":1,"minecraft:torch":12,"minecraft:bread":3},"minecraft:custom":{"minecraft:time_since_rest":6085,"minecraft:sprint_one_cm":31985,"minecraft:damage_taken":30,"minecraft:walk_one_cm":20054,"minecraft:damage_dealt":10,"minecraft:interact_with_crafting_table":8,"minecraft:fly_one_cm":86432,"minecraft:open_chest":2,"minecraft:crouch_one_cm":9747,"minecraft:play_time":23206,"minecraft:sneak_time":2154,"minecraft:jump":301,"minecraft:leave_game":1,"minecraft:time_since_death":23206,"minecraft:walk_on_water_one_cm":750,"minecraft:sleep_in_bed":1,"minecraft:total_world_time":23206,"minecraft:fall_one_cm":9623},"minecraft:used":{"minecraft:bread":3,"minecraft:stone_pickaxe":60,"minecraft:wooden_pickaxe":8,"minecraft:stone_slab":8,"minecraft:torch":3,"minecraft:cobblestone":1,"minecraft:crafting_table":1,"minecraft:white_bed":1},"minecraft:mined":{"minecraft:white_bed":1,"minecraft:spruce_log":2,"visualworkbench:minecraft/crafting_table":1,"minecraft:oak_log":5,"minecraft:stone_slab":8,"minecraft:cobblestone":1,"minecraft:stone":58,"minecraft:oak_leaves":1,"minecraft:wall_torch":1}},"DataVersion":3953}