{"stats":{"minecraft:killed":{"minecraft:spider":2,"minecraft:skeleton":9,"minecraft:sheep":16,"minecraft:zombie":11},"minecraft:picked_up":{"minecraft:crafting_table":3,"minecraft:andesite":13,"minecraft:leather":5,"minecraft:smithing_table":2,"minecraft:stone_slab":8,"mobs_of_mythology:kobold_spear":1,"minecraft:oak_log":22,"minecraft:waxed_copper_block":1,"minecraft:polished_deepslate":1,"minecraft:dirt":2,"minecraft:string":3,"minecraft:bone":9,"minecraft:cobbled_deepslate":9,"minecraft:iron_ingot":15,"minecraft:chiseled_tuff":1,"minecraft:azalea":8,"minecraft:furnace":4,"minecraft:stick":6,"minecraft:raw_iron":41,"minecraft:cooked_porkchop":9,"minecraft:copper_ingot":9,"minecraft:torch":3,"minecraft:sand":7,"travelersbackpack:crafting_upgrade":1,"minecraft:white_bed":1,"minecraft:spruce_log":2,"minecraft:polished_tuff":1,"minecraft:spider_eye":1,"minecraft:goat_horn":1,"travelersbackpack:white_sleeping_bag":2,"minecraft:arrow":9,"artifacts:lucky_scarf":1,"minecraft:rotten_flesh":4,"minecraft:gold_ingot":27,"minecraft:tuff_bricks":1,"minecraft:mutton":21,"minecraft:coal":203,"minecraft:white_wool":29,"minecraft:cobblestone":131,"minecraft:ender_pearl":1},"minecraft:crafted":{"minecraft:oak_planks":56,"minecraft:crafting_table":1,"minecraft:spruce_planks":8,"minecraft:iron_helmet":1,"travelersbackpack:backpack_tank":2,"minecraft:wooden_pickaxe":1,"travelersbackpack:standard":2,"minecraft:furnace":1,"minecraft:stone_axe":1,"minecraft:bread":3,"minecraft:cooked_mutton":14,"minecraft:air":0,"minecraft:glass":12,"minecraft:iron_boots":1,"minecraft:iron_chestplate":1,"minecraft:stick":8,"minecraft:iron_ingot":33,"minecraft:stone_pickaxe":2,"minecraft:stone_sword":1,"minecraft:chest":2,"minecraft:iron_leggings":1,"minecraft:torch":12},"minecraft:custom":{"minecraft:interact_with_smithing_table":1,"minecraft:interact_with_furnace":40,"minecraft:mob_kills":38,"minecraft:interact_with_crafting_table":30,"minecraft:leave_game":1,"minecraft:time_since_death":66543,"minecraft:sleep_in_bed":3,"minecraft:time_since_rest":33854,"minecraft:waystone_activated":1,"minecraft:sprint_one_cm":129275,"minecraft:damage_taken":1221,"minecraft:walk_one_cm":87683,"minecraft:drop":20,"minecraft:damage_dealt":4763,"minecraft:swim_one_cm":20976,"minecraft:fly_one_cm":286292,"minecraft:open_chest":7,"minecraft:crouch_one_cm":18210,"minecraft:play_time":66543,"minecraft:sneak_time":5530,"minecraft:walk_under_water_one_cm":12956,"minecraft:jump":1124,"minecraft:interact_with_blast_furnace":6,"minecraft:walk_on_water_one_cm":5416,"minecraft:total_world_time":66543,"minecraft:interact_with_smoker":6,"minecraft:fall_one_cm":34185},"minecraft:dropped":{"minecraft:iron_ingot":3,"minecraft:stone_sword":1,"minecraft:copper_ingot":9,"minecraft:stick":2,"minecraft:azalea":8,"minecraft:chest":1,"minecraft:spider_eye":1,"minecraft:string":3,"minecraft:white_wool":16,"minecraft:bone":2},"minecraft:used":{"minecraft:cooked_mutton":14,"minecraft:stone_sword":15,"minecraft:polished_deepslate":1,"minecraft:chiseled_tuff":1,"minecraft:stone_pickaxe":133,"minecraft:wooden_pickaxe":8,"minecraft:waxed_copper_block":1,"minecraft:iron_chestplate":1,"minecraft:torch":10,"minecraft:crafting_table":4,"minecraft:white_bed":1,"mobs_of_mythology:kobold_spear":84,"minecraft:bread":3,"travelersbackpack:white_sleeping_bag":1,"minecraft:stone_slab":8,"minecraft:iron_boots":1,"minecraft:stone_axe":21,"minecraft:cobblestone":32,"minecraft:furnace":3,"minecraft:goat_horn":2,"minecraft:cooked_porkchop":4,"minecraft:smithing_table":1,"minecraft:andesite":2},"minecraft:broken":{"minecraft:stone_pickaxe":1},"minecraft:mined":{"minecraft:smithing_table":1,"minecraft:white_bed":1,"visualworkbench:minecraft/crafting_table":3,"minecraft:torch":1,"minecraft:short_grass":1,"minecraft:stone_slab":8,"travelersbackpack:white_sleeping_bag":1,"minecraft:cobblestone":3,"minecraft:tuff_bricks":1,"minecraft:wall_torch":3,"minecraft:large_fern":1,"minecraft:furnace":4,"minecraft:polished_tuff":1,"minecraft:spruce_log":2,"minecraft:andesite":15,"minecraft:waxed_copper_block":1,"minecraft:chiseled_tuff":1,"minecraft:polished_deepslate":1,"minecraft:oak_log":22,"minecraft:sand":7,"minecraft:dirt":2,"minecraft:stone":89,"minecraft:oak_leaves":1,"minecraft:deepslate":11}},"DataVersion":3953}