{"stats":{"minecraft:killed":{"minecraft:sheep":16},"minecraft:picked_up":{"minecraft:raw_iron":1,"minecraft:stick":4,"minecraft:crafting_table":1,"minecraft:torch":3,"minecraft:stone_slab":8,"minecraft:oak_log":5,"minecraft:white_bed":1,"minecraft:spruce_log":2,"minecraft:mutton":21,"minecraft:coal":35,"minecraft:white_wool":16,"minecraft:cobblestone":85},"minecraft:crafted":{"minecraft:oak_planks":20,"minecraft:crafting_table":1,"minecraft:spruce_planks":8,"minecraft:stick":8,"minecraft:wooden_pickaxe":1,"minecraft:stone_pickaxe":1,"minecraft:stone_sword":1,"minecraft:torch":12,"minecraft:stone_axe":1,"minecraft:air":0,"minecraft:cooked_mutton":14,"minecraft:bread":3},"minecraft:custom":{"minecraft:time_since_rest":3854,"minecraft:waystone_activated":1,"minecraft:interact_with_furnace":2,"minecraft:sprint_one_cm":71852,"minecraft:damage_taken":295,"minecraft:walk_one_cm":32731,"minecraft:mob_kills":16,"minecraft:damage_dealt":600,"minecraft:swim_one_cm":3353,"minecraft:interact_with_crafting_table":11,"minecraft:fly_one_cm":190294,"minecraft:open_chest":6,"minecraft:crouch_one_cm":10339,"minecraft:play_time":36543,"minecraft:sneak_time":2641,"minecraft:walk_under_water_one_cm":43,"minecraft:jump":674,"minecraft:interact_with_blast_furnace":6,"minecraft:leave_game":1,"minecraft:walk_on_water_one_cm":1565,"minecraft:time_since_death":36543,"minecraft:sleep_in_bed":3,"minecraft:interact_with_smoker":6,"minecraft:total_world_time":36543,"minecraft:fall_one_cm":19675},"minecraft:used":{"minecraft:cooked_mutton":5,"minecraft:stone_sword":15,"minecraft:bread":3,"minecraft:stone_pickaxe":83,"minecraft:stone_slab":8,"minecraft:wooden_pickaxe":8,"minecraft:torch":7,"minecraft:cobblestone":4,"minecraft:crafting_table":1,"minecraft:white_bed":1},"minecraft:mined":{"minecraft:white_bed":1,"minecraft:spruce_log":2,"visualworkbench:minecraft/crafting_table":1,"minecraft:torch":1,"minecraft:oak_log":5,"minecraft:stone_slab":8,"minecraft:cobblestone":2,"minecraft:stone":80,"minecraft:oak_leaves":1,"minecraft:wall_torch":3}},"DataVersion":3953}