{"stats":{"minecraft:killed":{"minecraft:sheep":16},"minecraft:picked_up":{"minecraft:crafting_table":2,"minecraft:leather":4,"minecraft:smithing_table":1,"minecraft:stone_slab":8,"mobs_of_mythology:kobold_spear":1,"minecraft:oak_log":22,"minecraft:iron_ingot":11,"minecraft:azalea":8,"minecraft:stick":6,"minecraft:raw_iron":5,"minecraft:torch":3,"minecraft:sand":7,"travelersbackpack:crafting_upgrade":1,"minecraft:white_bed":1,"minecraft:spruce_log":2,"minecraft:goat_horn":1,"travelersbackpack:white_sleeping_bag":2,"minecraft:gold_ingot":27,"minecraft:mutton":21,"minecraft:coal":35,"minecraft:white_wool":29,"minecraft:cobblestone":131},"minecraft:crafted":{"minecraft:oak_planks":20,"minecraft:crafting_table":1,"minecraft:spruce_planks":8,"travelersbackpack:backpack_tank":2,"minecraft:wooden_pickaxe":1,"travelersbackpack:standard":1,"minecraft:furnace":1,"minecraft:stone_axe":1,"minecraft:bread":3,"minecraft:cooked_mutton":14,"minecraft:air":0,"minecraft:glass":12,"minecraft:iron_chestplate":1,"minecraft:stick":8,"minecraft:iron_ingot":1,"minecraft:stone_pickaxe":2,"minecraft:stone_sword":1,"minecraft:chest":2,"minecraft:torch":12},"minecraft:custom":{"minecraft:interact_with_furnace":23,"minecraft:mob_kills":16,"minecraft:interact_with_crafting_table":27,"minecraft:leave_game":1,"minecraft:time_since_death":48543,"minecraft:sleep_in_bed":3,"minecraft:time_since_rest":15854,"minecraft:waystone_activated":1,"minecraft:sprint_one_cm":86207,"minecraft:damage_taken":505,"minecraft:walk_one_cm":45108,"minecraft:drop":12,"minecraft:damage_dealt":604,"minecraft:swim_one_cm":3353,"minecraft:fly_one_cm":213864,"minecraft:open_chest":7,"minecraft:crouch_one_cm":14266,"minecraft:play_time":48543,"minecraft:sneak_time":3821,"minecraft:walk_under_water_one_cm":43,"minecraft:jump":826,"minecraft:interact_with_blast_furnace":6,"minecraft:walk_on_water_one_cm":1788,"minecraft:total_world_time":48543,"minecraft:interact_with_smoker":6,"minecraft:fall_one_cm":25033},"minecraft:dropped":{"minecraft:stone_sword":1,"minecraft:stick":2,"minecraft:azalea":8,"minecraft:chest":1,"minecraft:white_wool":16},"minecraft:used":{"minecraft:cooked_mutton":9,"minecraft:stone_sword":15,"minecraft:stone_pickaxe":93,"minecraft:wooden_pickaxe":8,"minecraft:iron_chestplate":1,"minecraft:torch":7,"minecraft:crafting_table":3,"minecraft:white_bed":1,"minecraft:bread":3,"travelersbackpack:white_sleeping_bag":1,"minecraft:stone_slab":8,"minecraft:stone_axe":20,"minecraft:cobblestone":26,"minecraft:furnace":1,"minecraft:goat_horn":1},"minecraft:broken":{"minecraft:stone_pickaxe":1},"minecraft:mined":{"minecraft:white_bed":1,"visualworkbench:minecraft/crafting_table":2,"minecraft:torch":1,"minecraft:stone_slab":8,"travelersbackpack:white_sleeping_bag":1,"minecraft:cobblestone":3,"minecraft:wall_torch":3,"minecraft:spruce_log":2,"minecraft:oak_log":22,"minecraft:sand":7,"minecraft:stone":89,"minecraft:oak_leaves":1}},"DataVersion":3953}