{"stats":{"minecraft:killed":{"minecraft:spider":2,"minecraft:skeleton":17,"minecraft:sheep":16,"minecraft:zombie":14,"minecraft:breeze":2},"minecraft:picked_up":{"minecraft:crafting_table":4,"minecraft:smithing_table":2,"minecraft:stone_slab":8,"mobs_of_mythology:kobold_spear":1,"minecraft:potion":2,"minecraft:shield":2,"minecraft:polished_deepslate":1,"minecraft:string":3,"minecraft:cobbled_deepslate":43,"minecraft:trial_key":5,"minecraft:chiseled_tuff":1,"minecraft:azalea":8,"minecraft:furnace":4,"minecraft:tipped_arrow":21,"minecraft:raw_iron":41,"minecraft:stick":8,"minecraft:copper_ingot":9,"minecraft:torch":3,"minecraft:fire_charge":5,"minecraft:stone_button":1,"travelersbackpack:crafting_upgrade":1,"minecraft:goat_horn":1,"minecraft:arrow":18,"artifacts:lucky_scarf":1,"minecraft:honey_bottle":4,"minecraft:rotten_flesh":7,"minecraft:gold_ingot":27,"minecraft:tuff_bricks":9,"minecraft:mutton":21,"minecraft:white_wool":29,"minecraft:bone_block":1,"minecraft:cobblestone":154,"minecraft:andesite":69,"minecraft:leather":5,"minecraft:oak_log":25,"minecraft:waxed_copper_block":2,"minecraft:dirt":6,"minecraft:bone":15,"minecraft:iron_ingot":15,"minecraft:cooked_chicken":1,"minecraft:oak_planks":3,"minecraft:iron_sword":1,"minecraft:cooked_porkchop":9,"minecraft:sand":7,"minecraft:white_bed":1,"minecraft:spruce_log":2,"minecraft:spider_eye":1,"minecraft:polished_tuff":4,"travelersbackpack:white_sleeping_bag":2,"travelersbackpack:standard":1,"minecraft:diamond":1,"minecraft:breeze_rod":4,"minecraft:golden_apple":1,"minecraft:emerald":12,"minecraft:coal":203,"minecraft:ender_pearl":1},"minecraft:crafted":{"minecraft:oak_planks":68,"minecraft:furnace":1,"minecraft:cooked_mutton":14,"minecraft:glass":12,"minecraft:iron_boots":1,"minecraft:stone_pickaxe":3,"minecraft:chest":2,"minecraft:crafting_table":2,"minecraft:spruce_planks":8,"travelersbackpack:backpack_tank":2,"minecraft:wooden_pickaxe":2,"travelersbackpack:standard":2,"minecraft:iron_helmet":1,"minecraft:stone_axe":1,"minecraft:bread":3,"minecraft:air":0,"minecraft:iron_chestplate":1,"minecraft:stick":12,"minecraft:iron_ingot":33,"minecraft:stone_sword":1,"minecraft:iron_leggings":1,"minecraft:torch":12},"minecraft:killed_by":{"minecraft:zombie":1},"minecraft:custom":{"minecraft:interact_with_smithing_table":1,"minecraft:mob_kills":51,"minecraft:interact_with_crafting_table":32,"minecraft:open_barrel":6,"minecraft:leave_game":1,"minecraft:time_since_death":23421,"minecraft:sprint_one_cm":191361,"minecraft:walk_one_cm":139643,"minecraft:damage_blocked_by_shield":590,"minecraft:drop":37,"minecraft:play_time":90543,"minecraft:sneak_time":8291,"minecraft:deaths":1,"minecraft:walk_under_water_one_cm":15206,"minecraft:jump":1382,"minecraft:interact_with_blast_furnace":6,"minecraft:walk_on_water_one_cm":6114,"minecraft:total_world_time":90543,"minecraft:interact_with_furnace":40,"minecraft:sleep_in_bed":3,"minecraft:time_since_rest":23446,"minecraft:waystone_activated":1,"minecraft:damage_taken":1977,"minecraft:damage_dealt":7768,"minecraft:fly_one_cm":353396,"minecraft:swim_one_cm":21226,"minecraft:open_chest":18,"minecraft:crouch_one_cm":24209,"minecraft:interact_with_smoker":6,"minecraft:fall_one_cm":45366,"minecraft:inspect_dispenser":7},"minecraft:dropped":{"minecraft:iron_ingot":3,"minecraft:polished_tuff":2,"mobs_of_mythology:kobold_spear":1,"minecraft:copper_ingot":9,"minecraft:stick":2,"minecraft:dirt":2,"minecraft:string":3,"minecraft:white_wool":16,"minecraft:bone":2,"minecraft:tuff_bricks":2,"minecraft:stone_sword":1,"minecraft:rotten_flesh":7,"minecraft:tipped_arrow":21,"minecraft:trial_key":2,"minecraft:andesite":67,"minecraft:chest":1,"minecraft:azalea":8,"minecraft:spider_eye":1,"minecraft:arrow":9},"minecraft:broken":{"minecraft:wooden_pickaxe":1,"minecraft:stone_pickaxe":1},"minecraft:used":{"minecraft:stone_sword":15,"minecraft:polished_deepslate":1,"minecraft:chiseled_tuff":1,"minecraft:bone_block":1,"minecraft:shield":23,"minecraft:iron_sword":50,"minecraft:cooked_chicken":1,"minecraft:trial_key":2,"minecraft:iron_chestplate":1,"minecraft:torch":10,"minecraft:dirt":4,"mobs_of_mythology:kobold_spear":99,"minecraft:iron_boots":1,"minecraft:goat_horn":2,"minecraft:furnace":3,"minecraft:cooked_mutton":14,"minecraft:water_bucket":7,"minecraft:stone_pickaxe":199,"minecraft:baked_potato":3,"minecraft:wooden_pickaxe":67,"minecraft:waxed_copper_block":1,"minecraft:crafting_table":6,"minecraft:white_bed":1,"minecraft:bread":3,"minecraft:stone_button":1,"travelersbackpack:white_sleeping_bag":1,"minecraft:stone_slab":8,"minecraft:stone_axe":21,"minecraft:cobblestone":34,"travelersbackpack:standard":2,"minecraft:cooked_porkchop":9,"minecraft:smithing_table":1,"minecraft:andesite":2,"minecraft:bucket":7},"minecraft:mined":{"minecraft:white_bed":1,"minecraft:grass_block":1,"travelersbackpack:white_sleeping_bag":1,"minecraft:tuff_bricks":9,"minecraft:large_fern":1,"minecraft:furnace":4,"minecraft:cobbled_deepslate":2,"minecraft:polished_tuff":4,"minecraft:andesite":66,"minecraft:chiseled_tuff":1,"minecraft:polished_deepslate":1,"minecraft:stone":112,"minecraft:bone_block":1,"minecraft:smithing_table":1,"travelersbackpack:standard":1,"visualworkbench:minecraft/crafting_table":4,"minecraft:torch":1,"minecraft:short_grass":1,"minecraft:stone_slab":8,"minecraft:cobblestone":3,"minecraft:wall_torch":3,"minecraft:spruce_log":2,"minecraft:waxed_copper_block":2,"minecraft:oak_log":25,"minecraft:sand":7,"minecraft:dirt":5,"minecraft:oak_leaves":1,"minecraft:deepslate":43}},"DataVersion":3953}