{"stats":{"minecraft:killed":{"minecraft:spider":3,"minecraft:skeleton":21,"minecraft:sheep":16,"minecraft:zombie":15,"minecraft:breeze":2},"minecraft:picked_up":{"minecraft:crafting_table":5,"minecraft:ominous_bottle":1,"minecraft:smithing_table":2,"minecraft:stone_slab":8,"mobs_of_mythology:kobold_spear":1,"minecraft:potion":2,"minecraft:brick":64,"minecraft:shield":2,"minecraft:polished_deepslate":1,"minecraft:string":3,"minecraft:raw_copper":2,"minecraft:cobbled_deepslate":75,"minecraft:trial_key":6,"minecraft:chiseled_tuff":1,"minecraft:azalea":8,"minecraft:guster_pottery_sherd":3,"minecraft:furnace":4,"minecraft:tipped_arrow":27,"minecraft:raw_iron":57,"minecraft:stick":20,"minecraft:copper_ingot":9,"minecraft:torch":3,"minecraft:fire_charge":5,"minecraft:flow_pottery_sherd":3,"minecraft:stone_button":1,"minecraft:waxed_copper_grate":1,"travelersbackpack:crafting_upgrade":1,"minecraft:goat_horn":1,"minecraft:arrow":20,"artifacts:lucky_scarf":1,"minecraft:honey_bottle":6,"minecraft:rotten_flesh":12,"minecraft:gold_ingot":27,"minecraft:tuff_bricks":26,"minecraft:mutton":21,"minecraft:white_wool":29,"minecraft:bone_block":1,"minecraft:cobblestone":219,"minecraft:andesite":98,"minecraft:leather":5,"minecraft:oak_log":25,"minecraft:waxed_copper_block":2,"minecraft:dirt":6,"minecraft:bone":19,"minecraft:bow":1,"minecraft:iron_ingot":17,"minecraft:cooked_chicken":1,"minecraft:bolt_armor_trim_smithing_template":1,"minecraft:oak_planks":3,"minecraft:iron_sword":1,"minecraft:cooked_porkchop":9,"minecraft:sand":7,"minecraft:white_bed":1,"minecraft:spruce_log":2,"minecraft:spider_eye":1,"minecraft:polished_tuff":8,"travelersbackpack:white_sleeping_bag":2,"travelersbackpack:standard":1,"minecraft:diamond":1,"minecraft:breeze_rod":4,"minecraft:golden_apple":2,"minecraft:emerald":15,"minecraft:baked_potato":3,"minecraft:coal":203,"minecraft:ender_pearl":1},"minecraft:crafted":{"minecraft:oak_planks":68,"minecraft:furnace":1,"minecraft:cooked_mutton":14,"minecraft:glass":12,"minecraft:iron_boots":1,"minecraft:stone_pickaxe":5,"minecraft:chest":2,"minecraft:crafting_table":3,"minecraft:spruce_planks":8,"travelersbackpack:backpack_tank":2,"minecraft:wooden_pickaxe":2,"travelersbackpack:standard":2,"minecraft:iron_helmet":1,"minecraft:stone_axe":1,"minecraft:bread":3,"minecraft:air":0,"minecraft:iron_chestplate":1,"minecraft:stick":28,"minecraft:iron_ingot":33,"minecraft:stone_sword":1,"minecraft:iron_leggings":1,"minecraft:torch":12},"minecraft:killed_by":{"minecraft:zombie":1},"minecraft:custom":{"minecraft:interact_with_smithing_table":1,"minecraft:mob_kills":57,"minecraft:interact_with_crafting_table":33,"minecraft:open_barrel":6,"minecraft:leave_game":2,"minecraft:time_since_death":38506,"minecraft:climb_one_cm":2656,"minecraft:sprint_one_cm":218620,"minecraft:walk_one_cm":154689,"minecraft:damage_blocked_by_shield":765,"minecraft:drop":61,"minecraft:play_time":105628,"minecraft:sneak_time":9347,"minecraft:deaths":1,"minecraft:walk_under_water_one_cm":16115,"minecraft:jump":1699,"minecraft:interact_with_blast_furnace":6,"minecraft:walk_on_water_one_cm":6792,"minecraft:total_world_time":105628,"minecraft:interact_with_furnace":40,"minecraft:sleep_in_bed":3,"minecraft:time_since_rest":38531,"minecraft:waystone_activated":1,"minecraft:damage_taken":2194,"minecraft:damage_dealt":8394,"minecraft:fly_one_cm":385919,"minecraft:swim_one_cm":21226,"minecraft:open_chest":21,"minecraft:crouch_one_cm":26361,"minecraft:interact_with_smoker":6,"minecraft:fall_one_cm":49595,"minecraft:inspect_dispenser":7},"minecraft:dropped":{"minecraft:guster_pottery_sherd":3,"minecraft:iron_ingot":3,"minecraft:waxed_copper_grate":1,"minecraft:polished_tuff":3,"mobs_of_mythology:kobold_spear":1,"minecraft:copper_ingot":9,"minecraft:stick":2,"minecraft:dirt":2,"minecraft:fire_charge":5,"minecraft:potion":1,"minecraft:string":3,"minecraft:white_wool":16,"minecraft:bone":12,"minecraft:tuff_bricks":8,"minecraft:flow_pottery_sherd":3,"minecraft:stone_sword":1,"minecraft:raw_copper":2,"minecraft:rotten_flesh":12,"minecraft:honey_bottle":2,"minecraft:tipped_arrow":27,"minecraft:shield":1,"minecraft:trial_key":2,"minecraft:andesite":67,"minecraft:chest":1,"minecraft:azalea":8,"minecraft:spider_eye":1,"minecraft:arrow":9,"minecraft:bow":1,"minecraft:stone_pickaxe":1,"minecraft:brick":64},"minecraft:broken":{"minecraft:wooden_pickaxe":1,"minecraft:stone_pickaxe":2},"minecraft:used":{"minecraft:tuff_bricks":11,"minecraft:stone_sword":15,"minecraft:polished_deepslate":1,"minecraft:chiseled_tuff":1,"minecraft:bone_block":1,"minecraft:shield":30,"minecraft:iron_sword":64,"minecraft:cooked_chicken":1,"minecraft:trial_key":4,"minecraft:iron_chestplate":1,"minecraft:torch":10,"minecraft:dirt":4,"mobs_of_mythology:kobold_spear":99,"minecraft:iron_boots":1,"minecraft:goat_horn":2,"minecraft:furnace":3,"minecraft:cobbled_deepslate":11,"minecraft:cooked_mutton":14,"minecraft:water_bucket":8,"minecraft:stone_pickaxe":318,"minecraft:baked_potato":9,"minecraft:wooden_pickaxe":67,"minecraft:waxed_copper_block":1,"minecraft:crafting_table":7,"minecraft:white_bed":1,"minecraft:polished_tuff":3,"minecraft:bread":3,"minecraft:stone_button":1,"travelersbackpack:white_sleeping_bag":1,"minecraft:stone_slab":8,"minecraft:stone_axe":22,"minecraft:cobblestone":96,"travelersbackpack:standard":2,"minecraft:cooked_porkchop":9,"minecraft:smithing_table":1,"minecraft:andesite":31,"minecraft:bucket":8},"minecraft:mined":{"minecraft:white_bed":1,"minecraft:grass_block":1,"travelersbackpack:white_sleeping_bag":1,"minecraft:tuff_bricks":26,"minecraft:large_fern":1,"minecraft:furnace":4,"minecraft:iron_ore":1,"minecraft:cobbled_deepslate":2,"minecraft:polished_tuff":8,"minecraft:andesite":97,"minecraft:chiseled_tuff":1,"minecraft:polished_deepslate":1,"minecraft:stone":139,"minecraft:bone_block":1,"minecraft:smithing_table":1,"travelersbackpack:standard":1,"visualworkbench:minecraft/crafting_table":5,"minecraft:torch":1,"minecraft:short_grass":1,"minecraft:stone_slab":8,"minecraft:copper_ore":1,"minecraft:cobblestone":9,"minecraft:wall_torch":3,"minecraft:spruce_log":2,"minecraft:waxed_copper_block":2,"minecraft:oak_log":25,"minecraft:sand":7,"minecraft:dirt":5,"minecraft:oak_leaves":1,"minecraft:deepslate":75}},"DataVersion":3953}