{"stats":{"minecraft:killed":{"minecraft:spider":2,"minecraft:skeleton":9,"minecraft:sheep":16,"minecraft:zombie":14},"minecraft:picked_up":{"minecraft:crafting_table":4,"minecraft:andesite":69,"minecraft:leather":5,"minecraft:smithing_table":2,"minecraft:stone_slab":8,"mobs_of_mythology:kobold_spear":1,"minecraft:oak_log":25,"minecraft:waxed_copper_block":2,"minecraft:polished_deepslate":1,"minecraft:dirt":6,"minecraft:string":3,"minecraft:bone":9,"minecraft:cobbled_deepslate":41,"minecraft:trial_key":1,"minecraft:iron_ingot":15,"minecraft:chiseled_tuff":1,"minecraft:azalea":8,"minecraft:iron_sword":1,"minecraft:oak_planks":3,"minecraft:furnace":4,"minecraft:tipped_arrow":8,"minecraft:stick":8,"minecraft:raw_iron":41,"minecraft:cooked_porkchop":9,"minecraft:copper_ingot":9,"minecraft:torch":3,"minecraft:sand":7,"travelersbackpack:crafting_upgrade":1,"minecraft:white_bed":1,"minecraft:spruce_log":2,"minecraft:polished_tuff":4,"minecraft:spider_eye":1,"minecraft:goat_horn":1,"travelersbackpack:white_sleeping_bag":2,"minecraft:arrow":9,"artifacts:lucky_scarf":1,"minecraft:rotten_flesh":7,"minecraft:diamond":1,"minecraft:emerald":6,"minecraft:gold_ingot":27,"minecraft:tuff_bricks":9,"minecraft:mutton":21,"minecraft:coal":203,"minecraft:white_wool":29,"minecraft:cobblestone":154,"minecraft:ender_pearl":1},"minecraft:crafted":{"minecraft:oak_planks":68,"minecraft:crafting_table":2,"minecraft:spruce_planks":8,"minecraft:iron_helmet":1,"travelersbackpack:backpack_tank":2,"minecraft:wooden_pickaxe":2,"travelersbackpack:standard":2,"minecraft:furnace":1,"minecraft:stone_axe":1,"minecraft:bread":3,"minecraft:cooked_mutton":14,"minecraft:air":0,"minecraft:glass":12,"minecraft:iron_boots":1,"minecraft:iron_chestplate":1,"minecraft:stick":12,"minecraft:iron_ingot":33,"minecraft:stone_pickaxe":3,"minecraft:stone_sword":1,"minecraft:chest":2,"minecraft:iron_leggings":1,"minecraft:torch":12},"minecraft:killed_by":{"minecraft:zombie":1},"minecraft:custom":{"minecraft:interact_with_smithing_table":1,"minecraft:interact_with_furnace":40,"minecraft:mob_kills":41,"minecraft:interact_with_crafting_table":32,"minecraft:open_barrel":1,"minecraft:leave_game":1,"minecraft:time_since_death":11421,"minecraft:sleep_in_bed":3,"minecraft:time_since_rest":11446,"minecraft:waystone_activated":1,"minecraft:sprint_one_cm":154531,"minecraft:damage_taken":1619,"minecraft:walk_one_cm":103997,"minecraft:drop":33,"minecraft:damage_dealt":5840,"minecraft:swim_one_cm":20976,"minecraft:fly_one_cm":327083,"minecraft:open_chest":12,"minecraft:crouch_one_cm":21980,"minecraft:play_time":78543,"minecraft:deaths":1,"minecraft:sneak_time":7827,"minecraft:walk_under_water_one_cm":12956,"minecraft:jump":1257,"minecraft:interact_with_blast_furnace":6,"minecraft:walk_on_water_one_cm":5476,"minecraft:total_world_time":78543,"minecraft:interact_with_smoker":6,"minecraft:fall_one_cm":41494},"minecraft:dropped":{"minecraft:iron_ingot":3,"minecraft:tuff_bricks":2,"minecraft:stone_sword":1,"minecraft:rotten_flesh":7,"minecraft:polished_tuff":2,"mobs_of_mythology:kobold_spear":1,"minecraft:copper_ingot":9,"minecraft:stick":2,"minecraft:dirt":2,"minecraft:tipped_arrow":8,"minecraft:andesite":67,"minecraft:azalea":8,"minecraft:chest":1,"minecraft:spider_eye":1,"minecraft:arrow":9,"minecraft:string":3,"minecraft:white_wool":16,"minecraft:bone":2},"minecraft:used":{"minecraft:cooked_mutton":14,"minecraft:stone_sword":15,"minecraft:polished_deepslate":1,"minecraft:chiseled_tuff":1,"minecraft:stone_pickaxe":196,"minecraft:wooden_pickaxe":67,"minecraft:iron_sword":10,"minecraft:trial_key":1,"minecraft:waxed_copper_block":1,"minecraft:iron_chestplate":1,"minecraft:torch":10,"minecraft:dirt":4,"minecraft:crafting_table":6,"minecraft:white_bed":1,"mobs_of_mythology:kobold_spear":99,"minecraft:bread":3,"travelersbackpack:white_sleeping_bag":1,"minecraft:stone_slab":8,"minecraft:iron_boots":1,"minecraft:stone_axe":21,"minecraft:cobblestone":32,"minecraft:furnace":3,"minecraft:goat_horn":2,"minecraft:cooked_porkchop":6,"minecraft:smithing_table":1,"minecraft:andesite":2},"minecraft:broken":{"minecraft:stone_pickaxe":1,"minecraft:wooden_pickaxe":1},"minecraft:mined":{"minecraft:smithing_table":1,"minecraft:white_bed":1,"visualworkbench:minecraft/crafting_table":4,"minecraft:torch":1,"minecraft:short_grass":1,"minecraft:grass_block":1,"minecraft:stone_slab":8,"travelersbackpack:white_sleeping_bag":1,"minecraft:cobblestone":3,"minecraft:tuff_bricks":9,"minecraft:wall_torch":3,"minecraft:large_fern":1,"minecraft:furnace":4,"minecraft:polished_tuff":4,"minecraft:spruce_log":2,"minecraft:andesite":66,"minecraft:waxed_copper_block":2,"minecraft:chiseled_tuff":1,"minecraft:polished_deepslate":1,"minecraft:oak_log":25,"minecraft:sand":7,"minecraft:dirt":5,"minecraft:stone":112,"minecraft:oak_leaves":1,"minecraft:deepslate":43}},"DataVersion":3953}