{
  "mobs_of_mythology:mobs_of_mythology": {
    "criteria": {
      "requirement": "2024-08-23 01:09:02 +0000"
    },
    "done": true
  },
  "minecraft:recipes/decorations/crafting_table": {
    "criteria": {
      "unlock_right_away": "2024-08-23 01:09:02 +0000"
    },
    "done": true
  },
  "refurbished_furniture:recipes/misc/slicing/brown_dye_from_rotten_flesh": {
    "criteria": {
      "has_rotten_flesh": "2024-08-23 01:16:49 +0000"
    },
    "done": true
  },
  "refurbished_furniture:recipes/misc/constructing/birch_basin": {
    "criteria": {
      "has_minecraft:birch_planks": "2024-08-23 01:17:35 +0000"
    },
    "done": true
  },
  "minecraft:recipes/redstone/lever": {
    "criteria": {
      "has_cobblestone": "2024-08-23 01:32:22 +0000"
    },
    "done": true
  },
  "handcrafted:recipes/misc/spruce_counter": {
    "criteria": {
      "has_spruce_counter": "2024-08-23 01:43:35 +0000"
    },
    "done": true
  },
  "minecraft:recipes/building_blocks/polished_deepslate": {
    "criteria": {
      "has_cobbled_deepslate": "2024-08-23 01:52:54 +0000"
    },
    "done": true
  },
  "refurbished_furniture:recipes/misc/constructing/purple_stool": {
    "criteria": {
      "has_planks": "2024-08-23 01:12:54 +0000"
    },
    "done": true
  },
  "minecraft:recipes/combat/leather_helmet": {
    "criteria": {
      "has_leather": "2024-08-23 01:13:24 +0000"
    },
    "done": true
  },
  "minecraft:recipes/decorations/ladder": {
    "criteria": {
      "has_stick": "2024-08-23 01:13:05 +0000"
    },
    "done": true
  },
  "handcrafted:recipes/misc/oak_nightstand": {
    "criteria": {
      "has_oak_nightstand": "2024-08-23 01:12:54 +0000"
    },
    "done": true
  },
  "minecraft:recipes/building_blocks/chiseled_tuff_bricks_from_tuff_stonecutting": {
    "criteria": {
      "has_tuff": "2024-08-23 01:54:26 +0000"
    },
    "done": true
  },
  "refurbished_furniture:recipes/misc/constructing/magenta_trampoline": {
    "criteria": {
      "has_minecraft:string": "2024-08-23 01:31:12 +0000"
    },
    "done": true
  },
  "minecraft:recipes/building_blocks/deepslate_tile_stairs_from_cobbled_deepslate_stonecutting": {
    "criteria": {
      "has_cobbled_deepslate": "2024-08-23 01:52:54 +0000"
    },
    "done": true
  },
  "refurbished_furniture:recipes/misc/constructing/blue_stool": {
    "criteria": {
      "has_planks": "2024-08-23 01:12:54 +0000"
    },
    "done": true
  },
  "refurbished_furniture:recipes/misc/constructing/oak_toilet": {
    "criteria": {
      "has_minecraft:oak_planks": "2024-08-23 01:12:54 +0000"
    },
    "done": true
  },
  "minecraft:recipes/combat/leather_leggings": {
    "criteria": {
      "has_leather": "2024-08-23 01:13:24 +0000"
    },
    "done": true
  },
  "travelersbackpack:recipes/misc/coal": {
    "criteria": {
      "has_coal": "2024-08-23 01:38:36 +0000"
    },
    "done": true
  },
  "refurbished_furniture:recipes/misc/constructing/crimson_lattice_fence": {
    "criteria": {
      "has_minecraft:stick": "2024-08-23 01:13:05 +0000"
    },
    "done": true
  },
  "doggytalents:recipes/decorations/leather_jacket": {
    "criteria": {
      "has_leather": "2024-08-23 01:13:24 +0000"
    },
    "done": true
  },
  "minecraft:recipes/building_blocks/tuff_bricks_from_tuff_stonecutting": {
    "criteria": {
      "has_tuff": "2024-08-23 01:54:26 +0000"
    },
    "done": true
  },
  "refurbished_furniture:recipes/misc/constructing/birch_crate": {
    "criteria": {
      "has_minecraft:birch_planks": "2024-08-23 01:17:35 +0000"
    },
    "done": true
  },
  "handcrafted:recipes/misc/light_gray_cushion": {
    "criteria": {
      "has_light_gray_cushion": "2024-08-23 01:12:18 +0000"
    },
    "done": true
  },
  "refurbished_furniture:recipes/misc/constructing/gray_trampoline": {
    "criteria": {
      "has_minecraft:string": "2024-08-23 01:31:12 +0000"
    },
    "done": true
  },
  "refurbished_furniture:recipes/misc/constructing/brown_stool": {
    "criteria": {
      "has_planks": "2024-08-23 01:12:54 +0000"
    },
    "done": true
  },
  "minecraft:recipes/combat/diamond_leggings": {
    "criteria": {
      "has_diamond": "2024-08-23 01:53:46 +0000"
    },
    "done": true
  },
  "refurbished_furniture:recipes/misc/constructing/jungle_lattice_fence": {
    "criteria": {
      "has_minecraft:stick": "2024-08-23 01:13:05 +0000"
    },
    "done": true
  },
  "refurbished_furniture:recipes/misc/constructing/spruce_table": {
    "criteria": {
      "has_minecraft:spruce_planks": "2024-08-23 01:43:35 +0000"
    },
    "done": true
  },
  "refurbished_furniture:recipes/misc/constructing/spruce_lattice_fence_gate": {
    "criteria": {
      "has_minecraft:stick": "2024-08-23 01:13:05 +0000"
    },
    "done": true
  },
  "refurbished_furniture:recipes/misc/constructing/green_stool": {
    "criteria": {
      "has_planks": "2024-08-23 01:12:54 +0000"
    },
    "done": true
  },
  "refurbished_furniture:recipes/misc/constructing/oak_kitchen_sink": {
    "criteria": {
      "has_minecraft:oak_planks": "2024-08-23 01:12:54 +0000"
    },
    "done": true
  },
  "refurbished_furniture:recipes/misc/constructing/orange_stool": {
    "criteria": {
      "has_planks": "2024-08-23 01:12:54 +0000"
    },
    "done": true
  },
  "minecraft:recipes/misc/iron_nugget_from_smelting": {
    "criteria": {
      "has_iron_pickaxe": "2024-08-23 01:29:31 +0000"
    },
    "done": true
  },
  "minecraft:recipes/food/cooked_mutton_from_smoking": {
    "criteria": {
      "has_mutton": "2024-08-23 01:12:18 +0000"
    },
    "done": true
  },
  "refurbished_furniture:recipes/misc/constructing/yellow_lamp": {
    "criteria": {
      "has_planks": "2024-08-23 01:12:54 +0000"
    },
    "done": true
  },
  "minecraft:recipes/redstone/birch_button": {
    "criteria": {
      "has_planks": "2024-08-23 01:17:35 +0000"
    },
    "done": true
  },
  "refurbished_furniture:recipes/misc/constructing/oak_kitchen_drawer": {
    "criteria": {
      "has_minecraft:oak_planks": "2024-08-23 01:12:54 +0000"
    },
    "done": true
  },
  "refurbished_furniture:recipes/misc/constructing/spruce_kitchen_cabinetry": {
    "criteria": {
      "has_minecraft:spruce_planks": "2024-08-23 01:43:35 +0000"
    },
    "done": true
  },
  "handcrafted:recipes/misc/birch_couch": {
    "criteria": {
      "has_birch_couch": "2024-08-23 01:17:35 +0000"
    },
    "done": true
  },
  "minecraft:story/iron_tools": {
    "criteria": {
      "iron_pickaxe": "2024-08-23 01:29:31 +0000"
    },
    "done": true
  },
  "refurbished_furniture:recipes/misc/constructing/spruce_kitchen_sink": {
    "criteria": {
      "has_minecraft:spruce_planks": "2024-08-23 01:43:35 +0000"
    },
    "done": true
  },
  "minecraft:recipes/decorations/oak_sign": {
    "criteria": {
      "has_planks": "2024-08-23 01:12:54 +0000"
    },
    "done": true
  },
  "minecraft:recipes/redstone/oak_trapdoor": {
    "criteria": {
      "has_planks": "2024-08-23 01:12:54 +0000"
    },
    "done": true
  },
  "refurbished_furniture:recipes/misc/spatula": {
    "criteria": {
      "has_leather": "2024-08-23 01:13:24 +0000"
    },
    "done": true
  },
  "livingthings:recipes/cooked_elephant": {
    "criteria": {
      "has_elephant": "2024-08-23 01:11:51 +0000",
      "has_cooked_elephant": "2024-08-23 01:11:51 +0000"
    },
    "done": true
  },
  "refurbished_furniture:recipes/misc/constructing/black_cooler": {
    "criteria": {
      "has_planks": "2024-08-23 01:12:54 +0000"
    },
    "done": true
  },
  "refurbished_furniture:recipes/misc/constructing/lime_lamp": {
    "criteria": {
      "has_planks": "2024-08-23 01:12:54 +0000"
    },
    "done": true
  },
  "refurbished_furniture:recipes/misc/constructing/red_lamp": {
    "criteria": {
      "has_planks": "2024-08-23 01:12:54 +0000"
    },
    "done": true
  },
  "refurbished_furniture:recipes/misc/constructing/birch_cutting_board": {
    "criteria": {
      "has_minecraft:birch_planks": "2024-08-23 01:17:35 +0000"
    },
    "done": true
  },
  "minecraft:recipes/building_blocks/deepslate_brick_stairs_from_cobbled_deepslate_stonecutting": {
    "criteria": {
      "has_cobbled_deepslate": "2024-08-23 01:52:54 +0000"
    },
    "done": true
  },
  "livingthings:recipes/bone_meal": {
    "criteria": {
      "has_tooth": "2024-08-23 01:11:51 +0000"
    },
    "done": true
  },
  "minecraft:recipes/combat/stone_sword": {
    "criteria": {
      "has_cobblestone": "2024-08-23 01:32:22 +0000"
    },
    "done": true
  },
  "minecraft:recipes/decorations/cobblestone_wall": {
    "criteria": {
      "has_cobblestone": "2024-08-23 01:32:22 +0000"
    },
    "done": true
  },
  "minecraft:recipes/food/cooked_cod_from_smoking": {
    "criteria": {
      "has_cod": "2024-08-23 01:40:35 +0000"
    },
    "done": true
  },
  "refurbished_furniture:recipes/misc/constructing/orange_lamp": {
    "criteria": {
      "has_planks": "2024-08-23 01:12:54 +0000"
    },
    "done": true
  },
  "minecraft:recipes/tools/stone_axe": {
    "criteria": {
      "has_cobblestone": "2024-08-23 01:32:22 +0000"
    },
    "done": true
  },
  "minecraft:recipes/building_blocks/raw_iron_block": {
    "criteria": {
      "has_raw_iron": "2024-08-23 01:50:58 +0000"
    },
    "done": true
  },
  "livingthings:recipes/cooked_crab": {
    "criteria": {
      "has_cooked_crab": "2024-08-23 01:11:51 +0000",
      "has_crab": "2024-08-23 01:11:51 +0000"
    },
    "done": true
  },
  "refurbished_furniture:recipes/misc/constructing/dark_oak_lattice_fence_gate": {
    "criteria": {
      "has_minecraft:stick": "2024-08-23 01:13:05 +0000"
    },
    "done": true
  },
  "minecraft:recipes/combat/diamond_sword": {
    "criteria": {
      "has_diamond": "2024-08-23 01:53:46 +0000"
    },
    "done": true
  },
  "minecraft:recipes/decorations/jukebox": {
    "criteria": {
      "has_diamond": "2024-08-23 01:53:46 +0000"
    },
    "done": true
  },
  "minecraft:recipes/building_blocks/polished_tuff_slab_from_tuff_stonecutting": {
    "criteria": {
      "has_tuff": "2024-08-23 01:54:26 +0000"
    },
    "done": true
  },
  "doggytalents:recipes/decorations/pianist_suit": {
    "criteria": {
      "has_string": "2024-08-23 01:31:12 +0000"
    },
    "done": true
  },
  "refurbished_furniture:recipes/misc/constructing/birch_kitchen_sink": {
    "criteria": {
      "has_minecraft:birch_planks": "2024-08-23 01:17:35 +0000"
    },
    "done": true
  },
  "minecraft:recipes/combat/bow": {
    "criteria": {
      "has_string": "2024-08-23 01:31:12 +0000"
    },
    "done": true
  },
  "doggytalents:recipes/decorations/bowtie": {
    "criteria": {
      "has_string": "2024-08-23 01:31:12 +0000"
    },
    "done": true
  },
  "minecraft:recipes/combat/diamond_chestplate": {
    "criteria": {
      "has_diamond": "2024-08-23 01:53:46 +0000"
    },
    "done": true
  },
  "minecraft:story/mine_stone": {
    "criteria": {
      "get_stone": "2024-08-23 01:32:22 +0000"
    },
    "done": true
  },
  "minecraft:recipes/decorations/furnace": {
    "criteria": {
      "has_cobblestone": "2024-08-23 01:32:22 +0000"
    },
    "done": true
  },
  "minecraft:recipes/building_blocks/andesite_stairs": {
    "criteria": {
      "has_andesite": "2024-08-23 01:43:44 +0000"
    },
    "done": true
  },
  "handcrafted:recipes/misc/oak_fancy_bed": {
    "criteria": {
      "has_oak_fancy_bed": "2024-08-23 01:12:54 +0000"
    },
    "done": true
  },
  "refurbished_furniture:recipes/misc/constructing/orange_trampoline": {
    "criteria": {
      "has_minecraft:string": "2024-08-23 01:31:12 +0000"
    },
    "done": true
  },
  "doggytalents:recipes/decorations/sunglasses": {
    "criteria": {
      "has_stick": "2024-08-23 01:13:05 +0000"
    },
    "done": true
  },
  "handcrafted:recipes/misc/black_sheet": {
    "criteria": {
      "has_black_sheet": "2024-08-23 01:13:59 +0000"
    },
    "done": true
  },
  "livingthings:recipes/cooked_giraffe_from_smoking": {
    "criteria": {
      "has_giraffe": "2024-08-23 01:11:51 +0000",
      "has_cooked_giraffe": "2024-08-23 01:11:51 +0000"
    },
    "done": true
  },
  "refurbished_furniture:recipes/misc/constructing/cyan_trampoline": {
    "criteria": {
      "has_minecraft:string": "2024-08-23 01:31:12 +0000"
    },
    "done": true
  },
  "minecraft:recipes/redstone/birch_door": {
    "criteria": {
      "has_planks": "2024-08-23 01:17:35 +0000"
    },
    "done": true
  },
  "minecraft:recipes/decorations/birch_fence": {
    "criteria": {
      "has_planks": "2024-08-23 01:17:35 +0000"
    },
    "done": true
  },
  "minecraft:recipes/tools/wooden_axe": {
    "criteria": {
      "has_stick": "2024-08-23 01:13:05 +0000"
    },
    "done": true
  },
  "minecraft:recipes/decorations/spruce_sign": {
    "criteria": {
      "has_planks": "2024-08-23 01:43:35 +0000"
    },
    "done": true
  },
  "minecraft:recipes/building_blocks/tuff_stairs": {
    "criteria": {
      "has_tuff": "2024-08-23 01:54:26 +0000"
    },
    "done": true
  },
  "handcrafted:recipes/misc/birch_shelf": {
    "criteria": {
      "has_birch_shelf": "2024-08-23 01:17:35 +0000"
    },
    "done": true
  },
  "refurbished_furniture:recipes/misc/constructing/magenta_cooler": {
    "criteria": {
      "has_planks": "2024-08-23 01:12:54 +0000"
    },
    "done": true
  },
  "doggytalents:recipes/food/breeding_bone": {
    "criteria": {
      "has_cooked_porkchop": "2024-08-23 01:43:07 +0000"
    },
    "done": true
  },
  "minecraft:recipes/decorations/painting": {
    "criteria": {
      "has_wool": "2024-08-23 01:12:18 +0000"
    },
    "done": true
  },
  "refurbished_furniture:recipes/misc/constructing/spruce_lattice_fence": {
    "criteria": {
      "has_minecraft:stick": "2024-08-23 01:13:05 +0000"
    },
    "done": true
  },
  "refurbished_furniture:recipes/misc/constructing/light_blue_cooler": {
    "criteria": {
      "has_planks": "2024-08-23 01:12:54 +0000"
    },
    "done": true
  },
  "minecraft:recipes/decorations/black_carpet": {
    "criteria": {
      "has_black_wool": "2024-08-23 01:13:59 +0000"
    },
    "done": true
  },
  "refurbished_furniture:recipes/misc/constructing/spruce_kitchen_drawer": {
    "criteria": {
      "has_minecraft:spruce_planks": "2024-08-23 01:43:35 +0000"
    },
    "done": true
  },
  "refurbished_furniture:recipes/misc/constructing/white_lamp": {
    "criteria": {
      "has_planks": "2024-08-23 01:12:54 +0000"
    },
    "done": true
  },
  "waystones:recipes/decorations/mossy_waystone_from_vines": {
    "criteria": {
      "has_waystone": "2024-08-23 01:36:22 +0000"
    },
    "done": true
  },
  "refurbished_furniture:recipes/misc/constructing/oak_mail_box": {
    "criteria": {
      "has_minecraft:oak_planks": "2024-08-23 01:12:54 +0000"
    },
    "done": true
  },
  "refurbished_furniture:recipes/misc/constructing/pink_sofa": {
    "criteria": {
      "has_planks": "2024-08-23 01:12:54 +0000"
    },
    "done": true
  },
  "minecraft:recipes/food/cooked_rabbit": {
    "criteria": {
      "has_rabbit": "2024-08-23 01:38:18 +0000"
    },
    "done": true
  },
  "doggytalents:recipes/decorations/plague_doctor_mask": {
    "criteria": {
      "has_leather": "2024-08-23 01:13:24 +0000"
    },
    "done": true
  },
  "minecraft:recipes/combat/leather_chestplate": {
    "criteria": {
      "has_leather": "2024-08-23 01:13:24 +0000"
    },
    "done": true
  },
  "refurbished_furniture:recipes/misc/constructing/birch_chair": {
    "criteria": {
      "has_minecraft:birch_planks": "2024-08-23 01:17:35 +0000"
    },
    "done": true
  },
  "refurbished_furniture:recipes/misc/constructing/oak_bath": {
    "criteria": {
      "has_minecraft:oak_planks": "2024-08-23 01:12:54 +0000"
    },
    "done": true
  },
  "handcrafted:recipes/misc/andesite_corner_trim": {
    "criteria": {
      "has_andesite_corner_trim": "2024-08-23 01:43:44 +0000"
    },
    "done": true
  },
  "refurbished_furniture:recipes/misc/constructing/brown_lamp": {
    "criteria": {
      "has_planks": "2024-08-23 01:12:54 +0000"
    },
    "done": true
  },
  "handcrafted:recipes/misc/spruce_table": {
    "criteria": {
      "has_spruce_table": "2024-08-23 01:43:35 +0000"
    },
    "done": true
  },
  "doggytalents:recipes/decorations/guard_suit": {
    "criteria": {
      "has_string": "2024-08-23 01:31:12 +0000"
    },
    "done": true
  },
  "refurbished_furniture:recipes/misc/constructing/yellow_sofa": {
    "criteria": {
      "has_planks": "2024-08-23 01:12:54 +0000"
    },
    "done": true
  },
  "minecraft:recipes/decorations/andesite_wall_from_andesite_stonecutting": {
    "criteria": {
      "has_andesite": "2024-08-23 01:43:44 +0000"
    },
    "done": true
  },
  "doggytalents:recipes/decorations/giant_stick": {
    "criteria": {
      "has_stick": "2024-08-23 01:13:05 +0000"
    },
    "done": true
  },
  "refurbished_furniture:recipes/misc/constructing/crimson_lattice_fence_gate": {
    "criteria": {
      "has_minecraft:stick": "2024-08-23 01:13:05 +0000"
    },
    "done": true
  },
  "travelersbackpack:recipes/misc/crafting_upgrade": {
    "criteria": {
      "has_crafting_table": "2024-08-23 01:12:57 +0000"
    },
    "done": true
  },
  "minecraft:recipes/tools/fishing_rod": {
    "criteria": {
      "has_string": "2024-08-23 01:31:12 +0000"
    },
    "done": true
  },
  "minecraft:recipes/decorations/smoker": {
    "criteria": {
      "has_furnace": "2024-08-23 01:32:54 +0000"
    },
    "done": true
  },
  "minecraft:recipes/building_blocks/chiseled_deepslate_from_cobbled_deepslate_stonecutting": {
    "criteria": {
      "has_cobbled_deepslate": "2024-08-23 01:52:54 +0000"
    },
    "done": true
  },
  "refurbished_furniture:recipes/misc/constructing/orange_sofa": {
    "criteria": {
      "has_planks": "2024-08-23 01:12:54 +0000"
    },
    "done": true
  },
  "minecraft:recipes/decorations/chest": {
    "criteria": {
      "has_lots_of_items": "2024-08-23 01:13:44 +0000"
    },
    "done": true
  },
  "minecraft:recipes/building_blocks/cobbled_deepslate_slab": {
    "criteria": {
      "has_cobbled_deepslate": "2024-08-23 01:52:54 +0000"
    },
    "done": true
  },
  "minecraft:recipes/misc/stick": {
    "criteria": {
      "has_planks": "2024-08-23 01:12:54 +0000"
    },
    "done": true
  },
  "livingthings:recipes/cooked_elephant_from_campfire_cooking": {
    "criteria": {
      "has_elephant": "2024-08-23 01:11:51 +0000",
      "has_cooked_elephant": "2024-08-23 01:11:51 +0000"
    },
    "done": true
  },
  "livingthings:recipes/cooked_ostrich": {
    "criteria": {
      "has_ostrich": "2024-08-23 01:11:51 +0000",
      "has_cooked_ostrich": "2024-08-23 01:11:51 +0000"
    },
    "done": true
  },
  "minecraft:recipes/food/cooked_rabbit_from_smoking": {
    "criteria": {
      "has_rabbit": "2024-08-23 01:38:18 +0000"
    },
    "done": true
  },
  "handcrafted:recipes/misc/light_gray_sheet": {
    "criteria": {
      "has_light_gray_sheet": "2024-08-23 01:12:18 +0000"
    },
    "done": true
  },
  "refurbished_furniture:recipes/misc/constructing/lime_sofa": {
    "criteria": {
      "has_planks": "2024-08-23 01:12:54 +0000"
    },
    "done": true
  },
  "handcrafted:recipes/misc/oak_table": {
    "criteria": {
      "has_oak_table": "2024-08-23 01:12:54 +0000"
    },
    "done": true
  },
  "minecraft:recipes/decorations/cobbled_deepslate_wall_from_cobbled_deepslate_stonecutting": {
    "criteria": {
      "has_cobbled_deepslate": "2024-08-23 01:52:54 +0000"
    },
    "done": true
  },
  "handcrafted:recipes/misc/spruce_shelf": {
    "criteria": {
      "has_spruce_shelf": "2024-08-23 01:43:35 +0000"
    },
    "done": true
  },
  "minecraft:recipes/decorations/tuff_brick_wall_from_tuff_stonecutting": {
    "criteria": {
      "has_tuff": "2024-08-23 01:54:26 +0000"
    },
    "done": true
  },
  "refurbished_furniture:recipes/misc/constructing/oak_crate": {
    "criteria": {
      "has_minecraft:oak_planks": "2024-08-23 01:12:54 +0000"
    },
    "done": true
  },
  "minecraft:adventure/sleep_in_bed": {
    "criteria": {
      "slept_in_bed": "2024-08-23 01:18:00 +0000"
    },
    "done": true
  },
  "refurbished_furniture:recipes/misc/constructing/spruce_kitchen_storage_cabinet": {
    "criteria": {
      "has_minecraft:spruce_planks": "2024-08-23 01:43:35 +0000"
    },
    "done": true
  },
  "handcrafted:recipes/misc/oak_corner_trim": {
    "criteria": {
      "has_oak_corner_trim": "2024-08-23 01:12:54 +0000"
    },
    "done": true
  },
  "minecraft:recipes/food/cooked_rabbit_from_campfire_cooking": {
    "criteria": {
      "has_rabbit": "2024-08-23 01:38:18 +0000"
    },
    "done": true
  },
  "minecraft:recipes/building_blocks/cobblestone_slab_from_cobblestone_stonecutting": {
    "criteria": {
      "has_cobblestone": "2024-08-23 01:32:22 +0000"
    },
    "done": true
  },
  "refurbished_furniture:recipes/misc/constructing/light_gray_trampoline": {
    "criteria": {
      "has_minecraft:string": "2024-08-23 01:31:12 +0000"
    },
    "done": true
  },
  "refurbished_furniture:recipes/misc/constructing/birch_kitchen_drawer": {
    "criteria": {
      "has_minecraft:birch_planks": "2024-08-23 01:17:35 +0000"
    },
    "done": true
  },
  "minecraft:recipes/building_blocks/oak_stairs": {
    "criteria": {
      "has_planks": "2024-08-23 01:12:54 +0000"
    },
    "done": true
  },
  "minecraft:recipes/building_blocks/polished_andesite_slab_from_andesite_stonecutting": {
    "criteria": {
      "has_andesite": "2024-08-23 01:43:44 +0000"
    },
    "done": true
  },
  "minecraft:recipes/decorations/birch_sign": {
    "criteria": {
      "has_planks": "2024-08-23 01:17:35 +0000"
    },
    "done": true
  },
  "minecraft:recipes/transportation/cherry_boat": {
    "criteria": {
      "in_water": "2024-08-23 01:14:58 +0000"
    },
    "done": true
  },
  "handcrafted:recipes/misc/oak_bench": {
    "criteria": {
      "has_oak_bench": "2024-08-23 01:12:54 +0000"
    },
    "done": true
  },
  "minecraft:recipes/tools/diamond_pickaxe": {
    "criteria": {
      "has_diamond": "2024-08-23 01:53:46 +0000"
    },
    "done": true
  },
  "refurbished_furniture:recipes/misc/constructing/red_cooler": {
    "criteria": {
      "has_planks": "2024-08-23 01:12:54 +0000"
    },
    "done": true
  },
  "minecraft:adventure/kill_all_mobs": {
    "criteria": {
      "minecraft:skeleton": "2024-08-23 01:31:29 +0000",
      "minecraft:spider": "2024-08-23 01:31:11 +0000",
      "minecraft:zombie": "2024-08-23 01:16:47 +0000"
    },
    "done": false
  },
  "refurbished_furniture:recipes/misc/constructing/birch_bath": {
    "criteria": {
      "has_minecraft:birch_planks": "2024-08-23 01:17:35 +0000"
    },
    "done": true
  },
  "refurbished_furniture:recipes/misc/constructing/green_trampoline": {
    "criteria": {
      "has_minecraft:string": "2024-08-23 01:31:12 +0000"
    },
    "done": true
  },
  "travelersbackpack:recipes/decorations/light_gray_sleeping_bag": {
    "criteria": {
      "has_light_gray_wool": "2024-08-23 01:12:18 +0000"
    },
    "done": true
  },
  "refurbished_furniture:recipes/misc/constructing/oak_light_ceiling_fan": {
    "criteria": {
      "has_minecraft:oak_planks": "2024-08-23 01:12:54 +0000"
    },
    "done": true
  },
  "refurbished_furniture:recipes/misc/constructing/brown_trampoline": {
    "criteria": {
      "has_minecraft:string": "2024-08-23 01:31:12 +0000"
    },
    "done": true
  },
  "minecraft:recipes/decorations/oak_fence": {
    "criteria": {
      "has_planks": "2024-08-23 01:12:54 +0000"
    },
    "done": true
  },
  "minecraft:recipes/building_blocks/chiseled_tuff_from_tuff_stonecutting": {
    "criteria": {
      "has_tuff": "2024-08-23 01:54:26 +0000"
    },
    "done": true
  },
  "refurbished_furniture:recipes/misc/constructing/spruce_bath": {
    "criteria": {
      "has_minecraft:spruce_planks": "2024-08-23 01:43:35 +0000"
    },
    "done": true
  },
  "minecraft:recipes/food/cooked_porkchop_from_campfire_cooking": {
    "criteria": {
      "has_porkchop": "2024-08-23 01:11:51 +0000"
    },
    "done": true
  },
  "refurbished_furniture:recipes/misc/constructing/oak_basin": {
    "criteria": {
      "has_minecraft:oak_planks": "2024-08-23 01:12:54 +0000"
    },
    "done": true
  },
  "refurbished_furniture:recipes/misc/constructing/lime_trampoline": {
    "criteria": {
      "has_minecraft:string": "2024-08-23 01:31:12 +0000"
    },
    "done": true
  },
  "minecraft:recipes/building_blocks/polished_tuff_stairs_from_tuff_stonecutting": {
    "criteria": {
      "has_tuff": "2024-08-23 01:54:26 +0000"
    },
    "done": true
  },
  "doggytalents:recipes/decorations/locator_orb_rei": {
    "criteria": {
      "has_string": "2024-08-23 01:31:12 +0000"
    },
    "done": true
  },
  "minecraft:recipes/building_blocks/spruce_wood": {
    "criteria": {
      "has_log": "2024-08-23 01:35:52 +0000"
    },
    "done": true
  },
  "refurbished_furniture:recipes/misc/constructing/birch_storage_cabinet": {
    "criteria": {
      "has_minecraft:birch_planks": "2024-08-23 01:17:35 +0000"
    },
    "done": true
  },
  "handcrafted:recipes/misc/birch_nightstand": {
    "criteria": {
      "has_birch_nightstand": "2024-08-23 01:17:35 +0000"
    },
    "done": true
  },
  "minecraft:recipes/decorations/black_banner": {
    "criteria": {
      "has_black_wool": "2024-08-23 01:13:59 +0000"
    },
    "done": true
  },
  "doggytalents:recipes/decorations/lab_coat": {
    "criteria": {
      "has_wool": "2024-08-23 01:12:18 +0000"
    },
    "done": true
  },
  "minecraft:recipes/redstone/tripwire_hook": {
    "criteria": {
      "has_string": "2024-08-23 01:31:12 +0000"
    },
    "done": true
  },
  "minecraft:recipes/redstone/birch_fence_gate": {
    "criteria": {
      "has_planks": "2024-08-23 01:17:35 +0000"
    },
    "done": true
  },
  "handcrafted:recipes/misc/birch_table": {
    "criteria": {
      "has_birch_table": "2024-08-23 01:17:35 +0000"
    },
    "done": true
  },
  "minecraft:recipes/decorations/cobbled_deepslate_wall": {
    "criteria": {
      "has_cobbled_deepslate": "2024-08-23 01:52:54 +0000"
    },
    "done": true
  },
  "handcrafted:recipes/misc/birch_fancy_bed": {
    "criteria": {
      "has_birch_fancy_bed": "2024-08-23 01:17:35 +0000"
    },
    "done": true
  },
  "travelersbackpack:recipes/misc/spider": {
    "criteria": {
      "has_string": "2024-08-23 01:31:12 +0000"
    },
    "done": true
  },
  "minecraft:recipes/decorations/polished_deepslate_wall_from_cobbled_deepslate_stonecutting": {
    "criteria": {
      "has_cobbled_deepslate": "2024-08-23 01:52:54 +0000"
    },
    "done": true
  },
  "handcrafted:recipes/misc/birch_pillar_trim": {
    "criteria": {
      "has_birch_pillar_trim": "2024-08-23 01:17:35 +0000"
    },
    "done": true
  },
  "refurbished_furniture:recipes/misc/constructing/oak_lattice_fence_gate": {
    "criteria": {
      "has_minecraft:oak_planks": "2024-08-23 01:12:54 +0000"
    },
    "done": true
  },
  "minecraft:recipes/building_blocks/stone": {
    "criteria": {
      "has_cobblestone": "2024-08-23 01:32:22 +0000"
    },
    "done": true
  },
  "refurbished_furniture:recipes/misc/constructing/birch_toilet": {
    "criteria": {
      "has_minecraft:birch_planks": "2024-08-23 01:17:35 +0000"
    },
    "done": true
  },
  "minecraft:recipes/building_blocks/tuff_brick_stairs_from_tuff_stonecutting": {
    "criteria": {
      "has_tuff": "2024-08-23 01:54:26 +0000"
    },
    "done": true
  },
  "handcrafted:recipes/misc/white_sheet": {
    "criteria": {
      "has_white_sheet": "2024-08-23 01:13:44 +0000"
    },
    "done": true
  },
  "minecraft:recipes/transportation/bamboo_raft": {
    "criteria": {
      "in_water": "2024-08-23 01:14:58 +0000"
    },
    "done": true
  },
  "refurbished_furniture:recipes/misc/constructing/light_blue_trampoline": {
    "criteria": {
      "has_minecraft:string": "2024-08-23 01:31:12 +0000"
    },
    "done": true
  },
  "refurbished_furniture:recipes/misc/constructing/spruce_storage_jar": {
    "criteria": {
      "has_minecraft:spruce_planks": "2024-08-23 01:43:35 +0000"
    },
    "done": true
  },
  "handcrafted:recipes/misc/oak_drawer": {
    "criteria": {
      "has_oak_drawer": "2024-08-23 01:12:54 +0000"
    },
    "done": true
  },
  "doggytalents:recipes/decorations/wig": {
    "criteria": {
      "has_string": "2024-08-23 01:31:12 +0000"
    },
    "done": true
  },
  "refurbished_furniture:recipes/misc/constructing/black_trampoline": {
    "criteria": {
      "has_minecraft:string": "2024-08-23 01:31:12 +0000"
    },
    "done": true
  },
  "refurbished_furniture:recipes/misc/constructing/magenta_stool": {
    "criteria": {
      "has_planks": "2024-08-23 01:12:54 +0000"
    },
    "done": true
  },
  "handcrafted:recipes/misc/white_cushion": {
    "criteria": {
      "has_white_cushion": "2024-08-23 01:13:44 +0000"
    },
    "done": true
  },
  "travelersbackpack:recipes/decorations/white_sleeping_bag": {
    "criteria": {
      "has_white_wool": "2024-08-23 01:13:44 +0000"
    },
    "done": true
  },
  "compact_storage:barrel_me_this": {
    "criteria": {
      "got_barrel": "2024-08-23 01:11:51 +0000"
    },
    "done": true
  },
  "minecraft:recipes/decorations/candle": {
    "criteria": {
      "has_string": "2024-08-23 01:31:12 +0000"
    },
    "done": true
  },
  "handcrafted:recipes/misc/fox_trophy": {
    "criteria": {
      "has_fox_trophy": "2024-08-23 01:12:54 +0000"
    },
    "done": true
  },
  "refurbished_furniture:recipes/misc/constructing/oak_drawer": {
    "criteria": {
      "has_minecraft:oak_planks": "2024-08-23 01:12:54 +0000"
    },
    "done": true
  },
  "minecraft:recipes/transportation/spruce_boat": {
    "criteria": {
      "in_water": "2024-08-23 01:14:58 +0000"
    },
    "done": true
  },
  "doggytalents:recipes/decorations/wool_collar_thicc": {
    "criteria": {
      "has_string": "2024-08-23 01:31:12 +0000"
    },
    "done": true
  },
  "minecraft:recipes/building_blocks/tuff_slab_from_tuff_stonecutting": {
    "criteria": {
      "has_tuff": "2024-08-23 01:54:26 +0000"
    },
    "done": true
  },
  "refurbished_furniture:recipes/misc/constructing/green_cooler": {
    "criteria": {
      "has_planks": "2024-08-23 01:12:54 +0000"
    },
    "done": true
  },
  "minecraft:recipes/building_blocks/birch_slab": {
    "criteria": {
      "has_planks": "2024-08-23 01:17:35 +0000"
    },
    "done": true
  },
  "refurbished_furniture:recipes/misc/knife": {
    "criteria": {
      "has_leather": "2024-08-23 01:13:24 +0000"
    },
    "done": true
  },
  "refurbished_furniture:recipes/misc/workbench": {
    "criteria": {
      "has_planks": "2024-08-23 01:12:54 +0000"
    },
    "done": true
  },
  "minecraft:recipes/misc/leather_horse_armor": {
    "criteria": {
      "has_leather": "2024-08-23 01:13:24 +0000"
    },
    "done": true
  },
  "handcrafted:recipes/misc/spruce_couch": {
    "criteria": {
      "has_spruce_couch": "2024-08-23 01:43:35 +0000"
    },
    "done": true
  },
  "refurbished_furniture:recipes/misc/constructing/birch_lattice_fence": {
    "criteria": {
      "has_minecraft:stick": "2024-08-23 01:13:05 +0000"
    },
    "done": true
  },
  "livingthings:recipes/cooked_lion_from_campfire_cooking": {
    "criteria": {
      "has_cooked_lion": "2024-08-23 01:11:51 +0000",
      "has_lion": "2024-08-23 01:11:51 +0000"
    },
    "done": true
  },
  "refurbished_furniture:recipes/misc/constructing/brown_sofa": {
    "criteria": {
      "has_planks": "2024-08-23 01:12:54 +0000"
    },
    "done": true
  },
  "refurbished_furniture:recipes/misc/constructing/spruce_light_ceiling_fan": {
    "criteria": {
      "has_minecraft:spruce_planks": "2024-08-23 01:43:35 +0000"
    },
    "done": true
  },
  "minecraft:husbandry/root": {
    "criteria": {
      "consumed_item": "2024-08-23 01:15:27 +0000"
    },
    "done": true
  },
  "minecraft:recipes/transportation/birch_boat": {
    "criteria": {
      "in_water": "2024-08-23 01:14:58 +0000"
    },
    "done": true
  },
  "minecraft:recipes/building_blocks/cobbled_deepslate_stairs_from_cobbled_deepslate_stonecutting": {
    "criteria": {
      "has_cobbled_deepslate": "2024-08-23 01:52:54 +0000"
    },
    "done": true
  },
  "refurbished_furniture:recipes/misc/constructing/light_blue_lamp": {
    "criteria": {
      "has_planks": "2024-08-23 01:12:54 +0000"
    },
    "done": true
  },
  "handcrafted:recipes/misc/salmon_trophy": {
    "criteria": {
      "has_salmon_trophy": "2024-08-23 01:12:54 +0000"
    },
    "done": true
  },
  "handcrafted:recipes/misc/spruce_dining_bench": {
    "criteria": {
      "has_spruce_dining_bench": "2024-08-23 01:43:35 +0000"
    },
    "done": true
  },
  "minecraft:recipes/decorations/spruce_fence": {
    "criteria": {
      "has_planks": "2024-08-23 01:43:35 +0000"
    },
    "done": true
  },
  "minecraft:recipes/tools/diamond_hoe": {
    "criteria": {
      "has_diamond": "2024-08-23 01:53:46 +0000"
    },
    "done": true
  },
  "minecraft:recipes/tools/diamond_shovel": {
    "criteria": {
      "has_diamond": "2024-08-23 01:53:46 +0000"
    },
    "done": true
  },
  "minecraft:recipes/building_blocks/deepslate": {
    "criteria": {
      "has_cobbled_deepslate": "2024-08-23 01:52:54 +0000"
    },
    "done": true
  },
  "livingthings:recipes/arrow": {
    "criteria": {
      "has_feather": "2024-08-23 01:11:51 +0000",
      "has_tooth": "2024-08-23 01:11:51 +0000"
    },
    "done": true
  },
  "minecraft:recipes/decorations/white_carpet": {
    "criteria": {
      "has_white_wool": "2024-08-23 01:13:44 +0000"
    },
    "done": true
  },
  "refurbished_furniture:recipes/misc/constructing/blue_sofa": {
    "criteria": {
      "has_planks": "2024-08-23 01:12:54 +0000"
    },
    "done": true
  },
  "minecraft:recipes/transportation/oak_boat": {
    "criteria": {
      "in_water": "2024-08-23 01:14:58 +0000"
    },
    "done": true
  },
  "refurbished_furniture:recipes/misc/constructing/brown_cooler": {
    "criteria": {
      "has_planks": "2024-08-23 01:12:54 +0000"
    },
    "done": true
  },
  "refurbished_furniture:recipes/misc/constructing/light_blue_stool": {
    "criteria": {
      "has_planks": "2024-08-23 01:12:54 +0000"
    },
    "done": true
  },
  "minecraft:recipes/building_blocks/andesite_slab_from_andesite_stonecutting": {
    "criteria": {
      "has_andesite": "2024-08-23 01:43:44 +0000"
    },
    "done": true
  },
  "minecraft:recipes/building_blocks/coal_block": {
    "criteria": {
      "has_coal": "2024-08-23 01:38:36 +0000"
    },
    "done": true
  },
  "handcrafted:recipes/misc/silverfish_trophy": {
    "criteria": {
      "has_silverfish_trophy": "2024-08-23 01:12:54 +0000"
    },
    "done": true
  },
  "refurbished_furniture:recipes/misc/constructing/cherry_lattice_fence": {
    "criteria": {
      "has_minecraft:stick": "2024-08-23 01:13:05 +0000"
    },
    "done": true
  },
  "minecraft:recipes/building_blocks/spruce_slab": {
    "criteria": {
      "has_planks": "2024-08-23 01:43:35 +0000"
    },
    "done": true
  },
  "travelersbackpack:recipes/misc/ocelot": {
    "criteria": {
      "has_cod": "2024-08-23 01:40:35 +0000"
    },
    "done": true
  },
  "handcrafted:recipes/misc/tropical_fish_trophy": {
    "criteria": {
      "has_tropical_fish_trophy": "2024-08-23 01:12:54 +0000"
    },
    "done": true
  },
  "minecraft:recipes/building_blocks/polished_tuff_from_tuff_stonecutting": {
    "criteria": {
      "has_tuff": "2024-08-23 01:54:26 +0000"
    },
    "done": true
  },
  "minecraft:recipes/building_blocks/polished_deepslate_stairs_from_cobbled_deepslate_stonecutting": {
    "criteria": {
      "has_cobbled_deepslate": "2024-08-23 01:52:54 +0000"
    },
    "done": true
  },
  "refurbished_furniture:recipes/misc/constructing/purple_cooler": {
    "criteria": {
      "has_planks": "2024-08-23 01:12:54 +0000"
    },
    "done": true
  },
  "handcrafted:recipes/misc/oak_couch": {
    "criteria": {
      "has_oak_couch": "2024-08-23 01:12:54 +0000"
    },
    "done": true
  },
  "doggytalents:recipes/decorations/locator_orb_shin": {
    "criteria": {
      "has_string": "2024-08-23 01:31:12 +0000"
    },
    "done": true
  },
  "refurbished_furniture:recipes/misc/constructing/red_trampoline": {
    "criteria": {
      "has_minecraft:string": "2024-08-23 01:31:12 +0000"
    },
    "done": true
  },
  "refurbished_furniture:recipes/misc/constructing/cyan_cooler": {
    "criteria": {
      "has_planks": "2024-08-23 01:12:54 +0000"
    },
    "done": true
  },
  "travelersbackpack:recipes/misc/horse": {
    "criteria": {
      "has_leather": "2024-08-23 01:13:24 +0000"
    },
    "done": true
  },
  "refurbished_furniture:recipes/misc/constructing/oak_chair": {
    "criteria": {
      "has_minecraft:oak_planks": "2024-08-23 01:12:54 +0000"
    },
    "done": true
  },
  "travelersbackpack:recipes/decorations/black_sleeping_bag": {
    "criteria": {
      "has_black_wool": "2024-08-23 01:13:59 +0000"
    },
    "done": true
  },
  "minecraft:recipes/redstone/oak_button": {
    "criteria": {
      "has_planks": "2024-08-23 01:12:54 +0000"
    },
    "done": true
  },
  "refurbished_furniture:recipes/misc/constructing/light_gray_cooler": {
    "criteria": {
      "has_planks": "2024-08-23 01:12:54 +0000"
    },
    "done": true
  },
  "refurbished_furniture:recipes/misc/constructing/white_cooler": {
    "criteria": {
      "has_planks": "2024-08-23 01:12:54 +0000"
    },
    "done": true
  },
  "handcrafted:recipes/misc/birch_dining_bench": {
    "criteria": {
      "has_birch_dining_bench": "2024-08-23 01:17:35 +0000"
    },
    "done": true
  },
  "minecraft:recipes/building_blocks/birch_stairs": {
    "criteria": {
      "has_planks": "2024-08-23 01:17:35 +0000"
    },
    "done": true
  },
  "refurbished_furniture:recipes/misc/constructing/red_sofa": {
    "criteria": {
      "has_planks": "2024-08-23 01:12:54 +0000"
    },
    "done": true
  },
  "refurbished_furniture:recipes/misc/constructing/spruce_cutting_board": {
    "criteria": {
      "has_minecraft:spruce_planks": "2024-08-23 01:43:35 +0000"
    },
    "done": true
  },
  "handcrafted:recipes/misc/oak_shelf": {
    "criteria": {
      "has_oak_shelf": "2024-08-23 01:12:54 +0000"
    },
    "done": true
  },
  "refurbished_furniture:recipes/misc/constructing/blue_trampoline": {
    "criteria": {
      "has_minecraft:string": "2024-08-23 01:31:12 +0000"
    },
    "done": true
  },
  "handcrafted:recipes/misc/spider_trophy": {
    "criteria": {
      "has_spider_trophy": "2024-08-23 01:12:54 +0000"
    },
    "done": true
  },
  "minecraft:recipes/combat/diamond_boots": {
    "criteria": {
      "has_diamond": "2024-08-23 01:53:46 +0000"
    },
    "done": true
  },
  "livingthings:recipes/cooked_elephant_from_smoking": {
    "criteria": {
      "has_elephant": "2024-08-23 01:11:51 +0000",
      "has_cooked_elephant": "2024-08-23 01:11:51 +0000"
    },
    "done": true
  },
  "handcrafted:recipes/misc/oak_pillar_trim": {
    "criteria": {
      "has_oak_pillar_trim": "2024-08-23 01:12:54 +0000"
    },
    "done": true
  },
  "doggytalents:recipes/tools/treat_bag": {
    "criteria": {
      "has_leather": "2024-08-23 01:13:24 +0000"
    },
    "done": true
  },
  "handcrafted:recipes/misc/bear_trophy": {
    "criteria": {
      "has_bear_trophy": "2024-08-23 01:12:54 +0000"
    },
    "done": true
  },
  "refurbished_furniture:recipes/misc/constructing/blue_lamp": {
    "criteria": {
      "has_planks": "2024-08-23 01:12:54 +0000"
    },
    "done": true
  },
  "doggytalents:recipes/tools/empty_locator_orb": {
    "criteria": {
      "has_string": "2024-08-23 01:31:12 +0000"
    },
    "done": true
  },
  "refurbished_furniture:recipes/misc/constructing/spruce_toilet": {
    "criteria": {
      "has_minecraft:spruce_planks": "2024-08-23 01:43:35 +0000"
    },
    "done": true
  },
  "refurbished_furniture:recipes/misc/constructing/red_stool": {
    "criteria": {
      "has_planks": "2024-08-23 01:12:54 +0000"
    },
    "done": true
  },
  "minecraft:recipes/transportation/mangrove_boat": {
    "criteria": {
      "in_water": "2024-08-23 01:14:58 +0000"
    },
    "done": true
  },
  "minecraft:recipes/redstone/spruce_button": {
    "criteria": {
      "has_planks": "2024-08-23 01:43:35 +0000"
    },
    "done": true
  },
  "minecraft:recipes/decorations/torch": {
    "criteria": {
      "has_stone_pickaxe": "2024-08-23 01:49:13 +0000"
    },
    "done": true
  },
  "doggytalents:recipes/decorations/tantan_cape": {
    "criteria": {
      "has_leather": "2024-08-23 01:13:24 +0000"
    },
    "done": true
  },
  "handcrafted:recipes/misc/oak_chair": {
    "criteria": {
      "has_oak_chair": "2024-08-23 01:12:54 +0000"
    },
    "done": true
  },
  "travelersbackpack:recipes/misc/diamond_tier_upgrade": {
    "criteria": {
      "has_diamond": "2024-08-23 01:53:46 +0000"
    },
    "done": true
  },
  "doggytalents:recipes/decorations/bach_wig": {
    "criteria": {
      "has_string": "2024-08-23 01:31:12 +0000"
    },
    "done": true
  },
  "refurbished_furniture:recipes/misc/wrench": {
    "criteria": {
      "has_leather": "2024-08-23 01:13:24 +0000"
    },
    "done": true
  },
  "refurbished_furniture:recipes/misc/constructing/spruce_mail_box": {
    "criteria": {
      "has_minecraft:spruce_planks": "2024-08-23 01:43:35 +0000"
    },
    "done": true
  },
  "livingthings:recipes/cooked_giraffe": {
    "criteria": {
      "has_giraffe": "2024-08-23 01:11:51 +0000",
      "has_cooked_giraffe": "2024-08-23 01:11:51 +0000"
    },
    "done": true
  },
  "doggytalents:recipes/decorations/beastars_uniform_male": {
    "criteria": {
      "has_wool": "2024-08-23 01:13:44 +0000"
    },
    "done": true
  },
  "handcrafted:recipes/misc/birch_chair": {
    "criteria": {
      "has_birch_chair": "2024-08-23 01:17:35 +0000"
    },
    "done": true
  },
  "minecraft:recipes/building_blocks/andesite_stairs_from_andesite_stonecutting": {
    "criteria": {
      "has_andesite": "2024-08-23 01:43:44 +0000"
    },
    "done": true
  },
  "minecraft:recipes/decorations/deepslate_brick_wall_from_cobbled_deepslate_stonecutting": {
    "criteria": {
      "has_cobbled_deepslate": "2024-08-23 01:52:54 +0000"
    },
    "done": true
  },
  "minecraft:recipes/building_blocks/spruce_planks": {
    "criteria": {
      "has_logs": "2024-08-23 01:35:52 +0000"
    },
    "done": true
  },
  "refurbished_furniture:recipes/misc/constructing/lime_stool": {
    "criteria": {
      "has_planks": "2024-08-23 01:12:54 +0000"
    },
    "done": true
  },
  "handcrafted:recipes/misc/spruce_nightstand": {
    "criteria": {
      "has_spruce_nightstand": "2024-08-23 01:43:35 +0000"
    },
    "done": true
  },
  "refurbished_furniture:recipes/misc/constructing/andesite_stepping_stones": {
    "criteria": {
      "has_minecraft:andesite": "2024-08-23 01:43:44 +0000"
    },
    "done": true
  },
  "doggytalents:recipes/food/golden_a_five_wagyu": {
    "criteria": {
      "has_cooked_beef": "2024-08-23 01:29:35 +0000"
    },
    "done": true
  },
  "minecraft:recipes/decorations/black_bed": {
    "criteria": {
      "has_black_wool": "2024-08-23 01:13:59 +0000"
    },
    "done": true
  },
  "minecraft:recipes/building_blocks/polished_deepslate_from_cobbled_deepslate_stonecutting": {
    "criteria": {
      "has_cobbled_deepslate": "2024-08-23 01:52:54 +0000"
    },
    "done": true
  },
  "minecraft:recipes/food/cooked_beef_from_smoking": {
    "criteria": {
      "has_beef": "2024-08-23 01:13:25 +0000"
    },
    "done": true
  },
  "minecraft:recipes/building_blocks/polished_deepslate_slab_from_cobbled_deepslate_stonecutting": {
    "criteria": {
      "has_cobbled_deepslate": "2024-08-23 01:52:54 +0000"
    },
    "done": true
  },
  "refurbished_furniture:recipes/misc/slicing/red_dye_from_spider_eye": {
    "criteria": {
      "has_spider_eye": "2024-08-23 01:23:56 +0000"
    },
    "done": true
  },
  "livingthings:recipes/cooked_giraffe_from_campfire_cooking": {
    "criteria": {
      "has_giraffe": "2024-08-23 01:11:51 +0000",
      "has_cooked_giraffe": "2024-08-23 01:11:51 +0000"
    },
    "done": true
  },
  "handcrafted:recipes/misc/pufferfish_trophy": {
    "criteria": {
      "has_pufferfish_trophy": "2024-08-23 01:12:54 +0000"
    },
    "done": true
  },
  "refurbished_furniture:recipes/misc/constructing/magenta_lamp": {
    "criteria": {
      "has_planks": "2024-08-23 01:12:54 +0000"
    },
    "done": true
  },
  "minecraft:recipes/food/cooked_porkchop": {
    "criteria": {
      "has_porkchop": "2024-08-23 01:11:51 +0000"
    },
    "done": true
  },
  "minecraft:recipes/building_blocks/oak_slab": {
    "criteria": {
      "has_planks": "2024-08-23 01:12:54 +0000"
    },
    "done": true
  },
  "doggytalents:recipes/decorations/tengu_mask": {
    "criteria": {
      "has_string": "2024-08-23 01:31:12 +0000"
    },
    "done": true
  },
  "handcrafted:recipes/misc/spruce_bench": {
    "criteria": {
      "has_spruce_bench": "2024-08-23 01:43:35 +0000"
    },
    "done": true
  },
  "refurbished_furniture:recipes/misc/constructing/gray_lamp": {
    "criteria": {
      "has_planks": "2024-08-23 01:12:54 +0000"
    },
    "done": true
  },
  "minecraft:recipes/misc/leather": {
    "criteria": {
      "has_rabbit_hide": "2024-08-23 01:41:10 +0000"
    },
    "done": true
  },
  "minecraft:recipes/decorations/light_gray_bed": {
    "criteria": {
      "has_light_gray_wool": "2024-08-23 01:12:18 +0000"
    },
    "done": true
  },
  "refurbished_furniture:recipes/misc/constructing/warped_lattice_fence_gate": {
    "criteria": {
      "has_minecraft:stick": "2024-08-23 01:13:05 +0000"
    },
    "done": true
  },
  "handcrafted:recipes/misc/birch_cupboard": {
    "criteria": {
      "has_birch_cupboard": "2024-08-23 01:17:35 +0000"
    },
    "done": true
  },
  "compact_storage:storage_on_the_move": {
    "criteria": {
      "got_backpack": "2024-08-23 01:11:51 +0000"
    },
    "done": true
  },
  "livingthings:recipes/cooked_lion_from_smoking": {
    "criteria": {
      "has_cooked_lion": "2024-08-23 01:11:51 +0000",
      "has_lion": "2024-08-23 01:11:51 +0000"
    },
    "done": true
  },
  "minecraft:recipes/building_blocks/tuff_slab": {
    "criteria": {
      "has_tuff": "2024-08-23 01:54:26 +0000"
    },
    "done": true
  },
  "refurbished_furniture:recipes/misc/constructing/spruce_basin": {
    "criteria": {
      "has_minecraft:spruce_planks": "2024-08-23 01:43:35 +0000"
    },
    "done": true
  },
  "minecraft:recipes/building_blocks/tuff_brick_slab_from_tuff_stonecutting": {
    "criteria": {
      "has_tuff": "2024-08-23 01:54:26 +0000"
    },
    "done": true
  },
  "minecraft:recipes/decorations/polished_tuff_wall_from_tuff_stonecutting": {
    "criteria": {
      "has_tuff": "2024-08-23 01:54:26 +0000"
    },
    "done": true
  },
  "minecraft:recipes/redstone/spruce_pressure_plate": {
    "criteria": {
      "has_planks": "2024-08-23 01:43:35 +0000"
    },
    "done": true
  },
  "refurbished_furniture:recipes/misc/constructing/light_blue_sofa": {
    "criteria": {
      "has_planks": "2024-08-23 01:12:54 +0000"
    },
    "done": true
  },
  "refurbished_furniture:recipes/misc/constructing/pink_trampoline": {
    "criteria": {
      "has_minecraft:string": "2024-08-23 01:31:12 +0000"
    },
    "done": true
  },
  "travelersbackpack:recipes/misc/skeleton": {
    "criteria": {
      "has_arrow": "2024-08-23 01:31:29 +0000"
    },
    "done": true
  },
  "refurbished_furniture:recipes/misc/constructing/birch_drawer": {
    "criteria": {
      "has_minecraft:birch_planks": "2024-08-23 01:17:35 +0000"
    },
    "done": true
  },
  "refurbished_furniture:recipes/misc/constructing/birch_table": {
    "criteria": {
      "has_minecraft:birch_planks": "2024-08-23 01:17:35 +0000"
    },
    "done": true
  },
  "refurbished_furniture:recipes/misc/constructing/black_sofa": {
    "criteria": {
      "has_planks": "2024-08-23 01:12:54 +0000"
    },
    "done": true
  },
  "refurbished_furniture:recipes/misc/constructing/light_gray_sofa": {
    "criteria": {
      "has_planks": "2024-08-23 01:12:54 +0000"
    },
    "done": true
  },
  "minecraft:recipes/brewing/fermented_spider_eye": {
    "criteria": {
      "has_spider_eye": "2024-08-23 01:23:56 +0000"
    },
    "done": true
  },
  "minecraft:recipes/misc/iron_ingot_from_smelting_raw_iron": {
    "criteria": {
      "has_raw_iron": "2024-08-23 01:50:58 +0000"
    },
    "done": true
  },
  "handcrafted:recipes/misc/spruce_pillar_trim": {
    "criteria": {
      "has_spruce_pillar_trim": "2024-08-23 01:43:35 +0000"
    },
    "done": true
  },
  "minecraft:recipes/tools/stone_pickaxe": {
    "criteria": {
      "has_cobblestone": "2024-08-23 01:32:22 +0000"
    },
    "done": true
  },
  "minecraft:recipes/building_blocks/deepslate_brick_slab_from_cobbled_deepslate_stonecutting": {
    "criteria": {
      "has_cobbled_deepslate": "2024-08-23 01:52:54 +0000"
    },
    "done": true
  },
  "livingthings:recipes/cooked_ostrich_from_smoking": {
    "criteria": {
      "has_ostrich": "2024-08-23 01:11:51 +0000",
      "has_cooked_ostrich": "2024-08-23 01:11:51 +0000"
    },
    "done": true
  },
  "livingthings:recipes/cooked_lion": {
    "criteria": {
      "has_cooked_lion": "2024-08-23 01:11:51 +0000",
      "has_lion": "2024-08-23 01:11:51 +0000"
    },
    "done": true
  },
  "refurbished_furniture:recipes/misc/constructing/frying_pan": {
    "criteria": {
      "has_minecraft:leather": "2024-08-23 01:13:24 +0000"
    },
    "done": true
  },
  "refurbished_furniture:recipes/misc/constructing/purple_sofa": {
    "criteria": {
      "has_planks": "2024-08-23 01:12:54 +0000"
    },
    "done": true
  },
  "refurbished_furniture:recipes/misc/constructing/spruce_crate": {
    "criteria": {
      "has_minecraft:spruce_planks": "2024-08-23 01:43:35 +0000"
    },
    "done": true
  },
  "minecraft:recipes/building_blocks/cobbled_deepslate_slab_from_cobbled_deepslate_stonecutting": {
    "criteria": {
      "has_cobbled_deepslate": "2024-08-23 01:52:54 +0000"
    },
    "done": true
  },
  "minecraft:recipes/food/cooked_mutton": {
    "criteria": {
      "has_mutton": "2024-08-23 01:12:18 +0000"
    },
    "done": true
  },
  "minecraft:recipes/decorations/tuff_wall": {
    "criteria": {
      "has_tuff": "2024-08-23 01:54:26 +0000"
    },
    "done": true
  },
  "minecraft:recipes/food/rabbit_stew_from_brown_mushroom": {
    "criteria": {
      "has_cooked_rabbit": "2024-08-23 01:44:07 +0000"
    },
    "done": true
  },
  "minecraft:recipes/decorations/campfire": {
    "criteria": {
      "has_stick": "2024-08-23 01:13:05 +0000"
    },
    "done": true
  },
  "minecraft:recipes/building_blocks/deepslate_tile_slab_from_cobbled_deepslate_stonecutting": {
    "criteria": {
      "has_cobbled_deepslate": "2024-08-23 01:52:54 +0000"
    },
    "done": true
  },
  "refurbished_furniture:recipes/misc/constructing/dark_oak_lattice_fence": {
    "criteria": {
      "has_minecraft:stick": "2024-08-23 01:13:05 +0000"
    },
    "done": true
  },
  "compact_storage:drum_me_up": {
    "criteria": {
      "got_drum": "2024-08-23 01:11:51 +0000"
    },
    "done": true
  },
  "doggytalents:recipes/decorations/conan_suit": {
    "criteria": {
      "has_wool": "2024-08-23 01:13:44 +0000"
    },
    "done": true
  },
  "minecraft:recipes/tools/wooden_hoe": {
    "criteria": {
      "has_stick": "2024-08-23 01:13:05 +0000"
    },
    "done": true
  },
  "handcrafted:recipes/misc/oak_dining_bench": {
    "criteria": {
      "has_oak_dining_bench": "2024-08-23 01:12:54 +0000"
    },
    "done": true
  },
  "refurbished_furniture:recipes/misc/constructing/oak_lattice_fence": {
    "criteria": {
      "has_minecraft:oak_planks": "2024-08-23 01:12:54 +0000"
    },
    "done": true
  },
  "travelersbackpack:recipes/misc/sheep": {
    "criteria": {
      "has_white_wool": "2024-08-23 01:13:44 +0000"
    },
    "done": true
  },
  "minecraft:recipes/decorations/white_banner": {
    "criteria": {
      "has_white_wool": "2024-08-23 01:13:44 +0000"
    },
    "done": true
  },
  "refurbished_furniture:recipes/misc/constructing/gray_cooler": {
    "criteria": {
      "has_planks": "2024-08-23 01:12:54 +0000"
    },
    "done": true
  },
  "minecraft:recipes/redstone/oak_fence_gate": {
    "criteria": {
      "has_planks": "2024-08-23 01:12:54 +0000"
    },
    "done": true
  },
  "handcrafted:recipes/misc/oak_desk": {
    "criteria": {
      "has_oak_desk": "2024-08-23 01:12:54 +0000"
    },
    "done": true
  },
  "livingthings:recipes/cooked_crab_from_campfire_cooking": {
    "criteria": {
      "has_cooked_crab": "2024-08-23 01:11:51 +0000",
      "has_crab": "2024-08-23 01:11:51 +0000"
    },
    "done": true
  },
  "refurbished_furniture:recipes/misc/constructing/birch_kitchen_storage_cabinet": {
    "criteria": {
      "has_minecraft:birch_planks": "2024-08-23 01:17:35 +0000"
    },
    "done": true
  },
  "handcrafted:recipes/misc/birch_side_table": {
    "criteria": {
      "has_birch_side_table": "2024-08-23 01:17:35 +0000"
    },
    "done": true
  },
  "minecraft:recipes/misc/charcoal": {
    "criteria": {
      "has_log": "2024-08-23 01:12:28 +0000"
    },
    "done": true
  },
  "doggytalents:recipes/decorations/locator_orb_jin": {
    "criteria": {
      "has_string": "2024-08-23 01:31:12 +0000"
    },
    "done": true
  },
  "minecraft:recipes/tools/wooden_pickaxe": {
    "criteria": {
      "has_stick": "2024-08-23 01:13:05 +0000"
    },
    "done": true
  },
  "minecraft:recipes/building_blocks/cobbled_deepslate_stairs": {
    "criteria": {
      "has_cobbled_deepslate": "2024-08-23 01:52:54 +0000"
    },
    "done": true
  },
  "minecraft:recipes/building_blocks/polished_andesite_from_andesite_stonecutting": {
    "criteria": {
      "has_andesite": "2024-08-23 01:43:44 +0000"
    },
    "done": true
  },
  "refurbished_furniture:recipes/misc/constructing/acacia_lattice_fence": {
    "criteria": {
      "has_minecraft:stick": "2024-08-23 01:13:05 +0000"
    },
    "done": true
  },
  "minecraft:recipes/decorations/item_frame": {
    "criteria": {
      "has_leather": "2024-08-23 01:13:24 +0000"
    },
    "done": true
  },
  "doggytalents:recipes/decorations/wool_collar": {
    "criteria": {
      "has_string": "2024-08-23 01:31:12 +0000"
    },
    "done": true
  },
  "minecraft:story/upgrade_tools": {
    "criteria": {
      "stone_pickaxe": "2024-08-23 01:49:13 +0000"
    },
    "done": true
  },
  "minecraft:recipes/combat/diamond_helmet": {
    "criteria": {
      "has_diamond": "2024-08-23 01:53:46 +0000"
    },
    "done": true
  },
  "minecraft:recipes/decorations/tuff_wall_from_tuff_stonecutting": {
    "criteria": {
      "has_tuff": "2024-08-23 01:54:26 +0000"
    },
    "done": true
  },
  "handcrafted:recipes/misc/spruce_drawer": {
    "criteria": {
      "has_spruce_drawer": "2024-08-23 01:43:35 +0000"
    },
    "done": true
  },
  "refurbished_furniture:recipes/misc/constructing/light_gray_stool": {
    "criteria": {
      "has_planks": "2024-08-23 01:12:54 +0000"
    },
    "done": true
  },
  "doggytalents:recipes/misc/gender_bone": {
    "criteria": {
      "has_string": "2024-08-23 01:31:12 +0000"
    },
    "done": true
  },
  "refurbished_furniture:recipes/misc/constructing/white_trampoline": {
    "criteria": {
      "has_minecraft:string": "2024-08-23 01:31:12 +0000"
    },
    "done": true
  },
  "refurbished_furniture:recipes/misc/constructing/oak_kitchen_storage_cabinet": {
    "criteria": {
      "has_minecraft:oak_planks": "2024-08-23 01:12:54 +0000"
    },
    "done": true
  },
  "refurbished_furniture:recipes/misc/constructing/white_stool": {
    "criteria": {
      "has_planks": "2024-08-23 01:12:54 +0000"
    },
    "done": true
  },
  "minecraft:recipes/redstone/oak_pressure_plate": {
    "criteria": {
      "has_planks": "2024-08-23 01:12:54 +0000"
    },
    "done": true
  },
  "refurbished_furniture:recipes/misc/constructing/birch_kitchen_cabinetry": {
    "criteria": {
      "has_minecraft:birch_planks": "2024-08-23 01:17:35 +0000"
    },
    "done": true
  },
  "refurbished_furniture:recipes/misc/constructing/oak_kitchen_cabinetry": {
    "criteria": {
      "has_minecraft:oak_planks": "2024-08-23 01:12:54 +0000"
    },
    "done": true
  },
  "refurbished_furniture:recipes/misc/slicing/orange_dye_from_orange_tulip": {
    "criteria": {
      "has_orange_tulip": "2024-08-23 01:29:18 +0000"
    },
    "done": true
  },
  "doggytalents:recipes/decorations/kitsune_mask": {
    "criteria": {
      "has_string": "2024-08-23 01:31:12 +0000"
    },
    "done": true
  },
  "refurbished_furniture:recipes/misc/constructing/mangrove_lattice_fence": {
    "criteria": {
      "has_minecraft:stick": "2024-08-23 01:13:05 +0000"
    },
    "done": true
  },
  "handcrafted:recipes/misc/birch_counter": {
    "criteria": {
      "has_birch_counter": "2024-08-23 01:17:35 +0000"
    },
    "done": true
  },
  "refurbished_furniture:recipes/misc/constructing/cherry_lattice_fence_gate": {
    "criteria": {
      "has_minecraft:stick": "2024-08-23 01:13:05 +0000"
    },
    "done": true
  },
  "minecraft:recipes/building_blocks/polished_andesite": {
    "criteria": {
      "has_andesite": "2024-08-23 01:43:44 +0000"
    },
    "done": true
  },
  "minecraft:recipes/redstone/oak_door": {
    "criteria": {
      "has_planks": "2024-08-23 01:12:54 +0000"
    },
    "done": true
  },
  "refurbished_furniture:recipes/misc/constructing/yellow_stool": {
    "criteria": {
      "has_planks": "2024-08-23 01:12:54 +0000"
    },
    "done": true
  },
  "refurbished_furniture:recipes/misc/constructing/oak_desk": {
    "criteria": {
      "has_minecraft:oak_planks": "2024-08-23 01:12:54 +0000"
    },
    "done": true
  },
  "handcrafted:recipes/misc/goat_trophy": {
    "criteria": {
      "has_goat_trophy": "2024-08-23 01:12:54 +0000"
    },
    "done": true
  },
  "minecraft:recipes/redstone/birch_trapdoor": {
    "criteria": {
      "has_planks": "2024-08-23 01:17:35 +0000"
    },
    "done": true
  },
  "refurbished_furniture:recipes/misc/constructing/black_lamp": {
    "criteria": {
      "has_planks": "2024-08-23 01:12:54 +0000"
    },
    "done": true
  },
  "minecraft:recipes/redstone/spruce_trapdoor": {
    "criteria": {
      "has_planks": "2024-08-23 01:43:35 +0000"
    },
    "done": true
  },
  "minecraft:recipes/food/cooked_mutton_from_campfire_cooking": {
    "criteria": {
      "has_mutton": "2024-08-23 01:12:18 +0000"
    },
    "done": true
  },
  "handcrafted:recipes/misc/birch_bench": {
    "criteria": {
      "has_birch_bench": "2024-08-23 01:17:35 +0000"
    },
    "done": true
  },
  "minecraft:recipes/redstone/spruce_door": {
    "criteria": {
      "has_planks": "2024-08-23 01:43:35 +0000"
    },
    "done": true
  },
  "refurbished_furniture:recipes/misc/constructing/birch_storage_jar": {
    "criteria": {
      "has_minecraft:birch_planks": "2024-08-23 01:17:35 +0000"
    },
    "done": true
  },
  "minecraft:recipes/redstone/spruce_fence_gate": {
    "criteria": {
      "has_planks": "2024-08-23 01:43:35 +0000"
    },
    "done": true
  },
  "advancednetherite:recipes/misc/netherite_diamond_ingot": {
    "criteria": {
      "has_minecraft:diamond": "2024-08-23 01:53:46 +0000"
    },
    "done": true
  },
  "minecraft:recipes/tools/wooden_shovel": {
    "criteria": {
      "has_stick": "2024-08-23 01:13:05 +0000"
    },
    "done": true
  },
  "handcrafted:recipes/misc/oak_cupboard": {
    "criteria": {
      "has_oak_cupboard": "2024-08-23 01:12:54 +0000"
    },
    "done": true
  },
  "minecraft:recipes/building_blocks/cobblestone_slab": {
    "criteria": {
      "has_cobblestone": "2024-08-23 01:32:22 +0000"
    },
    "done": true
  },
  "refurbished_furniture:recipes/misc/constructing/post_box": {
    "criteria": {
      "has_planks": "2024-08-23 01:12:54 +0000"
    },
    "done": true
  },
  "refurbished_furniture:recipes/misc/constructing/birch_mail_box": {
    "criteria": {
      "has_minecraft:birch_planks": "2024-08-23 01:17:35 +0000"
    },
    "done": true
  },
  "handcrafted:recipes/misc/birch_drawer": {
    "criteria": {
      "has_birch_drawer": "2024-08-23 01:17:35 +0000"
    },
    "done": true
  },
  "refurbished_furniture:recipes/misc/constructing/pink_lamp": {
    "criteria": {
      "has_planks": "2024-08-23 01:12:54 +0000"
    },
    "done": true
  },
  "refurbished_furniture:recipes/misc/constructing/spruce_desk": {
    "criteria": {
      "has_minecraft:spruce_planks": "2024-08-23 01:43:35 +0000"
    },
    "done": true
  },
  "refurbished_furniture:recipes/misc/constructing/lime_cooler": {
    "criteria": {
      "has_planks": "2024-08-23 01:12:54 +0000"
    },
    "done": true
  },
  "minecraft:recipes/transportation/acacia_boat": {
    "criteria": {
      "in_water": "2024-08-23 01:14:58 +0000"
    },
    "done": true
  },
  "refurbished_furniture:recipes/misc/constructing/oak_storage_cabinet": {
    "criteria": {
      "has_minecraft:oak_planks": "2024-08-23 01:12:54 +0000"
    },
    "done": true
  },
  "minecraft:adventure/root": {
    "criteria": {
      "killed_something": "2024-08-23 01:11:50 +0000"
    },
    "done": true
  },
  "refurbished_furniture:recipes/misc/constructing/spruce_storage_cabinet": {
    "criteria": {
      "has_minecraft:spruce_planks": "2024-08-23 01:43:35 +0000"
    },
    "done": true
  },
  "minecraft:recipes/building_blocks/white_wool_from_string": {
    "criteria": {
      "has_string": "2024-08-23 01:31:12 +0000"
    },
    "done": true
  },
  "refurbished_furniture:recipes/misc/constructing/gray_stool": {
    "criteria": {
      "has_planks": "2024-08-23 01:12:54 +0000"
    },
    "done": true
  },
  "refurbished_furniture:recipes/misc/constructing/green_lamp": {
    "criteria": {
      "has_planks": "2024-08-23 01:12:54 +0000"
    },
    "done": true
  },
  "travelersbackpack:recipes/misc/diamond": {
    "criteria": {
      "has_diamond": "2024-08-23 01:53:46 +0000"
    },
    "done": true
  },
  "refurbished_furniture:recipes/misc/constructing/spruce_chair": {
    "criteria": {
      "has_minecraft:spruce_planks": "2024-08-23 01:43:35 +0000"
    },
    "done": true
  },
  "minecraft:recipes/food/cooked_cod_from_campfire_cooking": {
    "criteria": {
      "has_cod": "2024-08-23 01:40:35 +0000"
    },
    "done": true
  },
  "doggytalents:recipes/decorations/locator_orb_chu": {
    "criteria": {
      "has_string": "2024-08-23 01:31:12 +0000"
    },
    "done": true
  },
  "minecraft:recipes/decorations/deepslate_tile_wall_from_cobbled_deepslate_stonecutting": {
    "criteria": {
      "has_cobbled_deepslate": "2024-08-23 01:52:54 +0000"
    },
    "done": true
  },
  "minecraft:recipes/misc/iron_ingot_from_blasting_raw_iron": {
    "criteria": {
      "has_raw_iron": "2024-08-23 01:50:58 +0000"
    },
    "done": true
  },
  "doggytalents:recipes/decorations/locator_orb_chi": {
    "criteria": {
      "has_string": "2024-08-23 01:31:12 +0000"
    },
    "done": true
  },
  "refurbished_furniture:recipes/misc/constructing/magenta_sofa": {
    "criteria": {
      "has_planks": "2024-08-23 01:12:54 +0000"
    },
    "done": true
  },
  "refurbished_furniture:recipes/misc/constructing/acacia_lattice_fence_gate": {
    "criteria": {
      "has_minecraft:stick": "2024-08-23 01:13:05 +0000"
    },
    "done": true
  },
  "refurbished_furniture:recipes/misc/constructing/pink_cooler": {
    "criteria": {
      "has_planks": "2024-08-23 01:12:54 +0000"
    },
    "done": true
  },
  "minecraft:recipes/combat/wooden_sword": {
    "criteria": {
      "has_stick": "2024-08-23 01:13:05 +0000"
    },
    "done": true
  },
  "handcrafted:recipes/misc/spruce_fancy_bed": {
    "criteria": {
      "has_spruce_fancy_bed": "2024-08-23 01:43:35 +0000"
    },
    "done": true
  },
  "minecraft:recipes/building_blocks/oak_planks": {
    "criteria": {
      "has_logs": "2024-08-23 01:12:28 +0000"
    },
    "done": true
  },
  "minecraft:recipes/building_blocks/tuff_stairs_from_tuff_stonecutting": {
    "criteria": {
      "has_tuff": "2024-08-23 01:54:26 +0000"
    },
    "done": true
  },
  "minecraft:recipes/decorations/light_gray_banner": {
    "criteria": {
      "has_light_gray_wool": "2024-08-23 01:12:18 +0000"
    },
    "done": true
  },
  "handcrafted:recipes/misc/oak_side_table": {
    "criteria": {
      "has_oak_side_table": "2024-08-23 01:12:54 +0000"
    },
    "done": true
  },
  "livingthings:recipes/cooked_crab_from_smoking": {
    "criteria": {
      "has_cooked_crab": "2024-08-23 01:11:51 +0000",
      "has_crab": "2024-08-23 01:11:51 +0000"
    },
    "done": true
  },
  "minecraft:recipes/combat/crossbow": {
    "criteria": {
      "has_string": "2024-08-23 01:31:12 +0000"
    },
    "done": true
  },
  "minecraft:recipes/food/cooked_porkchop_from_smoking": {
    "criteria": {
      "has_porkchop": "2024-08-23 01:11:51 +0000"
    },
    "done": true
  },
  "refurbished_furniture:recipes/misc/constructing/white_sofa": {
    "criteria": {
      "has_planks": "2024-08-23 01:12:54 +0000"
    },
    "done": true
  },
  "minecraft:recipes/misc/iron_nugget_from_blasting": {
    "criteria": {
      "has_iron_pickaxe": "2024-08-23 01:29:31 +0000"
    },
    "done": true
  },
  "minecraft:adventure/kill_a_mob": {
    "criteria": {
      "minecraft:zombie": "2024-08-23 01:16:47 +0000"
    },
    "done": true
  },
  "refurbished_furniture:recipes/misc/constructing/oak_storage_jar": {
    "criteria": {
      "has_minecraft:oak_planks": "2024-08-23 01:12:54 +0000"
    },
    "done": true
  },
  "doggytalents:recipes/decorations/locator_orb_tei": {
    "criteria": {
      "has_string": "2024-08-23 01:31:12 +0000"
    },
    "done": true
  },
  "minecraft:recipes/building_blocks/deepslate_bricks_from_cobbled_deepslate_stonecutting": {
    "criteria": {
      "has_cobbled_deepslate": "2024-08-23 01:52:54 +0000"
    },
    "done": true
  },
  "refurbished_furniture:recipes/misc/constructing/oak_table": {
    "criteria": {
      "has_minecraft:oak_planks": "2024-08-23 01:12:54 +0000"
    },
    "done": true
  },
  "minecraft:recipes/decorations/light_gray_carpet": {
    "criteria": {
      "has_light_gray_wool": "2024-08-23 01:12:18 +0000"
    },
    "done": true
  },
  "minecraft:recipes/decorations/barrel": {
    "criteria": {
      "has_planks": "2024-08-23 01:12:54 +0000"
    },
    "done": true
  },
  "handcrafted:recipes/misc/spruce_chair": {
    "criteria": {
      "has_spruce_chair": "2024-08-23 01:43:35 +0000"
    },
    "done": true
  },
  "refurbished_furniture:recipes/misc/constructing/oak_cutting_board": {
    "criteria": {
      "has_minecraft:oak_planks": "2024-08-23 01:12:54 +0000"
    },
    "done": true
  },
  "minecraft:recipes/combat/leather_boots": {
    "criteria": {
      "has_leather": "2024-08-23 01:13:24 +0000"
    },
    "done": true
  },
  "minecraft:recipes/decorations/cobblestone_wall_from_cobblestone_stonecutting": {
    "criteria": {
      "has_cobblestone": "2024-08-23 01:32:22 +0000"
    },
    "done": true
  },
  "minecraft:recipes/misc/orange_dye_from_orange_tulip": {
    "criteria": {
      "has_orange_tulip": "2024-08-23 01:29:18 +0000"
    },
    "done": true
  },
  "minecraft:recipes/building_blocks/diamond_block": {
    "criteria": {
      "has_diamond": "2024-08-23 01:53:46 +0000"
    },
    "done": true
  },
  "doggytalents:recipes/decorations/cape_coloured": {
    "criteria": {
      "has_leather": "2024-08-23 01:13:24 +0000"
    },
    "done": true
  },
  "minecraft:recipes/decorations/andesite_wall": {
    "criteria": {
      "has_andesite": "2024-08-23 01:43:44 +0000"
    },
    "done": true
  },
  "minecraft:recipes/building_blocks/andesite_slab": {
    "criteria": {
      "has_andesite": "2024-08-23 01:43:44 +0000"
    },
    "done": true
  },
  "refurbished_furniture:recipes/misc/constructing/cyan_sofa": {
    "criteria": {
      "has_planks": "2024-08-23 01:12:54 +0000"
    },
    "done": true
  },
  "handcrafted:recipes/misc/spruce_cupboard": {
    "criteria": {
      "has_spruce_cupboard": "2024-08-23 01:43:35 +0000"
    },
    "done": true
  },
  "handcrafted:recipes/misc/andesite_pillar_trim": {
    "criteria": {
      "has_andesite_pillar_trim": "2024-08-23 01:43:44 +0000"
    },
    "done": true
  },
  "minecraft:recipes/building_blocks/cobblestone_stairs_from_cobblestone_stonecutting": {
    "criteria": {
      "has_cobblestone": "2024-08-23 01:32:22 +0000"
    },
    "done": true
  },
  "refurbished_furniture:recipes/misc/constructing/yellow_cooler": {
    "criteria": {
      "has_planks": "2024-08-23 01:12:54 +0000"
    },
    "done": true
  },
  "minecraft:recipes/building_blocks/polished_andesite_stairs_from_andesite_stonecutting": {
    "criteria": {
      "has_andesite": "2024-08-23 01:43:44 +0000"
    },
    "done": true
  },
  "minecraft:recipes/decorations/white_bed": {
    "criteria": {
      "has_white_wool": "2024-08-23 01:13:44 +0000"
    },
    "done": true
  },
  "minecraft:recipes/food/rabbit_stew_from_red_mushroom": {
    "criteria": {
      "has_cooked_rabbit": "2024-08-23 01:44:07 +0000"
    },
    "done": true
  },
  "minecraft:recipes/redstone/birch_pressure_plate": {
    "criteria": {
      "has_planks": "2024-08-23 01:17:35 +0000"
    },
    "done": true
  },
  "doggytalents:recipes/decorations/dog_plushie_toy_item": {
    "criteria": {
      "has_white_wool": "2024-08-23 01:13:44 +0000"
    },
    "done": true
  },
  "refurbished_furniture:recipes/misc/constructing/cyan_stool": {
    "criteria": {
      "has_planks": "2024-08-23 01:12:54 +0000"
    },
    "done": true
  },
  "minecraft:recipes/building_blocks/polished_tuff": {
    "criteria": {
      "has_tuff": "2024-08-23 01:54:26 +0000"
    },
    "done": true
  },
  "minecraft:husbandry/balanced_diet": {
    "criteria": {
      "cooked_porkchop": "2024-08-23 01:43:09 +0000",
      "spider_eye": "2024-08-23 01:34:49 +0000",
      "rotten_flesh": "2024-08-23 01:34:54 +0000",
      "cooked_mutton": "2024-08-23 01:15:27 +0000",
      "rabbit": "2024-08-23 01:39:18 +0000",
      "cooked_beef": "2024-08-23 01:29:43 +0000",
      "cod": "2024-08-23 01:41:26 +0000",
      "porkchop": "2024-08-23 01:37:59 +0000"
    },
    "done": false
  },
  "minecraft:recipes/food/cooked_cod": {
    "criteria": {
      "has_cod": "2024-08-23 01:40:35 +0000"
    },
    "done": true
  },
  "minecraft:recipes/building_blocks/cobblestone_stairs": {
    "criteria": {
      "has_cobblestone": "2024-08-23 01:32:22 +0000"
    },
    "done": true
  },
  "refurbished_furniture:recipes/misc/constructing/black_stool": {
    "criteria": {
      "has_planks": "2024-08-23 01:12:54 +0000"
    },
    "done": true
  },
  "minecraft:recipes/building_blocks/deepslate_tiles_from_cobbled_deepslate_stonecutting": {
    "criteria": {
      "has_cobbled_deepslate": "2024-08-23 01:52:54 +0000"
    },
    "done": true
  },
  "refurbished_furniture:recipes/misc/constructing/green_sofa": {
    "criteria": {
      "has_planks": "2024-08-23 01:12:54 +0000"
    },
    "done": true
  },
  "livingthings:recipes/cooked_ostrich_from_campfire_cooking": {
    "criteria": {
      "has_ostrich": "2024-08-23 01:11:51 +0000",
      "has_cooked_ostrich": "2024-08-23 01:11:51 +0000"
    },
    "done": true
  },
  "refurbished_furniture:recipes/misc/constructing/blue_cooler": {
    "criteria": {
      "has_planks": "2024-08-23 01:12:54 +0000"
    },
    "done": true
  },
  "doggytalents:recipes/decorations/locator_orb_ko": {
    "criteria": {
      "has_string": "2024-08-23 01:31:12 +0000"
    },
    "done": true
  },
  "refurbished_furniture:recipes/misc/constructing/warped_lattice_fence": {
    "criteria": {
      "has_minecraft:stick": "2024-08-23 01:13:05 +0000"
    },
    "done": true
  },
  "minecraft:recipes/tools/stone_hoe": {
    "criteria": {
      "has_cobblestone": "2024-08-23 01:32:22 +0000"
    },
    "done": true
  },
  "handcrafted:recipes/misc/birch_corner_trim": {
    "criteria": {
      "has_birch_corner_trim": "2024-08-23 01:17:35 +0000"
    },
    "done": true
  },
  "doggytalents:recipes/food/sausage": {
    "criteria": {
      "has_cooked_porkchop": "2024-08-23 01:43:07 +0000"
    },
    "done": true
  },
  "livingthings:recipes/lexicon": {
    "criteria": {
      "has_book": "2024-08-23 01:11:51 +0000"
    },
    "done": true
  },
  "minecraft:recipes/building_blocks/spruce_stairs": {
    "criteria": {
      "has_planks": "2024-08-23 01:43:35 +0000"
    },
    "done": true
  },
  "refurbished_furniture:recipes/misc/constructing/orange_cooler": {
    "criteria": {
      "has_planks": "2024-08-23 01:12:54 +0000"
    },
    "done": true
  },
  "refurbished_furniture:recipes/misc/constructing/spruce_drawer": {
    "criteria": {
      "has_minecraft:spruce_planks": "2024-08-23 01:43:35 +0000"
    },
    "done": true
  },
  "minecraft:story/mine_diamond": {
    "criteria": {
      "diamond": "2024-08-23 01:53:46 +0000"
    },
    "done": true
  },
  "refurbished_furniture:recipes/misc/constructing/birch_light_ceiling_fan": {
    "criteria": {
      "has_minecraft:birch_planks": "2024-08-23 01:17:35 +0000"
    },
    "done": true
  },
  "travelersbackpack:recipes/misc/pig": {
    "criteria": {
      "has_porkchop": "2024-08-23 01:11:51 +0000"
    },
    "done": true
  },
  "handcrafted:recipes/misc/spruce_corner_trim": {
    "criteria": {
      "has_spruce_corner_trim": "2024-08-23 01:43:35 +0000"
    },
    "done": true
  },
  "refurbished_furniture:recipes/misc/constructing/yellow_trampoline": {
    "criteria": {
      "has_minecraft:string": "2024-08-23 01:31:12 +0000"
    },
    "done": true
  },
  "handcrafted:recipes/misc/skeleton_horse_trophy": {
    "criteria": {
      "has_skeleton_horse_trophy": "2024-08-23 01:12:54 +0000"
    },
    "done": true
  },
  "handcrafted:recipes/misc/birch_desk": {
    "criteria": {
      "has_birch_desk": "2024-08-23 01:17:35 +0000"
    },
    "done": true
  },
  "doggytalents:recipes/building_blocks/dog_bed_def": {
    "criteria": {
      "has_wool": "2024-08-23 01:12:18 +0000"
    },
    "done": true
  },
  "refurbished_furniture:recipes/misc/constructing/purple_trampoline": {
    "criteria": {
      "has_minecraft:string": "2024-08-23 01:31:12 +0000"
    },
    "done": true
  },
  "minecraft:recipes/decorations/loom": {
    "criteria": {
      "has_string": "2024-08-23 01:31:12 +0000"
    },
    "done": true
  },
  "refurbished_furniture:recipes/misc/constructing/mangrove_lattice_fence_gate": {
    "criteria": {
      "has_minecraft:stick": "2024-08-23 01:13:05 +0000"
    },
    "done": true
  },
  "minecraft:recipes/tools/diamond_axe": {
    "criteria": {
      "has_diamond": "2024-08-23 01:53:46 +0000"
    },
    "done": true
  },
  "refurbished_furniture:recipes/misc/constructing/birch_lattice_fence_gate": {
    "criteria": {
      "has_minecraft:stick": "2024-08-23 01:13:05 +0000"
    },
    "done": true
  },
  "refurbished_furniture:recipes/misc/constructing/birch_desk": {
    "criteria": {
      "has_minecraft:birch_planks": "2024-08-23 01:17:35 +0000"
    },
    "done": true
  },
  "compact_storage:compacting_your_storage": {
    "criteria": {
      "got_chest": "2024-08-23 01:11:51 +0000"
    },
    "done": true
  },
  "refurbished_furniture:recipes/misc/constructing/cyan_lamp": {
    "criteria": {
      "has_planks": "2024-08-23 01:12:54 +0000"
    },
    "done": true
  },
  "doggytalents:recipes/decorations/locator_orb_gi": {
    "criteria": {
      "has_string": "2024-08-23 01:31:12 +0000"
    },
    "done": true
  },
  "minecraft:recipes/tools/stone_shovel": {
    "criteria": {
      "has_cobblestone": "2024-08-23 01:32:22 +0000"
    },
    "done": true
  },
  "handcrafted:recipes/misc/blaze_trophy": {
    "criteria": {
      "has_blaze_trophy": "2024-08-23 01:12:54 +0000"
    },
    "done": true
  },
  "refurbished_furniture:recipes/misc/constructing/light_gray_lamp": {
    "criteria": {
      "has_planks": "2024-08-23 01:12:54 +0000"
    },
    "done": true
  },
  "handcrafted:recipes/misc/black_cushion": {
    "criteria": {
      "has_black_cushion": "2024-08-23 01:13:59 +0000"
    },
    "done": true
  },
  "refurbished_furniture:recipes/misc/constructing/gray_sofa": {
    "criteria": {
      "has_planks": "2024-08-23 01:12:54 +0000"
    },
    "done": true
  },
  "handcrafted:recipes/misc/oak_counter": {
    "criteria": {
      "has_oak_counter": "2024-08-23 01:12:54 +0000"
    },
    "done": true
  },
  "minecraft:recipes/building_blocks/oak_wood": {
    "criteria": {
      "has_log": "2024-08-23 01:12:28 +0000"
    },
    "done": true
  },
  "minecraft:story/root": {
    "criteria": {
      "crafting_table": "2024-08-23 01:12:57 +0000"
    },
    "done": true
  },
  "refurbished_furniture:recipes/misc/constructing/purple_lamp": {
    "criteria": {
      "has_planks": "2024-08-23 01:12:54 +0000"
    },
    "done": true
  },
  "handcrafted:recipes/misc/spruce_desk": {
    "criteria": {
      "has_spruce_desk": "2024-08-23 01:43:35 +0000"
    },
    "done": true
  },
  "minecraft:recipes/food/cooked_beef": {
    "criteria": {
      "has_beef": "2024-08-23 01:13:25 +0000"
    },
    "done": true
  },
  "handcrafted:recipes/misc/wither_skeleton_trophy": {
    "criteria": {
      "has_wither_skeleton_trophy": "2024-08-23 01:12:54 +0000"
    },
    "done": true
  },
  "animal_feeding_trough:recipes/decorations/feeding_trough": {
    "criteria": {
      "has_wood_slab": "2024-08-23 01:11:51 +0000"
    },
    "done": true
  },
  "minecraft:recipes/transportation/jungle_boat": {
    "criteria": {
      "in_water": "2024-08-23 01:14:58 +0000"
    },
    "done": true
  },
  "handcrafted:recipes/misc/spruce_side_table": {
    "criteria": {
      "has_spruce_side_table": "2024-08-23 01:43:35 +0000"
    },
    "done": true
  },
  "doggytalents:recipes/decorations/beastars_uniform_female": {
    "criteria": {
      "has_wool": "2024-08-23 01:13:44 +0000"
    },
    "done": true
  },
  "refurbished_furniture:recipes/misc/constructing/jungle_lattice_fence_gate": {
    "criteria": {
      "has_minecraft:stick": "2024-08-23 01:13:05 +0000"
    },
    "done": true
  },
  "minecraft:recipes/transportation/dark_oak_boat": {
    "criteria": {
      "in_water": "2024-08-23 01:14:58 +0000"
    },
    "done": true
  },
  "doggytalents:recipes/decorations/locator_orb_dyable": {
    "criteria": {
      "has_string": "2024-08-23 01:31:12 +0000"
    },
    "done": true
  },
  "minecraft:recipes/food/cooked_beef_from_campfire_cooking": {
    "criteria": {
      "has_beef": "2024-08-23 01:13:25 +0000"
    },
    "done": true
  },
  "handcrafted:recipes/misc/wolf_trophy": {
    "criteria": {
      "has_wolf_trophy": "2024-08-23 01:12:54 +0000"
    },
    "done": true
  },
  "refurbished_furniture:recipes/misc/constructing/pink_stool": {
    "criteria": {
      "has_planks": "2024-08-23 01:12:54 +0000"
    },
    "done": true
  },
  "DataVersion": 3953
}