{
  "mobs_of_mythology:mobs_of_mythology": {
    "criteria": {
      "requirement": "2024-08-22 19:45:31 +0000"
    },
    "done": true
  },
  "minecraft:recipes/decorations/crafting_table": {
    "criteria": {
      "unlock_right_away": "2024-08-22 19:45:31 +0000"
    },
    "done": true
  },
  "livingthings:recipes/cooked_elephant": {
    "criteria": {
      "has_elephant": "2024-08-22 19:59:09 +0000",
      "has_cooked_elephant": "2024-08-22 19:59:09 +0000"
    },
    "done": true
  },
  "livingthings:recipes/bone_meal": {
    "criteria": {
      "has_tooth": "2024-08-22 19:59:09 +0000"
    },
    "done": true
  },
  "livingthings:recipes/cooked_crab": {
    "criteria": {
      "has_cooked_crab": "2024-08-22 19:59:09 +0000",
      "has_crab": "2024-08-22 19:59:09 +0000"
    },
    "done": true
  },
  "livingthings:recipes/cooked_giraffe_from_smoking": {
    "criteria": {
      "has_giraffe": "2024-08-22 19:59:09 +0000",
      "has_cooked_giraffe": "2024-08-22 19:59:09 +0000"
    },
    "done": true
  },
  "livingthings:recipes/cooked_elephant_from_campfire_cooking": {
    "criteria": {
      "has_elephant": "2024-08-22 19:59:09 +0000",
      "has_cooked_elephant": "2024-08-22 19:59:09 +0000"
    },
    "done": true
  },
  "livingthings:recipes/cooked_ostrich": {
    "criteria": {
      "has_ostrich": "2024-08-22 19:59:09 +0000",
      "has_cooked_ostrich": "2024-08-22 19:59:09 +0000"
    },
    "done": true
  },
  "compact_storage:barrel_me_this": {
    "criteria": {
      "got_barrel": "2024-08-22 19:59:09 +0000"
    },
    "done": true
  },
  "livingthings:recipes/cooked_lion_from_campfire_cooking": {
    "criteria": {
      "has_cooked_lion": "2024-08-22 19:59:09 +0000",
      "has_lion": "2024-08-22 19:59:09 +0000"
    },
    "done": true
  },
  "refurbished_furniture:recipes/misc/slicing/blue_dye_from_cornflower": {
    "criteria": {
      "has_cornflower": "2024-08-22 19:59:09 +0000"
    },
    "done": true
  },
  "livingthings:recipes/arrow": {
    "criteria": {
      "has_feather": "2024-08-22 19:59:09 +0000",
      "has_tooth": "2024-08-22 19:59:09 +0000"
    },
    "done": true
  },
  "livingthings:recipes/cooked_elephant_from_smoking": {
    "criteria": {
      "has_elephant": "2024-08-22 19:59:09 +0000",
      "has_cooked_elephant": "2024-08-22 19:59:09 +0000"
    },
    "done": true
  },
  "livingthings:recipes/cooked_giraffe": {
    "criteria": {
      "has_giraffe": "2024-08-22 19:59:09 +0000",
      "has_cooked_giraffe": "2024-08-22 19:59:09 +0000"
    },
    "done": true
  },
  "livingthings:recipes/cooked_giraffe_from_campfire_cooking": {
    "criteria": {
      "has_giraffe": "2024-08-22 19:59:09 +0000",
      "has_cooked_giraffe": "2024-08-22 19:59:09 +0000"
    },
    "done": true
  },
  "compact_storage:storage_on_the_move": {
    "criteria": {
      "got_backpack": "2024-08-22 19:59:09 +0000"
    },
    "done": true
  },
  "livingthings:recipes/cooked_lion_from_smoking": {
    "criteria": {
      "has_cooked_lion": "2024-08-22 19:59:09 +0000",
      "has_lion": "2024-08-22 19:59:09 +0000"
    },
    "done": true
  },
  "livingthings:recipes/cooked_ostrich_from_smoking": {
    "criteria": {
      "has_ostrich": "2024-08-22 19:59:09 +0000",
      "has_cooked_ostrich": "2024-08-22 19:59:09 +0000"
    },
    "done": true
  },
  "livingthings:recipes/cooked_lion": {
    "criteria": {
      "has_cooked_lion": "2024-08-22 19:59:09 +0000",
      "has_lion": "2024-08-22 19:59:09 +0000"
    },
    "done": true
  },
  "compact_storage:drum_me_up": {
    "criteria": {
      "got_drum": "2024-08-22 19:59:09 +0000"
    },
    "done": true
  },
  "livingthings:recipes/cooked_crab_from_campfire_cooking": {
    "criteria": {
      "has_cooked_crab": "2024-08-22 19:59:09 +0000",
      "has_crab": "2024-08-22 19:59:09 +0000"
    },
    "done": true
  },
  "minecraft:recipes/misc/blue_dye_from_cornflower": {
    "criteria": {
      "has_cornflower": "2024-08-22 19:59:09 +0000"
    },
    "done": true
  },
  "livingthings:recipes/cooked_crab_from_smoking": {
    "criteria": {
      "has_cooked_crab": "2024-08-22 19:59:09 +0000",
      "has_crab": "2024-08-22 19:59:09 +0000"
    },
    "done": true
  },
  "livingthings:recipes/cooked_ostrich_from_campfire_cooking": {
    "criteria": {
      "has_ostrich": "2024-08-22 19:59:09 +0000",
      "has_cooked_ostrich": "2024-08-22 19:59:09 +0000"
    },
    "done": true
  },
  "livingthings:recipes/lexicon": {
    "criteria": {
      "has_book": "2024-08-22 19:59:09 +0000"
    },
    "done": true
  },
  "compact_storage:compacting_your_storage": {
    "criteria": {
      "got_chest": "2024-08-22 19:59:09 +0000"
    },
    "done": true
  },
  "animal_feeding_trough:recipes/decorations/feeding_trough": {
    "criteria": {
      "has_wood_slab": "2024-08-22 19:59:09 +0000"
    },
    "done": true
  },
  "minecraft:recipes/misc/pink_dye_from_pink_tulip": {
    "criteria": {
      "has_pink_tulip": "2024-08-22 19:59:16 +0000"
    },
    "done": true
  },
  "refurbished_furniture:recipes/misc/slicing/pink_dye_from_pink_tulip": {
    "criteria": {
      "has_pink_tulip": "2024-08-22 19:59:16 +0000"
    },
    "done": true
  },
  "minecraft:recipes/building_blocks/spruce_wood": {
    "criteria": {
      "has_log": "2024-08-22 19:59:43 +0000"
    },
    "done": true
  },
  "minecraft:recipes/building_blocks/spruce_planks": {
    "criteria": {
      "has_logs": "2024-08-22 19:59:43 +0000"
    },
    "done": true
  },
  "minecraft:recipes/misc/charcoal": {
    "criteria": {
      "has_log": "2024-08-22 19:59:43 +0000"
    },
    "done": true
  },
  "handcrafted:recipes/misc/spruce_counter": {
    "criteria": {
      "has_spruce_counter": "2024-08-22 19:59:48 +0000"
    },
    "done": true
  },
  "refurbished_furniture:recipes/misc/constructing/purple_stool": {
    "criteria": {
      "has_planks": "2024-08-22 19:59:48 +0000"
    },
    "done": true
  },
  "refurbished_furniture:recipes/misc/constructing/blue_stool": {
    "criteria": {
      "has_planks": "2024-08-22 19:59:48 +0000"
    },
    "done": true
  },
  "refurbished_furniture:recipes/misc/constructing/brown_stool": {
    "criteria": {
      "has_planks": "2024-08-22 19:59:48 +0000"
    },
    "done": true
  },
  "refurbished_furniture:recipes/misc/constructing/spruce_table": {
    "criteria": {
      "has_minecraft:spruce_planks": "2024-08-22 19:59:48 +0000"
    },
    "done": true
  },
  "refurbished_furniture:recipes/misc/constructing/spruce_lattice_fence_gate": {
    "criteria": {
      "has_minecraft:spruce_planks": "2024-08-22 19:59:48 +0000"
    },
    "done": true
  },
  "refurbished_furniture:recipes/misc/constructing/green_stool": {
    "criteria": {
      "has_planks": "2024-08-22 19:59:48 +0000"
    },
    "done": true
  },
  "refurbished_furniture:recipes/misc/constructing/orange_stool": {
    "criteria": {
      "has_planks": "2024-08-22 19:59:48 +0000"
    },
    "done": true
  },
  "refurbished_furniture:recipes/misc/constructing/yellow_lamp": {
    "criteria": {
      "has_planks": "2024-08-22 19:59:48 +0000"
    },
    "done": true
  },
  "refurbished_furniture:recipes/misc/constructing/spruce_kitchen_cabinetry": {
    "criteria": {
      "has_minecraft:spruce_planks": "2024-08-22 19:59:48 +0000"
    },
    "done": true
  },
  "refurbished_furniture:recipes/misc/constructing/spruce_kitchen_sink": {
    "criteria": {
      "has_minecraft:spruce_planks": "2024-08-22 19:59:48 +0000"
    },
    "done": true
  },
  "refurbished_furniture:recipes/misc/constructing/black_cooler": {
    "criteria": {
      "has_planks": "2024-08-22 19:59:48 +0000"
    },
    "done": true
  },
  "refurbished_furniture:recipes/misc/constructing/lime_lamp": {
    "criteria": {
      "has_planks": "2024-08-22 19:59:48 +0000"
    },
    "done": true
  },
  "refurbished_furniture:recipes/misc/constructing/red_lamp": {
    "criteria": {
      "has_planks": "2024-08-22 19:59:48 +0000"
    },
    "done": true
  },
  "refurbished_furniture:recipes/misc/constructing/orange_lamp": {
    "criteria": {
      "has_planks": "2024-08-22 19:59:48 +0000"
    },
    "done": true
  },
  "minecraft:recipes/decorations/spruce_sign": {
    "criteria": {
      "has_planks": "2024-08-22 19:59:48 +0000"
    },
    "done": true
  },
  "refurbished_furniture:recipes/misc/constructing/magenta_cooler": {
    "criteria": {
      "has_planks": "2024-08-22 19:59:48 +0000"
    },
    "done": true
  },
  "refurbished_furniture:recipes/misc/constructing/spruce_lattice_fence": {
    "criteria": {
      "has_minecraft:spruce_planks": "2024-08-22 19:59:48 +0000"
    },
    "done": true
  },
  "refurbished_furniture:recipes/misc/constructing/light_blue_cooler": {
    "criteria": {
      "has_planks": "2024-08-22 19:59:48 +0000"
    },
    "done": true
  },
  "refurbished_furniture:recipes/misc/constructing/spruce_kitchen_drawer": {
    "criteria": {
      "has_minecraft:spruce_planks": "2024-08-22 19:59:48 +0000"
    },
    "done": true
  },
  "refurbished_furniture:recipes/misc/constructing/white_lamp": {
    "criteria": {
      "has_planks": "2024-08-22 19:59:48 +0000"
    },
    "done": true
  },
  "refurbished_furniture:recipes/misc/constructing/pink_sofa": {
    "criteria": {
      "has_planks": "2024-08-22 19:59:48 +0000"
    },
    "done": true
  },
  "refurbished_furniture:recipes/misc/constructing/brown_lamp": {
    "criteria": {
      "has_planks": "2024-08-22 19:59:48 +0000"
    },
    "done": true
  },
  "handcrafted:recipes/misc/spruce_table": {
    "criteria": {
      "has_spruce_table": "2024-08-22 19:59:48 +0000"
    },
    "done": true
  },
  "refurbished_furniture:recipes/misc/constructing/yellow_sofa": {
    "criteria": {
      "has_planks": "2024-08-22 19:59:48 +0000"
    },
    "done": true
  },
  "refurbished_furniture:recipes/misc/constructing/orange_sofa": {
    "criteria": {
      "has_planks": "2024-08-22 19:59:48 +0000"
    },
    "done": true
  },
  "minecraft:recipes/misc/stick": {
    "criteria": {
      "has_planks": "2024-08-22 19:59:48 +0000"
    },
    "done": true
  },
  "refurbished_furniture:recipes/misc/constructing/lime_sofa": {
    "criteria": {
      "has_planks": "2024-08-22 19:59:48 +0000"
    },
    "done": true
  },
  "handcrafted:recipes/misc/spruce_shelf": {
    "criteria": {
      "has_spruce_shelf": "2024-08-22 19:59:48 +0000"
    },
    "done": true
  },
  "refurbished_furniture:recipes/misc/constructing/spruce_kitchen_storage_cabinet": {
    "criteria": {
      "has_minecraft:spruce_planks": "2024-08-22 19:59:48 +0000"
    },
    "done": true
  },
  "refurbished_furniture:recipes/misc/constructing/red_cooler": {
    "criteria": {
      "has_planks": "2024-08-22 19:59:48 +0000"
    },
    "done": true
  },
  "refurbished_furniture:recipes/misc/constructing/spruce_bath": {
    "criteria": {
      "has_minecraft:spruce_planks": "2024-08-22 19:59:48 +0000"
    },
    "done": true
  },
  "refurbished_furniture:recipes/misc/constructing/spruce_storage_jar": {
    "criteria": {
      "has_minecraft:spruce_planks": "2024-08-22 19:59:48 +0000"
    },
    "done": true
  },
  "refurbished_furniture:recipes/misc/constructing/magenta_stool": {
    "criteria": {
      "has_planks": "2024-08-22 19:59:48 +0000"
    },
    "done": true
  },
  "handcrafted:recipes/misc/fox_trophy": {
    "criteria": {
      "has_fox_trophy": "2024-08-22 19:59:48 +0000"
    },
    "done": true
  },
  "refurbished_furniture:recipes/misc/constructing/green_cooler": {
    "criteria": {
      "has_planks": "2024-08-22 19:59:48 +0000"
    },
    "done": true
  },
  "refurbished_furniture:recipes/misc/workbench": {
    "criteria": {
      "has_planks": "2024-08-22 19:59:48 +0000"
    },
    "done": true
  },
  "handcrafted:recipes/misc/spruce_couch": {
    "criteria": {
      "has_spruce_couch": "2024-08-22 19:59:48 +0000"
    },
    "done": true
  },
  "refurbished_furniture:recipes/misc/constructing/brown_sofa": {
    "criteria": {
      "has_planks": "2024-08-22 19:59:48 +0000"
    },
    "done": true
  },
  "refurbished_furniture:recipes/misc/constructing/spruce_light_ceiling_fan": {
    "criteria": {
      "has_minecraft:spruce_planks": "2024-08-22 19:59:48 +0000"
    },
    "done": true
  },
  "refurbished_furniture:recipes/misc/constructing/light_blue_lamp": {
    "criteria": {
      "has_planks": "2024-08-22 19:59:48 +0000"
    },
    "done": true
  },
  "handcrafted:recipes/misc/salmon_trophy": {
    "criteria": {
      "has_salmon_trophy": "2024-08-22 19:59:48 +0000"
    },
    "done": true
  },
  "handcrafted:recipes/misc/spruce_dining_bench": {
    "criteria": {
      "has_spruce_dining_bench": "2024-08-22 19:59:48 +0000"
    },
    "done": true
  },
  "minecraft:recipes/decorations/spruce_fence": {
    "criteria": {
      "has_planks": "2024-08-22 19:59:48 +0000"
    },
    "done": true
  },
  "refurbished_furniture:recipes/misc/constructing/blue_sofa": {
    "criteria": {
      "has_planks": "2024-08-22 19:59:48 +0000"
    },
    "done": true
  },
  "refurbished_furniture:recipes/misc/constructing/brown_cooler": {
    "criteria": {
      "has_planks": "2024-08-22 19:59:48 +0000"
    },
    "done": true
  },
  "refurbished_furniture:recipes/misc/constructing/light_blue_stool": {
    "criteria": {
      "has_planks": "2024-08-22 19:59:48 +0000"
    },
    "done": true
  },
  "handcrafted:recipes/misc/silverfish_trophy": {
    "criteria": {
      "has_silverfish_trophy": "2024-08-22 19:59:48 +0000"
    },
    "done": true
  },
  "minecraft:recipes/building_blocks/spruce_slab": {
    "criteria": {
      "has_planks": "2024-08-22 19:59:48 +0000"
    },
    "done": true
  },
  "handcrafted:recipes/misc/tropical_fish_trophy": {
    "criteria": {
      "has_tropical_fish_trophy": "2024-08-22 19:59:48 +0000"
    },
    "done": true
  },
  "refurbished_furniture:recipes/misc/constructing/purple_cooler": {
    "criteria": {
      "has_planks": "2024-08-22 19:59:48 +0000"
    },
    "done": true
  },
  "refurbished_furniture:recipes/misc/constructing/cyan_cooler": {
    "criteria": {
      "has_planks": "2024-08-22 19:59:48 +0000"
    },
    "done": true
  },
  "refurbished_furniture:recipes/misc/constructing/light_gray_cooler": {
    "criteria": {
      "has_planks": "2024-08-22 19:59:48 +0000"
    },
    "done": true
  },
  "refurbished_furniture:recipes/misc/constructing/white_cooler": {
    "criteria": {
      "has_planks": "2024-08-22 19:59:48 +0000"
    },
    "done": true
  },
  "refurbished_furniture:recipes/misc/constructing/red_sofa": {
    "criteria": {
      "has_planks": "2024-08-22 19:59:48 +0000"
    },
    "done": true
  },
  "refurbished_furniture:recipes/misc/constructing/spruce_cutting_board": {
    "criteria": {
      "has_minecraft:spruce_planks": "2024-08-22 19:59:48 +0000"
    },
    "done": true
  },
  "handcrafted:recipes/misc/spider_trophy": {
    "criteria": {
      "has_spider_trophy": "2024-08-22 19:59:48 +0000"
    },
    "done": true
  },
  "handcrafted:recipes/misc/bear_trophy": {
    "criteria": {
      "has_bear_trophy": "2024-08-22 19:59:48 +0000"
    },
    "done": true
  },
  "refurbished_furniture:recipes/misc/constructing/blue_lamp": {
    "criteria": {
      "has_planks": "2024-08-22 19:59:48 +0000"
    },
    "done": true
  },
  "refurbished_furniture:recipes/misc/constructing/spruce_toilet": {
    "criteria": {
      "has_minecraft:spruce_planks": "2024-08-22 19:59:48 +0000"
    },
    "done": true
  },
  "refurbished_furniture:recipes/misc/constructing/red_stool": {
    "criteria": {
      "has_planks": "2024-08-22 19:59:48 +0000"
    },
    "done": true
  },
  "minecraft:recipes/redstone/spruce_button": {
    "criteria": {
      "has_planks": "2024-08-22 19:59:48 +0000"
    },
    "done": true
  },
  "refurbished_furniture:recipes/misc/constructing/spruce_mail_box": {
    "criteria": {
      "has_minecraft:spruce_planks": "2024-08-22 19:59:48 +0000"
    },
    "done": true
  },
  "refurbished_furniture:recipes/misc/constructing/lime_stool": {
    "criteria": {
      "has_planks": "2024-08-22 19:59:48 +0000"
    },
    "done": true
  },
  "handcrafted:recipes/misc/spruce_nightstand": {
    "criteria": {
      "has_spruce_nightstand": "2024-08-22 19:59:48 +0000"
    },
    "done": true
  },
  "handcrafted:recipes/misc/pufferfish_trophy": {
    "criteria": {
      "has_pufferfish_trophy": "2024-08-22 19:59:48 +0000"
    },
    "done": true
  },
  "refurbished_furniture:recipes/misc/constructing/magenta_lamp": {
    "criteria": {
      "has_planks": "2024-08-22 19:59:48 +0000"
    },
    "done": true
  },
  "handcrafted:recipes/misc/spruce_bench": {
    "criteria": {
      "has_spruce_bench": "2024-08-22 19:59:48 +0000"
    },
    "done": true
  },
  "refurbished_furniture:recipes/misc/constructing/gray_lamp": {
    "criteria": {
      "has_planks": "2024-08-22 19:59:48 +0000"
    },
    "done": true
  },
  "refurbished_furniture:recipes/misc/constructing/spruce_basin": {
    "criteria": {
      "has_minecraft:spruce_planks": "2024-08-22 19:59:48 +0000"
    },
    "done": true
  },
  "minecraft:recipes/redstone/spruce_pressure_plate": {
    "criteria": {
      "has_planks": "2024-08-22 19:59:48 +0000"
    },
    "done": true
  },
  "refurbished_furniture:recipes/misc/constructing/light_blue_sofa": {
    "criteria": {
      "has_planks": "2024-08-22 19:59:48 +0000"
    },
    "done": true
  },
  "refurbished_furniture:recipes/misc/constructing/black_sofa": {
    "criteria": {
      "has_planks": "2024-08-22 19:59:48 +0000"
    },
    "done": true
  },
  "refurbished_furniture:recipes/misc/constructing/light_gray_sofa": {
    "criteria": {
      "has_planks": "2024-08-22 19:59:48 +0000"
    },
    "done": true
  },
  "handcrafted:recipes/misc/spruce_pillar_trim": {
    "criteria": {
      "has_spruce_pillar_trim": "2024-08-22 19:59:48 +0000"
    },
    "done": true
  },
  "refurbished_furniture:recipes/misc/constructing/purple_sofa": {
    "criteria": {
      "has_planks": "2024-08-22 19:59:48 +0000"
    },
    "done": true
  },
  "refurbished_furniture:recipes/misc/constructing/spruce_crate": {
    "criteria": {
      "has_minecraft:spruce_planks": "2024-08-22 19:59:48 +0000"
    },
    "done": true
  },
  "refurbished_furniture:recipes/misc/constructing/gray_cooler": {
    "criteria": {
      "has_planks": "2024-08-22 19:59:48 +0000"
    },
    "done": true
  },
  "handcrafted:recipes/misc/spruce_drawer": {
    "criteria": {
      "has_spruce_drawer": "2024-08-22 19:59:48 +0000"
    },
    "done": true
  },
  "refurbished_furniture:recipes/misc/constructing/light_gray_stool": {
    "criteria": {
      "has_planks": "2024-08-22 19:59:48 +0000"
    },
    "done": true
  },
  "refurbished_furniture:recipes/misc/constructing/white_stool": {
    "criteria": {
      "has_planks": "2024-08-22 19:59:48 +0000"
    },
    "done": true
  },
  "refurbished_furniture:recipes/misc/constructing/yellow_stool": {
    "criteria": {
      "has_planks": "2024-08-22 19:59:48 +0000"
    },
    "done": true
  },
  "handcrafted:recipes/misc/goat_trophy": {
    "criteria": {
      "has_goat_trophy": "2024-08-22 19:59:48 +0000"
    },
    "done": true
  },
  "refurbished_furniture:recipes/misc/constructing/black_lamp": {
    "criteria": {
      "has_planks": "2024-08-22 19:59:48 +0000"
    },
    "done": true
  },
  "minecraft:recipes/redstone/spruce_trapdoor": {
    "criteria": {
      "has_planks": "2024-08-22 19:59:48 +0000"
    },
    "done": true
  },
  "minecraft:recipes/redstone/spruce_door": {
    "criteria": {
      "has_planks": "2024-08-22 19:59:48 +0000"
    },
    "done": true
  },
  "minecraft:recipes/redstone/spruce_fence_gate": {
    "criteria": {
      "has_planks": "2024-08-22 19:59:48 +0000"
    },
    "done": true
  },
  "refurbished_furniture:recipes/misc/constructing/post_box": {
    "criteria": {
      "has_planks": "2024-08-22 19:59:48 +0000"
    },
    "done": true
  },
  "refurbished_furniture:recipes/misc/constructing/pink_lamp": {
    "criteria": {
      "has_planks": "2024-08-22 19:59:48 +0000"
    },
    "done": true
  },
  "refurbished_furniture:recipes/misc/constructing/spruce_desk": {
    "criteria": {
      "has_minecraft:spruce_planks": "2024-08-22 19:59:48 +0000"
    },
    "done": true
  },
  "refurbished_furniture:recipes/misc/constructing/lime_cooler": {
    "criteria": {
      "has_planks": "2024-08-22 19:59:48 +0000"
    },
    "done": true
  },
  "refurbished_furniture:recipes/misc/constructing/spruce_storage_cabinet": {
    "criteria": {
      "has_minecraft:spruce_planks": "2024-08-22 19:59:48 +0000"
    },
    "done": true
  },
  "refurbished_furniture:recipes/misc/constructing/gray_stool": {
    "criteria": {
      "has_planks": "2024-08-22 19:59:48 +0000"
    },
    "done": true
  },
  "refurbished_furniture:recipes/misc/constructing/green_lamp": {
    "criteria": {
      "has_planks": "2024-08-22 19:59:48 +0000"
    },
    "done": true
  },
  "refurbished_furniture:recipes/misc/constructing/spruce_chair": {
    "criteria": {
      "has_minecraft:spruce_planks": "2024-08-22 19:59:48 +0000"
    },
    "done": true
  },
  "refurbished_furniture:recipes/misc/constructing/magenta_sofa": {
    "criteria": {
      "has_planks": "2024-08-22 19:59:48 +0000"
    },
    "done": true
  },
  "refurbished_furniture:recipes/misc/constructing/pink_cooler": {
    "criteria": {
      "has_planks": "2024-08-22 19:59:48 +0000"
    },
    "done": true
  },
  "handcrafted:recipes/misc/spruce_fancy_bed": {
    "criteria": {
      "has_spruce_fancy_bed": "2024-08-22 19:59:48 +0000"
    },
    "done": true
  },
  "refurbished_furniture:recipes/misc/constructing/white_sofa": {
    "criteria": {
      "has_planks": "2024-08-22 19:59:48 +0000"
    },
    "done": true
  },
  "minecraft:recipes/decorations/barrel": {
    "criteria": {
      "has_planks": "2024-08-22 19:59:48 +0000"
    },
    "done": true
  },
  "handcrafted:recipes/misc/spruce_chair": {
    "criteria": {
      "has_spruce_chair": "2024-08-22 19:59:48 +0000"
    },
    "done": true
  },
  "refurbished_furniture:recipes/misc/constructing/cyan_sofa": {
    "criteria": {
      "has_planks": "2024-08-22 19:59:48 +0000"
    },
    "done": true
  },
  "handcrafted:recipes/misc/spruce_cupboard": {
    "criteria": {
      "has_spruce_cupboard": "2024-08-22 19:59:48 +0000"
    },
    "done": true
  },
  "refurbished_furniture:recipes/misc/constructing/yellow_cooler": {
    "criteria": {
      "has_planks": "2024-08-22 19:59:48 +0000"
    },
    "done": true
  },
  "refurbished_furniture:recipes/misc/constructing/cyan_stool": {
    "criteria": {
      "has_planks": "2024-08-22 19:59:48 +0000"
    },
    "done": true
  },
  "refurbished_furniture:recipes/misc/constructing/black_stool": {
    "criteria": {
      "has_planks": "2024-08-22 19:59:48 +0000"
    },
    "done": true
  },
  "refurbished_furniture:recipes/misc/constructing/green_sofa": {
    "criteria": {
      "has_planks": "2024-08-22 19:59:48 +0000"
    },
    "done": true
  },
  "refurbished_furniture:recipes/misc/constructing/blue_cooler": {
    "criteria": {
      "has_planks": "2024-08-22 19:59:48 +0000"
    },
    "done": true
  },
  "minecraft:recipes/building_blocks/spruce_stairs": {
    "criteria": {
      "has_planks": "2024-08-22 19:59:48 +0000"
    },
    "done": true
  },
  "refurbished_furniture:recipes/misc/constructing/orange_cooler": {
    "criteria": {
      "has_planks": "2024-08-22 19:59:48 +0000"
    },
    "done": true
  },
  "refurbished_furniture:recipes/misc/constructing/spruce_drawer": {
    "criteria": {
      "has_minecraft:spruce_planks": "2024-08-22 19:59:48 +0000"
    },
    "done": true
  },
  "handcrafted:recipes/misc/spruce_corner_trim": {
    "criteria": {
      "has_spruce_corner_trim": "2024-08-22 19:59:48 +0000"
    },
    "done": true
  },
  "handcrafted:recipes/misc/skeleton_horse_trophy": {
    "criteria": {
      "has_skeleton_horse_trophy": "2024-08-22 19:59:48 +0000"
    },
    "done": true
  },
  "refurbished_furniture:recipes/misc/constructing/cyan_lamp": {
    "criteria": {
      "has_planks": "2024-08-22 19:59:48 +0000"
    },
    "done": true
  },
  "handcrafted:recipes/misc/blaze_trophy": {
    "criteria": {
      "has_blaze_trophy": "2024-08-22 19:59:48 +0000"
    },
    "done": true
  },
  "refurbished_furniture:recipes/misc/constructing/light_gray_lamp": {
    "criteria": {
      "has_planks": "2024-08-22 19:59:48 +0000"
    },
    "done": true
  },
  "refurbished_furniture:recipes/misc/constructing/gray_sofa": {
    "criteria": {
      "has_planks": "2024-08-22 19:59:48 +0000"
    },
    "done": true
  },
  "refurbished_furniture:recipes/misc/constructing/purple_lamp": {
    "criteria": {
      "has_planks": "2024-08-22 19:59:48 +0000"
    },
    "done": true
  },
  "handcrafted:recipes/misc/spruce_desk": {
    "criteria": {
      "has_spruce_desk": "2024-08-22 19:59:48 +0000"
    },
    "done": true
  },
  "handcrafted:recipes/misc/wither_skeleton_trophy": {
    "criteria": {
      "has_wither_skeleton_trophy": "2024-08-22 19:59:48 +0000"
    },
    "done": true
  },
  "handcrafted:recipes/misc/spruce_side_table": {
    "criteria": {
      "has_spruce_side_table": "2024-08-22 19:59:48 +0000"
    },
    "done": true
  },
  "handcrafted:recipes/misc/wolf_trophy": {
    "criteria": {
      "has_wolf_trophy": "2024-08-22 19:59:48 +0000"
    },
    "done": true
  },
  "refurbished_furniture:recipes/misc/constructing/pink_stool": {
    "criteria": {
      "has_planks": "2024-08-22 19:59:48 +0000"
    },
    "done": true
  },
  "travelersbackpack:recipes/misc/crafting_upgrade": {
    "criteria": {
      "has_crafting_table": "2024-08-22 19:59:50 +0000"
    },
    "done": true
  },
  "minecraft:story/root": {
    "criteria": {
      "crafting_table": "2024-08-22 19:59:50 +0000"
    },
    "done": true
  },
  "minecraft:recipes/decorations/chest": {
    "criteria": {
      "has_the_recipe": "2024-08-22 20:00:00 +0000"
    },
    "done": true
  },
  "travelersbackpack:recipes/misc/standard": {
    "criteria": {
      "has_chest": "2024-08-22 20:00:00 +0000"
    },
    "done": true
  },
  "travelersbackpack:recipes/misc/blank_upgrade": {
    "criteria": {
      "has_chest": "2024-08-22 20:00:00 +0000"
    },
    "done": true
  },
  "refurbished_furniture:recipes/misc/slicing/brown_dye_from_rotten_flesh": {
    "criteria": {
      "has_rotten_flesh": "2024-08-22 20:26:48 +0000"
    },
    "done": true
  },
  "refurbished_furniture:recipes/misc/light_electricity_generator": {
    "criteria": {
      "has_iron_ingot": "2024-08-22 20:53:29 +0000"
    },
    "done": true
  },
  "refurbished_furniture:recipes/misc/constructing/birch_basin": {
    "criteria": {
      "has_minecraft:iron_ingot": "2024-08-22 20:53:29 +0000"
    },
    "done": true
  },
  "minecraft:recipes/redstone/lever": {
    "criteria": {
      "has_cobblestone": "2024-08-22 20:25:01 +0000"
    },
    "done": true
  },
  "refurbished_furniture:recipes/misc/constructing/acacia_toilet": {
    "criteria": {
      "has_minecraft:iron_ingot": "2024-08-22 20:53:29 +0000"
    },
    "done": true
  },
  "minecraft:recipes/combat/leather_helmet": {
    "criteria": {
      "has_leather": "2024-08-22 20:54:25 +0000"
    },
    "done": true
  },
  "minecraft:recipes/decorations/ladder": {
    "criteria": {
      "has_stick": "2024-08-22 20:22:31 +0000"
    },
    "done": true
  },
  "handcrafted:recipes/misc/oak_nightstand": {
    "criteria": {
      "has_oak_nightstand": "2024-08-22 20:27:56 +0000"
    },
    "done": true
  },
  "refurbished_furniture:recipes/misc/constructing/magenta_trampoline": {
    "criteria": {
      "has_minecraft:iron_ingot": "2024-08-22 20:53:29 +0000"
    },
    "done": true
  },
  "minecraft:recipes/combat/iron_leggings": {
    "criteria": {
      "has_iron_ingot": "2024-08-22 20:53:29 +0000"
    },
    "done": true
  },
  "refurbished_furniture:recipes/misc/constructing/lime_grill": {
    "criteria": {
      "has_minecraft:iron_ingot": "2024-08-22 20:53:29 +0000"
    },
    "done": true
  },
  "refurbished_furniture:recipes/misc/constructing/oak_toilet": {
    "criteria": {
      "has_minecraft:oak_planks": "2024-08-22 20:27:56 +0000"
    },
    "done": true
  },
  "minecraft:recipes/combat/leather_leggings": {
    "criteria": {
      "has_leather": "2024-08-22 20:54:25 +0000"
    },
    "done": true
  },
  "travelersbackpack:recipes/misc/coal": {
    "criteria": {
      "has_coal": "2024-08-22 20:26:11 +0000"
    },
    "done": true
  },
  "refurbished_furniture:recipes/misc/constructing/crimson_lattice_fence": {
    "criteria": {
      "has_minecraft:stick": "2024-08-22 20:22:31 +0000"
    },
    "done": true
  },
  "doggytalents:recipes/decorations/leather_jacket": {
    "criteria": {
      "has_leather": "2024-08-22 20:54:25 +0000"
    },
    "done": true
  },
  "refurbished_furniture:recipes/misc/constructing/gray_trampoline": {
    "criteria": {
      "has_minecraft:iron_ingot": "2024-08-22 20:53:29 +0000"
    },
    "done": true
  },
  "refurbished_furniture:recipes/misc/constructing/jungle_lattice_fence": {
    "criteria": {
      "has_minecraft:stick": "2024-08-22 20:22:31 +0000"
    },
    "done": true
  },
  "refurbished_furniture:recipes/misc/constructing/mangrove_bath": {
    "criteria": {
      "has_minecraft:iron_ingot": "2024-08-22 20:53:29 +0000"
    },
    "done": true
  },
  "refurbished_furniture:recipes/misc/constructing/oak_kitchen_sink": {
    "criteria": {
      "has_minecraft:oak_planks": "2024-08-22 20:27:56 +0000"
    },
    "done": true
  },
  "refurbished_furniture:recipes/misc/constructing/light_fridge": {
    "criteria": {
      "has_minecraft:iron_ingot": "2024-08-22 20:53:29 +0000"
    },
    "done": true
  },
  "refurbished_furniture:recipes/misc/constructing/jungle_bath": {
    "criteria": {
      "has_minecraft:iron_ingot": "2024-08-22 20:53:29 +0000"
    },
    "done": true
  },
  "minecraft:recipes/food/baked_potato_from_campfire_cooking": {
    "criteria": {
      "has_potato": "2024-08-22 20:53:10 +0000"
    },
    "done": true
  },
  "minecraft:recipes/misc/cyan_dye": {
    "criteria": {
      "has_blue_dye": "2024-08-22 20:44:40 +0000"
    },
    "done": true
  },
  "doggytalents:recipes/tools/shrinking_mallet": {
    "criteria": {
      "has_gold_ingot": "2024-08-22 20:53:57 +0000"
    },
    "done": true
  },
  "refurbished_furniture:recipes/misc/constructing/oak_kitchen_drawer": {
    "criteria": {
      "has_minecraft:oak_planks": "2024-08-22 20:27:56 +0000"
    },
    "done": true
  },
  "minecraft:recipes/building_blocks/bookshelf": {
    "criteria": {
      "has_book": "2024-08-22 20:54:10 +0000"
    },
    "done": true
  },
  "minecraft:recipes/tools/golden_axe": {
    "criteria": {
      "has_gold_ingot": "2024-08-22 20:53:57 +0000"
    },
    "done": true
  },
  "refurbished_furniture:recipes/misc/constructing/dark_oak_toilet": {
    "criteria": {
      "has_minecraft:iron_ingot": "2024-08-22 20:53:29 +0000"
    },
    "done": true
  },
  "minecraft:recipes/combat/iron_chestplate": {
    "criteria": {
      "has_iron_ingot": "2024-08-22 20:53:29 +0000"
    },
    "done": true
  },
  "minecraft:recipes/decorations/oak_sign": {
    "criteria": {
      "has_planks": "2024-08-22 20:27:56 +0000"
    },
    "done": true
  },
  "minecraft:recipes/redstone/oak_trapdoor": {
    "criteria": {
      "has_planks": "2024-08-22 20:27:56 +0000"
    },
    "done": true
  },
  "refurbished_furniture:recipes/misc/constructing/cherry_bath": {
    "criteria": {
      "has_minecraft:iron_ingot": "2024-08-22 20:53:29 +0000"
    },
    "done": true
  },
  "refurbished_furniture:recipes/misc/spatula": {
    "criteria": {
      "has_iron_ingot": "2024-08-22 20:53:29 +0000"
    },
    "done": true
  },
  "refurbished_furniture:recipes/misc/constructing/acacia_bath": {
    "criteria": {
      "has_minecraft:iron_ingot": "2024-08-22 20:53:29 +0000"
    },
    "done": true
  },
  "minecraft:recipes/tools/golden_pickaxe": {
    "criteria": {
      "has_gold_ingot": "2024-08-22 20:53:57 +0000"
    },
    "done": true
  },
  "refurbished_furniture:recipes/misc/dark_electricity_generator": {
    "criteria": {
      "has_iron_ingot": "2024-08-22 20:53:29 +0000"
    },
    "done": true
  },
  "minecraft:recipes/combat/stone_sword": {
    "criteria": {
      "has_cobblestone": "2024-08-22 20:25:01 +0000"
    },
    "done": true
  },
  "minecraft:recipes/decorations/cobblestone_wall": {
    "criteria": {
      "has_cobblestone": "2024-08-22 20:25:01 +0000"
    },
    "done": true
  },
  "travelersbackpack:recipes/misc/backpack_tank": {
    "criteria": {
      "has_iron": "2024-08-22 20:53:29 +0000"
    },
    "done": true
  },
  "refurbished_furniture:recipes/misc/constructing/crimson_storage_cabinet": {
    "criteria": {
      "has_minecraft:iron_ingot": "2024-08-22 20:53:29 +0000"
    },
    "done": true
  },
  "minecraft:recipes/tools/stone_axe": {
    "criteria": {
      "has_cobblestone": "2024-08-22 20:25:01 +0000"
    },
    "done": true
  },
  "minecraft:recipes/building_blocks/raw_iron_block": {
    "criteria": {
      "has_raw_iron": "2024-08-22 21:25:54 +0000"
    },
    "done": true
  },
  "refurbished_furniture:recipes/misc/constructing/white_grill": {
    "criteria": {
      "has_minecraft:iron_ingot": "2024-08-22 20:53:29 +0000"
    },
    "done": true
  },
  "minecraft:recipes/decorations/blue_candle": {
    "criteria": {
      "has_blue_dye": "2024-08-22 20:44:40 +0000"
    },
    "done": true
  },
  "doggytalents:recipes/decorations/superdog_suit": {
    "criteria": {
      "has_iron_ingot": "2024-08-22 20:53:29 +0000"
    },
    "done": true
  },
  "refurbished_furniture:recipes/misc/constructing/dark_oak_basin": {
    "criteria": {
      "has_minecraft:iron_ingot": "2024-08-22 20:53:29 +0000"
    },
    "done": true
  },
  "refurbished_furniture:recipes/misc/constructing/dark_oak_lattice_fence_gate": {
    "criteria": {
      "has_minecraft:stick": "2024-08-22 20:22:31 +0000"
    },
    "done": true
  },
  "minecraft:recipes/misc/iron_nugget": {
    "criteria": {
      "has_iron_ingot": "2024-08-22 20:53:29 +0000"
    },
    "done": true
  },
  "refurbished_furniture:recipes/misc/constructing/pink_grill": {
    "criteria": {
      "has_minecraft:iron_ingot": "2024-08-22 20:53:29 +0000"
    },
    "done": true
  },
  "minecraft:recipes/decorations/blue_stained_glass_pane_from_glass_pane": {
    "criteria": {
      "has_blue_dye": "2024-08-22 20:44:40 +0000"
    },
    "done": true
  },
  "doggytalents:recipes/combat/sussy_sickle": {
    "criteria": {
      "has_iron_ingot": "2024-08-22 20:53:29 +0000"
    },
    "done": true
  },
  "minecraft:recipes/misc/gold_nugget": {
    "criteria": {
      "has_gold_ingot": "2024-08-22 20:53:57 +0000"
    },
    "done": true
  },
  "refurbished_furniture:recipes/misc/constructing/crimson_toilet": {
    "criteria": {
      "has_minecraft:iron_ingot": "2024-08-22 20:53:29 +0000"
    },
    "done": true
  },
  "minecraft:recipes/misc/bucket": {
    "criteria": {
      "has_iron_ingot": "2024-08-22 20:53:29 +0000"
    },
    "done": true
  },
  "refurbished_furniture:recipes/misc/constructing/cherry_basin": {
    "criteria": {
      "has_minecraft:iron_ingot": "2024-08-22 20:53:29 +0000"
    },
    "done": true
  },
  "doggytalents:recipes/decorations/pianist_suit": {
    "criteria": {
      "has_string": "2024-08-22 20:57:05 +0000"
    },
    "done": true
  },
  "minecraft:recipes/combat/iron_helmet": {
    "criteria": {
      "has_iron_ingot": "2024-08-22 20:53:29 +0000"
    },
    "done": true
  },
  "minecraft:recipes/tools/golden_shovel": {
    "criteria": {
      "has_gold_ingot": "2024-08-22 20:53:57 +0000"
    },
    "done": true
  },
  "minecraft:recipes/combat/bow": {
    "criteria": {
      "has_string": "2024-08-22 20:57:05 +0000"
    },
    "done": true
  },
  "refurbished_furniture:recipes/decorations/blue_toilet": {
    "criteria": {
      "has_dye": "2024-08-22 20:44:40 +0000"
    },
    "done": true
  },
  "doggytalents:recipes/decorations/bowtie": {
    "criteria": {
      "has_string": "2024-08-22 20:57:05 +0000"
    },
    "done": true
  },
  "minecraft:story/mine_stone": {
    "criteria": {
      "get_stone": "2024-08-22 20:25:01 +0000"
    },
    "done": true
  },
  "minecraft:recipes/decorations/furnace": {
    "criteria": {
      "has_cobblestone": "2024-08-22 20:25:01 +0000"
    },
    "done": true
  },
  "minecraft:recipes/transportation/minecart": {
    "criteria": {
      "has_iron_ingot": "2024-08-22 20:53:29 +0000"
    },
    "done": true
  },
  "minecraft:recipes/tools/iron_hoe": {
    "criteria": {
      "has_iron_ingot": "2024-08-22 20:53:29 +0000"
    },
    "done": true
  },
  "minecraft:recipes/food/golden_apple": {
    "criteria": {
      "has_gold_ingot": "2024-08-22 20:53:57 +0000"
    },
    "done": true
  },
  "handcrafted:recipes/misc/oak_fancy_bed": {
    "criteria": {
      "has_oak_fancy_bed": "2024-08-22 20:27:56 +0000"
    },
    "done": true
  },
  "refurbished_furniture:recipes/misc/constructing/orange_trampoline": {
    "criteria": {
      "has_minecraft:iron_ingot": "2024-08-22 20:53:29 +0000"
    },
    "done": true
  },
  "doggytalents:recipes/decorations/sunglasses": {
    "criteria": {
      "has_stick": "2024-08-22 20:22:31 +0000"
    },
    "done": true
  },
  "refurbished_furniture:recipes/misc/constructing/computer": {
    "criteria": {
      "has_minecraft:iron_ingot": "2024-08-22 20:53:29 +0000"
    },
    "done": true
  },
  "refurbished_furniture:recipes/misc/constructing/light_toaster": {
    "criteria": {
      "has_minecraft:iron_ingot": "2024-08-22 20:53:29 +0000"
    },
    "done": true
  },
  "minecraft:recipes/food/baked_potato": {
    "criteria": {
      "has_potato": "2024-08-22 20:53:10 +0000"
    },
    "done": true
  },
  "refurbished_furniture:recipes/misc/constructing/cyan_trampoline": {
    "criteria": {
      "has_minecraft:iron_ingot": "2024-08-22 20:53:29 +0000"
    },
    "done": true
  },
  "refurbished_furniture:recipes/misc/constructing/black_grill": {
    "criteria": {
      "has_minecraft:iron_ingot": "2024-08-22 20:53:29 +0000"
    },
    "done": true
  },
  "minecraft:recipes/misc/gold_ingot_from_nuggets": {
    "criteria": {
      "has_gold_nugget": "2024-08-22 20:24:19 +0000"
    },
    "done": true
  },
  "refurbished_furniture:recipes/misc/constructing/cherry_storage_cabinet": {
    "criteria": {
      "has_minecraft:iron_ingot": "2024-08-22 20:53:29 +0000"
    },
    "done": true
  },
  "handcrafted:recipes/misc/hammer": {
    "criteria": {
      "has_hammer": "2024-08-22 20:53:29 +0000"
    },
    "done": true
  },
  "minecraft:recipes/combat/golden_boots": {
    "criteria": {
      "has_gold_ingot": "2024-08-22 20:53:57 +0000"
    },
    "done": true
  },
  "minecraft:recipes/tools/wooden_axe": {
    "criteria": {
      "has_stick": "2024-08-22 20:22:31 +0000"
    },
    "done": true
  },
  "refurbished_furniture:recipes/misc/slicing/white_dye_from_white_tulip": {
    "criteria": {
      "has_white_tulip": "2024-08-22 20:41:08 +0000"
    },
    "done": true
  },
  "refurbished_furniture:recipes/misc/constructing/dark_oak_storage_cabinet": {
    "criteria": {
      "has_minecraft:iron_ingot": "2024-08-22 20:53:29 +0000"
    },
    "done": true
  },
  "travelersbackpack:recipes/misc/creeper": {
    "criteria": {
      "has_gunpowder": "2024-08-22 22:09:43 +0000"
    },
    "done": true
  },
  "minecraft:recipes/combat/golden_helmet": {
    "criteria": {
      "has_gold_ingot": "2024-08-22 20:53:57 +0000"
    },
    "done": true
  },
  "doggytalents:recipes/tools/whistle": {
    "criteria": {
      "has_iron_ingot": "2024-08-22 20:53:29 +0000"
    },
    "done": true
  },
  "waystones:recipes/decorations/mossy_waystone_from_vines": {
    "criteria": {
      "has_waystone": "2024-08-22 20:44:55 +0000"
    },
    "done": true
  },
  "refurbished_furniture:recipes/misc/constructing/oak_mail_box": {
    "criteria": {
      "has_minecraft:oak_planks": "2024-08-22 20:27:56 +0000"
    },
    "done": true
  },
  "minecraft:recipes/transportation/spruce_chest_boat": {
    "criteria": {
      "has_boat": "2024-08-22 21:00:07 +0000"
    },
    "done": true
  },
  "doggytalents:recipes/decorations/plague_doctor_mask": {
    "criteria": {
      "has_leather": "2024-08-22 20:54:25 +0000"
    },
    "done": true
  },
  "minecraft:recipes/combat/leather_chestplate": {
    "criteria": {
      "has_leather": "2024-08-22 20:54:25 +0000"
    },
    "done": true
  },
  "minecraft:recipes/misc/magenta_dye_from_blue_red_pink": {
    "criteria": {
      "has_blue_dye": "2024-08-22 20:44:40 +0000"
    },
    "done": true
  },
  "refurbished_furniture:recipes/misc/constructing/oak_bath": {
    "criteria": {
      "has_minecraft:oak_planks": "2024-08-22 20:27:56 +0000"
    },
    "done": true
  },
  "doggytalents:recipes/decorations/guard_suit": {
    "criteria": {
      "has_string": "2024-08-22 20:57:05 +0000"
    },
    "done": true
  },
  "doggytalents:recipes/decorations/giant_stick": {
    "criteria": {
      "has_stick": "2024-08-22 20:22:31 +0000"
    },
    "done": true
  },
  "refurbished_furniture:recipes/misc/constructing/crimson_lattice_fence_gate": {
    "criteria": {
      "has_minecraft:stick": "2024-08-22 20:22:31 +0000"
    },
    "done": true
  },
  "refurbished_furniture:recipes/misc/constructing/red_grill": {
    "criteria": {
      "has_minecraft:iron_ingot": "2024-08-22 20:53:29 +0000"
    },
    "done": true
  },
  "minecraft:story/smelt_iron": {
    "criteria": {
      "iron": "2024-08-22 20:53:29 +0000"
    },
    "done": true
  },
  "minecraft:recipes/tools/fishing_rod": {
    "criteria": {
      "has_string": "2024-08-22 20:57:05 +0000"
    },
    "done": true
  },
  "minecraft:recipes/decorations/smoker": {
    "criteria": {
      "has_furnace": "2024-08-22 21:26:12 +0000"
    },
    "done": true
  },
  "minecraft:recipes/misc/map": {
    "criteria": {
      "has_compass": "2024-08-22 20:54:29 +0000"
    },
    "done": true
  },
  "minecraft:recipes/tools/shears": {
    "criteria": {
      "has_iron_ingot": "2024-08-22 20:53:29 +0000"
    },
    "done": true
  },
  "doggytalents:recipes/decorations/propeller_hat": {
    "criteria": {
      "has_iron_ingot": "2024-08-22 20:53:29 +0000"
    },
    "done": true
  },
  "minecraft:recipes/building_blocks/emerald_block": {
    "criteria": {
      "has_emerald": "2024-08-22 20:53:30 +0000"
    },
    "done": true
  },
  "minecraft:recipes/brewing/golden_carrot": {
    "criteria": {
      "has_gold_nugget": "2024-08-22 20:24:19 +0000"
    },
    "done": true
  },
  "handcrafted:recipes/misc/oak_table": {
    "criteria": {
      "has_oak_table": "2024-08-22 20:27:56 +0000"
    },
    "done": true
  },
  "minecraft:recipes/transportation/jungle_chest_boat": {
    "criteria": {
      "has_boat": "2024-08-22 21:00:07 +0000"
    },
    "done": true
  },
  "refurbished_furniture:recipes/misc/constructing/oak_crate": {
    "criteria": {
      "has_minecraft:oak_planks": "2024-08-22 20:27:56 +0000"
    },
    "done": true
  },
  "minecraft:recipes/redstone/lectern": {
    "criteria": {
      "has_book": "2024-08-22 20:54:10 +0000"
    },
    "done": true
  },
  "minecraft:recipes/transportation/acacia_chest_boat": {
    "criteria": {
      "has_boat": "2024-08-22 21:00:07 +0000"
    },
    "done": true
  },
  "minecraft:adventure/sleep_in_bed": {
    "criteria": {
      "slept_in_bed": "2024-08-22 20:40:12 +0000"
    },
    "done": true
  },
  "handcrafted:recipes/misc/oak_corner_trim": {
    "criteria": {
      "has_oak_corner_trim": "2024-08-22 20:27:56 +0000"
    },
    "done": true
  },
  "minecraft:recipes/building_blocks/cobblestone_slab_from_cobblestone_stonecutting": {
    "criteria": {
      "has_cobblestone": "2024-08-22 20:25:01 +0000"
    },
    "done": true
  },
  "refurbished_furniture:recipes/misc/constructing/light_gray_trampoline": {
    "criteria": {
      "has_minecraft:iron_ingot": "2024-08-22 20:53:29 +0000"
    },
    "done": true
  },
  "minecraft:recipes/building_blocks/oak_stairs": {
    "criteria": {
      "has_planks": "2024-08-22 20:27:56 +0000"
    },
    "done": true
  },
  "minecraft:recipes/transportation/cherry_boat": {
    "criteria": {
      "in_water": "2024-08-22 20:57:40 +0000"
    },
    "done": true
  },
  "refurbished_furniture:recipes/misc/constructing/mangrove_basin": {
    "criteria": {
      "has_minecraft:iron_ingot": "2024-08-22 20:53:29 +0000"
    },
    "done": true
  },
  "handcrafted:recipes/misc/oak_bench": {
    "criteria": {
      "has_oak_bench": "2024-08-22 20:27:56 +0000"
    },
    "done": true
  },
  "refurbished_furniture:recipes/misc/constructing/gray_grill": {
    "criteria": {
      "has_minecraft:iron_ingot": "2024-08-22 20:53:29 +0000"
    },
    "done": true
  },
  "minecraft:adventure/kill_all_mobs": {
    "criteria": {
      "minecraft:pillager": "2024-08-22 21:39:36 +0000",
      "minecraft:spider": "2024-08-22 21:07:16 +0000",
      "minecraft:zombie": "2024-08-22 20:26:46 +0000",
      "minecraft:creeper": "2024-08-22 22:09:42 +0000"
    },
    "done": false
  },
  "refurbished_furniture:recipes/misc/constructing/birch_bath": {
    "criteria": {
      "has_minecraft:iron_ingot": "2024-08-22 20:53:29 +0000"
    },
    "done": true
  },
  "refurbished_furniture:recipes/misc/constructing/green_trampoline": {
    "criteria": {
      "has_minecraft:iron_ingot": "2024-08-22 20:53:29 +0000"
    },
    "done": true
  },
  "minecraft:adventure/voluntary_exile": {
    "criteria": {
      "voluntary_exile": "2024-08-22 21:39:43 +0000"
    },
    "done": true
  },
  "refurbished_furniture:recipes/misc/constructing/oak_light_ceiling_fan": {
    "criteria": {
      "has_minecraft:oak_planks": "2024-08-22 20:27:56 +0000"
    },
    "done": true
  },
  "minecraft:recipes/decorations/chain": {
    "criteria": {
      "has_iron_nugget": "2024-08-22 20:53:26 +0000"
    },
    "done": true
  },
  "refurbished_furniture:recipes/misc/constructing/brown_trampoline": {
    "criteria": {
      "has_minecraft:iron_ingot": "2024-08-22 20:53:29 +0000"
    },
    "done": true
  },
  "minecraft:recipes/decorations/oak_fence": {
    "criteria": {
      "has_planks": "2024-08-22 20:27:56 +0000"
    },
    "done": true
  },
  "refurbished_furniture:recipes/misc/constructing/crimson_light_ceiling_fan": {
    "criteria": {
      "has_minecraft:iron_ingot": "2024-08-22 20:53:29 +0000"
    },
    "done": true
  },
  "refurbished_furniture:recipes/misc/constructing/oak_basin": {
    "criteria": {
      "has_minecraft:oak_planks": "2024-08-22 20:27:56 +0000"
    },
    "done": true
  },
  "minecraft:recipes/building_blocks/chiseled_bookshelf": {
    "criteria": {
      "has_book": "2024-08-22 20:54:10 +0000"
    },
    "done": true
  },
  "minecraft:recipes/combat/golden_chestplate": {
    "criteria": {
      "has_gold_ingot": "2024-08-22 20:53:57 +0000"
    },
    "done": true
  },
  "refurbished_furniture:recipes/decorations/blue_sofa_from_dyeing": {
    "criteria": {
      "has_dye": "2024-08-22 20:44:40 +0000"
    },
    "done": true
  },
  "refurbished_furniture:recipes/misc/constructing/lime_trampoline": {
    "criteria": {
      "has_minecraft:iron_ingot": "2024-08-22 20:53:29 +0000"
    },
    "done": true
  },
  "refurbished_furniture:recipes/misc/constructing/blue_basin": {
    "criteria": {
      "has_minecraft:blue_dye": "2024-08-22 20:44:40 +0000"
    },
    "done": true
  },
  "minecraft:recipes/building_blocks/iron_block": {
    "criteria": {
      "has_iron_ingot": "2024-08-22 20:53:29 +0000"
    },
    "done": true
  },
  "doggytalents:recipes/decorations/locator_orb_rei": {
    "criteria": {
      "has_string": "2024-08-22 20:57:05 +0000"
    },
    "done": true
  },
  "travelersbackpack:recipes/misc/gold": {
    "criteria": {
      "has_gold_ingot": "2024-08-22 20:53:57 +0000"
    },
    "done": true
  },
  "minecraft:recipes/misc/yellow_dye_from_dandelion": {
    "criteria": {
      "has_dandelion": "2024-08-22 20:44:03 +0000"
    },
    "done": true
  },
  "refurbished_furniture:recipes/misc/constructing/birch_storage_cabinet": {
    "criteria": {
      "has_minecraft:iron_ingot": "2024-08-22 20:53:29 +0000"
    },
    "done": true
  },
  "refurbished_furniture:recipes/misc/constructing/light_microwave": {
    "criteria": {
      "has_minecraft:iron_ingot": "2024-08-22 20:53:29 +0000"
    },
    "done": true
  },
  "minecraft:recipes/transportation/mangrove_chest_boat": {
    "criteria": {
      "has_boat": "2024-08-22 21:00:07 +0000"
    },
    "done": true
  },
  "refurbished_furniture:recipes/misc/constructing/cyan_grill": {
    "criteria": {
      "has_minecraft:iron_ingot": "2024-08-22 20:53:29 +0000"
    },
    "done": true
  },
  "minecraft:recipes/redstone/tripwire_hook": {
    "criteria": {
      "has_string": "2024-08-22 20:57:05 +0000"
    },
    "done": true
  },
  "refurbished_furniture:recipes/misc/slicing/magenta_dye_from_allium": {
    "criteria": {
      "has_allium": "2024-08-22 21:38:00 +0000"
    },
    "done": true
  },
  "doggytalents:recipes/tools/magnifying_bone": {
    "criteria": {
      "has_gold_ingot": "2024-08-22 20:53:57 +0000"
    },
    "done": true
  },
  "refurbished_furniture:recipes/misc/constructing/dark_oak_bath": {
    "criteria": {
      "has_minecraft:iron_ingot": "2024-08-22 20:53:29 +0000"
    },
    "done": true
  },
  "travelersbackpack:recipes/misc/emerald": {
    "criteria": {
      "has_emerald": "2024-08-22 20:53:30 +0000"
    },
    "done": true
  },
  "travelersbackpack:recipes/misc/spider": {
    "criteria": {
      "has_string": "2024-08-22 20:57:05 +0000"
    },
    "done": true
  },
  "refurbished_furniture:recipes/misc/constructing/oak_lattice_fence_gate": {
    "criteria": {
      "has_minecraft:stick": "2024-08-22 20:22:31 +0000"
    },
    "done": true
  },
  "minecraft:recipes/building_blocks/stone": {
    "criteria": {
      "has_cobblestone": "2024-08-22 20:25:01 +0000"
    },
    "done": true
  },
  "refurbished_furniture:recipes/misc/constructing/birch_toilet": {
    "criteria": {
      "has_minecraft:iron_ingot": "2024-08-22 20:53:29 +0000"
    },
    "done": true
  },
  "minecraft:recipes/transportation/bamboo_raft": {
    "criteria": {
      "in_water": "2024-08-22 20:57:39 +0000"
    },
    "done": true
  },
  "refurbished_furniture:recipes/misc/constructing/acacia_light_ceiling_fan": {
    "criteria": {
      "has_minecraft:iron_ingot": "2024-08-22 20:53:29 +0000"
    },
    "done": true
  },
  "refurbished_furniture:recipes/misc/constructing/light_blue_trampoline": {
    "criteria": {
      "has_minecraft:iron_ingot": "2024-08-22 20:53:29 +0000"
    },
    "done": true
  },
  "minecraft:recipes/decorations/smithing_table": {
    "criteria": {
      "has_iron_ingot": "2024-08-22 20:53:29 +0000"
    },
    "done": true
  },
  "refurbished_furniture:recipes/misc/constructing/crimson_basin": {
    "criteria": {
      "has_minecraft:iron_ingot": "2024-08-22 20:53:29 +0000"
    },
    "done": true
  },
  "refurbished_furniture:recipes/misc/constructing/crimson_bath": {
    "criteria": {
      "has_minecraft:iron_ingot": "2024-08-22 20:53:29 +0000"
    },
    "done": true
  },
  "handcrafted:recipes/misc/oak_drawer": {
    "criteria": {
      "has_oak_drawer": "2024-08-22 20:27:56 +0000"
    },
    "done": true
  },
  "doggytalents:recipes/decorations/wig": {
    "criteria": {
      "has_string": "2024-08-22 20:57:05 +0000"
    },
    "done": true
  },
  "refurbished_furniture:recipes/misc/constructing/black_trampoline": {
    "criteria": {
      "has_minecraft:iron_ingot": "2024-08-22 20:53:29 +0000"
    },
    "done": true
  },
  "refurbished_furniture:recipes/misc/constructing/blue_bath": {
    "criteria": {
      "has_minecraft:blue_dye": "2024-08-22 20:44:40 +0000"
    },
    "done": true
  },
  "refurbished_furniture:recipes/decorations/blue_kitchen_storage_cabinet_from_dyeing": {
    "criteria": {
      "has_dye": "2024-08-22 20:44:40 +0000"
    },
    "done": true
  },
  "travelersbackpack:recipes/building_blocks/dye_blue_sleeping_bag": {
    "criteria": {
      "has_needed_dye": "2024-08-22 20:44:40 +0000"
    },
    "done": true
  },
  "minecraft:recipes/misc/writable_book": {
    "criteria": {
      "has_book": "2024-08-22 20:54:10 +0000"
    },
    "done": true
  },
  "minecraft:recipes/decorations/candle": {
    "criteria": {
      "has_string": "2024-08-22 20:57:05 +0000"
    },
    "done": true
  },
  "refurbished_furniture:recipes/misc/constructing/light_stove": {
    "criteria": {
      "has_minecraft:iron_ingot": "2024-08-22 20:53:29 +0000"
    },
    "done": true
  },
  "advancednetherite:recipes/misc/netherite_emerald_ingot": {
    "criteria": {
      "has_minecraft:emerald": "2024-08-22 20:53:30 +0000"
    },
    "done": true
  },
  "minecraft:recipes/food/bread": {
    "criteria": {
      "has_wheat": "2024-08-22 20:44:01 +0000"
    },
    "done": true
  },
  "refurbished_furniture:recipes/misc/constructing/blue_kitchen_drawer": {
    "criteria": {
      "has_minecraft:blue_dye": "2024-08-22 20:44:40 +0000"
    },
    "done": true
  },
  "refurbished_furniture:recipes/misc/constructing/oak_drawer": {
    "criteria": {
      "has_minecraft:oak_planks": "2024-08-22 20:27:56 +0000"
    },
    "done": true
  },
  "minecraft:recipes/transportation/spruce_boat": {
    "criteria": {
      "in_water": "2024-08-22 20:57:39 +0000"
    },
    "done": true
  },
  "doggytalents:recipes/decorations/wool_collar_thicc": {
    "criteria": {
      "has_string": "2024-08-22 20:57:05 +0000"
    },
    "done": true
  },
  "refurbished_furniture:recipes/misc/constructing/blue_toilet": {
    "criteria": {
      "has_minecraft:blue_dye": "2024-08-22 20:44:40 +0000"
    },
    "done": true
  },
  "doggytalents:recipes/tools/canine_tracker": {
    "criteria": {
      "has_gold_ingot": "2024-08-22 20:53:57 +0000"
    },
    "done": true
  },
  "handcrafted:recipes/misc/blue_bowl": {
    "criteria": {
      "has_blue_bowl": "2024-08-22 20:44:40 +0000"
    },
    "done": true
  },
  "refurbished_furniture:recipes/misc/knife": {
    "criteria": {
      "has_iron_ingot": "2024-08-22 20:53:29 +0000"
    },
    "done": true
  },
  "minecraft:recipes/decorations/oak_hanging_sign": {
    "criteria": {
      "has_stripped_logs": "2024-08-22 21:09:15 +0000"
    },
    "done": true
  },
  "minecraft:recipes/building_blocks/hay_block": {
    "criteria": {
      "has_wheat": "2024-08-22 20:44:01 +0000"
    },
    "done": true
  },
  "minecraft:recipes/misc/leather_horse_armor": {
    "criteria": {
      "has_leather": "2024-08-22 20:54:25 +0000"
    },
    "done": true
  },
  "refurbished_furniture:recipes/misc/constructing/birch_lattice_fence": {
    "criteria": {
      "has_minecraft:stick": "2024-08-22 20:22:31 +0000"
    },
    "done": true
  },
  "minecraft:recipes/transportation/oak_chest_boat": {
    "criteria": {
      "has_boat": "2024-08-22 21:00:07 +0000"
    },
    "done": true
  },
  "refurbished_furniture:recipes/misc/constructing/door_mat": {
    "criteria": {
      "has_minecraft:wheat": "2024-08-22 20:44:01 +0000"
    },
    "done": true
  },
  "minecraft:recipes/redstone/target": {
    "criteria": {
      "has_hay_block": "2024-08-22 20:43:38 +0000"
    },
    "done": true
  },
  "minecraft:husbandry/root": {
    "criteria": {
      "consumed_item": "2024-08-22 20:44:12 +0000"
    },
    "done": true
  },
  "minecraft:recipes/transportation/birch_boat": {
    "criteria": {
      "in_water": "2024-08-22 20:57:40 +0000"
    },
    "done": true
  },
  "minecraft:recipes/transportation/cherry_chest_boat": {
    "criteria": {
      "has_boat": "2024-08-22 21:00:07 +0000"
    },
    "done": true
  },
  "minecraft:recipes/transportation/birch_chest_boat": {
    "criteria": {
      "has_boat": "2024-08-22 21:00:07 +0000"
    },
    "done": true
  },
  "refurbished_furniture:recipes/misc/constructing/warped_basin": {
    "criteria": {
      "has_minecraft:iron_ingot": "2024-08-22 20:53:29 +0000"
    },
    "done": true
  },
  "minecraft:recipes/transportation/oak_boat": {
    "criteria": {
      "in_water": "2024-08-22 20:57:39 +0000"
    },
    "done": true
  },
  "refurbished_furniture:recipes/misc/constructing/doorbell": {
    "criteria": {
      "has_minecraft:iron_ingot": "2024-08-22 20:53:29 +0000"
    },
    "done": true
  },
  "refurbished_furniture:recipes/misc/constructing/light_lightswitch": {
    "criteria": {
      "has_minecraft:iron_ingot": "2024-08-22 20:53:29 +0000"
    },
    "done": true
  },
  "minecraft:recipes/misc/paper": {
    "criteria": {
      "has_reeds": "2024-08-22 20:57:39 +0000"
    },
    "done": true
  },
  "minecraft:recipes/building_blocks/coal_block": {
    "criteria": {
      "has_coal": "2024-08-22 20:26:11 +0000"
    },
    "done": true
  },
  "minecraft:recipes/redstone/light_weighted_pressure_plate": {
    "criteria": {
      "has_gold_ingot": "2024-08-22 20:53:57 +0000"
    },
    "done": true
  },
  "refurbished_furniture:recipes/misc/constructing/cherry_lattice_fence": {
    "criteria": {
      "has_minecraft:stick": "2024-08-22 20:22:31 +0000"
    },
    "done": true
  },
  "refurbished_furniture:recipes/misc/constructing/mangrove_toilet": {
    "criteria": {
      "has_minecraft:iron_ingot": "2024-08-22 20:53:29 +0000"
    },
    "done": true
  },
  "refurbished_furniture:recipes/misc/slicing/yellow_dye_from_dandelion": {
    "criteria": {
      "has_dandelion": "2024-08-22 20:44:03 +0000"
    },
    "done": true
  },
  "handcrafted:recipes/misc/oak_couch": {
    "criteria": {
      "has_oak_couch": "2024-08-22 20:27:56 +0000"
    },
    "done": true
  },
  "doggytalents:recipes/decorations/locator_orb_shin": {
    "criteria": {
      "has_string": "2024-08-22 20:57:05 +0000"
    },
    "done": true
  },
  "refurbished_furniture:recipes/misc/constructing/warped_storage_cabinet": {
    "criteria": {
      "has_minecraft:iron_ingot": "2024-08-22 20:53:29 +0000"
    },
    "done": true
  },
  "refurbished_furniture:recipes/misc/constructing/red_trampoline": {
    "criteria": {
      "has_minecraft:iron_ingot": "2024-08-22 20:53:29 +0000"
    },
    "done": true
  },
  "travelersbackpack:recipes/misc/horse": {
    "criteria": {
      "has_leather": "2024-08-22 20:54:25 +0000"
    },
    "done": true
  },
  "refurbished_furniture:recipes/misc/constructing/oak_chair": {
    "criteria": {
      "has_minecraft:oak_planks": "2024-08-22 20:27:56 +0000"
    },
    "done": true
  },
  "minecraft:recipes/redstone/oak_button": {
    "criteria": {
      "has_planks": "2024-08-22 20:27:56 +0000"
    },
    "done": true
  },
  "minecraft:recipes/misc/magenta_dye_from_allium": {
    "criteria": {
      "has_allium": "2024-08-22 21:38:00 +0000"
    },
    "done": true
  },
  "handcrafted:recipes/misc/oak_shelf": {
    "criteria": {
      "has_oak_shelf": "2024-08-22 20:27:56 +0000"
    },
    "done": true
  },
  "refurbished_furniture:recipes/misc/constructing/blue_trampoline": {
    "criteria": {
      "has_minecraft:blue_dye": "2024-08-22 20:44:40 +0000"
    },
    "done": true
  },
  "refurbished_furniture:recipes/food/dough": {
    "criteria": {
      "has_water": "2024-08-22 21:28:09 +0000"
    },
    "done": true
  },
  "handcrafted:recipes/misc/oak_pillar_trim": {
    "criteria": {
      "has_oak_pillar_trim": "2024-08-22 20:27:56 +0000"
    },
    "done": true
  },
  "doggytalents:recipes/tools/treat_bag": {
    "criteria": {
      "has_leather": "2024-08-22 20:54:25 +0000"
    },
    "done": true
  },
  "refurbished_furniture:recipes/misc/constructing/warped_light_ceiling_fan": {
    "criteria": {
      "has_minecraft:iron_ingot": "2024-08-22 20:53:29 +0000"
    },
    "done": true
  },
  "minecraft:recipes/combat/iron_sword": {
    "criteria": {
      "has_iron_ingot": "2024-08-22 20:53:29 +0000"
    },
    "done": true
  },
  "minecraft:recipes/misc/light_gray_dye_from_white_tulip": {
    "criteria": {
      "has_white_tulip": "2024-08-22 20:41:08 +0000"
    },
    "done": true
  },
  "minecraft:recipes/tools/iron_pickaxe": {
    "criteria": {
      "has_iron_ingot": "2024-08-22 20:53:29 +0000"
    },
    "done": true
  },
  "refurbished_furniture:recipes/misc/slicing/light_gray_dye_from_azure_bluet": {
    "criteria": {
      "has_azure_bluet": "2024-08-22 21:38:02 +0000"
    },
    "done": true
  },
  "doggytalents:recipes/tools/empty_locator_orb": {
    "criteria": {
      "has_string": "2024-08-22 20:57:05 +0000"
    },
    "done": true
  },
  "minecraft:recipes/transportation/mangrove_boat": {
    "criteria": {
      "in_water": "2024-08-22 20:57:39 +0000"
    },
    "done": true
  },
  "minecraft:recipes/decorations/torch": {
    "criteria": {
      "has_stone_pickaxe": "2024-08-22 20:25:57 +0000"
    },
    "done": true
  },
  "doggytalents:recipes/decorations/tantan_cape": {
    "criteria": {
      "has_leather": "2024-08-22 20:54:25 +0000"
    },
    "done": true
  },
  "handcrafted:recipes/misc/oak_chair": {
    "criteria": {
      "has_oak_chair": "2024-08-22 20:27:56 +0000"
    },
    "done": true
  },
  "doggytalents:recipes/decorations/bach_wig": {
    "criteria": {
      "has_string": "2024-08-22 20:57:05 +0000"
    },
    "done": true
  },
  "minecraft:recipes/combat/shield": {
    "criteria": {
      "has_iron_ingot": "2024-08-22 20:53:29 +0000"
    },
    "done": true
  },
  "refurbished_furniture:recipes/misc/wrench": {
    "criteria": {
      "has_iron_ingot": "2024-08-22 20:53:29 +0000"
    },
    "done": true
  },
  "refurbished_furniture:recipes/decorations/blue_kitchen_drawer_from_dyeing": {
    "criteria": {
      "has_dye": "2024-08-22 20:44:40 +0000"
    },
    "done": true
  },
  "minecraft:recipes/redstone/hopper": {
    "criteria": {
      "has_iron_ingot": "2024-08-22 20:53:29 +0000"
    },
    "done": true
  },
  "doggytalents:recipes/decorations/baker_hat": {
    "criteria": {
      "has_bread": "2024-08-22 20:44:04 +0000"
    },
    "done": true
  },
  "travelersbackpack:recipes/misc/iron": {
    "criteria": {
      "has_iron_ingot": "2024-08-22 20:53:29 +0000"
    },
    "done": true
  },
  "minecraft:recipes/decorations/iron_bars": {
    "criteria": {
      "has_iron_ingot": "2024-08-22 20:53:29 +0000"
    },
    "done": true
  },
  "minecraft:recipes/building_blocks/dye_blue_wool": {
    "criteria": {
      "has_needed_dye": "2024-08-22 20:44:40 +0000"
    },
    "done": true
  },
  "refurbished_furniture:recipes/decorations/blue_stool_from_dyeing": {
    "criteria": {
      "has_dye": "2024-08-22 20:44:40 +0000"
    },
    "done": true
  },
  "refurbished_furniture:recipes/misc/constructing/warped_bath": {
    "criteria": {
      "has_minecraft:iron_ingot": "2024-08-22 20:53:29 +0000"
    },
    "done": true
  },
  "refurbished_furniture:recipes/misc/constructing/green_grill": {
    "criteria": {
      "has_minecraft:iron_ingot": "2024-08-22 20:53:29 +0000"
    },
    "done": true
  },
  "refurbished_furniture:recipes/misc/constructing/brown_grill": {
    "criteria": {
      "has_minecraft:iron_ingot": "2024-08-22 20:53:29 +0000"
    },
    "done": true
  },
  "minecraft:recipes/transportation/dark_oak_chest_boat": {
    "criteria": {
      "has_boat": "2024-08-22 21:00:07 +0000"
    },
    "done": true
  },
  "minecraft:recipes/misc/light_gray_dye_from_azure_bluet": {
    "criteria": {
      "has_azure_bluet": "2024-08-22 21:38:02 +0000"
    },
    "done": true
  },
  "refurbished_furniture:recipes/misc/constructing/acacia_basin": {
    "criteria": {
      "has_minecraft:iron_ingot": "2024-08-22 20:53:29 +0000"
    },
    "done": true
  },
  "minecraft:recipes/misc/light_blue_dye_from_blue_white_dye": {
    "criteria": {
      "has_blue_dye": "2024-08-22 20:44:40 +0000"
    },
    "done": true
  },
  "minecraft:recipes/building_blocks/oak_slab": {
    "criteria": {
      "has_planks": "2024-08-22 20:27:56 +0000"
    },
    "done": true
  },
  "doggytalents:recipes/decorations/tengu_mask": {
    "criteria": {
      "has_string": "2024-08-22 20:57:05 +0000"
    },
    "done": true
  },
  "refurbished_furniture:recipes/misc/constructing/purple_grill": {
    "criteria": {
      "has_minecraft:iron_ingot": "2024-08-22 20:53:29 +0000"
    },
    "done": true
  },
  "refurbished_furniture:recipes/misc/constructing/television": {
    "criteria": {
      "has_minecraft:iron_ingot": "2024-08-22 20:53:29 +0000"
    },
    "done": true
  },
  "refurbished_furniture:recipes/misc/constructing/blue_kitchen_storage_cabinet": {
    "criteria": {
      "has_minecraft:blue_dye": "2024-08-22 20:44:40 +0000"
    },
    "done": true
  },
  "travelersbackpack:recipes/misc/iron_tier_upgrade": {
    "criteria": {
      "has_iron_ingot": "2024-08-22 20:53:29 +0000"
    },
    "done": true
  },
  "refurbished_furniture:recipes/misc/constructing/warped_lattice_fence_gate": {
    "criteria": {
      "has_minecraft:stick": "2024-08-22 20:22:31 +0000"
    },
    "done": true
  },
  "refurbished_furniture:recipes/decorations/blue_trampoline_from_dyeing": {
    "criteria": {
      "has_dye": "2024-08-22 20:44:40 +0000"
    },
    "done": true
  },
  "refurbished_furniture:recipes/misc/constructing/acacia_storage_cabinet": {
    "criteria": {
      "has_minecraft:iron_ingot": "2024-08-22 20:53:29 +0000"
    },
    "done": true
  },
  "minecraft:recipes/transportation/bamboo_chest_raft": {
    "criteria": {
      "has_boat": "2024-08-22 21:00:07 +0000"
    },
    "done": true
  },
  "refurbished_furniture:recipes/misc/constructing/blue_kitchen_cabinetry": {
    "criteria": {
      "has_minecraft:blue_dye": "2024-08-22 20:44:40 +0000"
    },
    "done": true
  },
  "refurbished_furniture:recipes/misc/constructing/jungle_basin": {
    "criteria": {
      "has_minecraft:iron_ingot": "2024-08-22 20:53:29 +0000"
    },
    "done": true
  },
  "minecraft:recipes/combat/iron_boots": {
    "criteria": {
      "has_iron_ingot": "2024-08-22 20:53:29 +0000"
    },
    "done": true
  },
  "travelersbackpack:recipes/misc/hose_nozzle": {
    "criteria": {
      "has_iron": "2024-08-22 20:53:29 +0000"
    },
    "done": true
  },
  "refurbished_furniture:recipes/misc/constructing/pink_trampoline": {
    "criteria": {
      "has_minecraft:iron_ingot": "2024-08-22 20:53:29 +0000"
    },
    "done": true
  },
  "minecraft:recipes/building_blocks/dye_blue_carpet": {
    "criteria": {
      "has_needed_dye": "2024-08-22 20:44:40 +0000"
    },
    "done": true
  },
  "minecraft:recipes/misc/iron_ingot_from_smelting_raw_iron": {
    "criteria": {
      "has_raw_iron": "2024-08-22 21:25:54 +0000"
    },
    "done": true
  },
  "minecraft:recipes/tools/stone_pickaxe": {
    "criteria": {
      "has_cobblestone": "2024-08-22 20:25:01 +0000"
    },
    "done": true
  },
  "minecraft:recipes/misc/purple_dye": {
    "criteria": {
      "has_blue_dye": "2024-08-22 20:44:40 +0000"
    },
    "done": true
  },
  "refurbished_furniture:recipes/misc/constructing/frying_pan": {
    "criteria": {
      "has_minecraft:iron_ingot": "2024-08-22 20:53:29 +0000"
    },
    "done": true
  },
  "minecraft:recipes/decorations/lantern": {
    "criteria": {
      "has_iron_nugget": "2024-08-22 20:53:26 +0000"
    },
    "done": true
  },
  "minecraft:recipes/misc/white_dye_from_lily_of_the_valley": {
    "criteria": {
      "has_lily_of_the_valley": "2024-08-22 21:16:23 +0000"
    },
    "done": true
  },
  "minecraft:recipes/decorations/campfire": {
    "criteria": {
      "has_stick": "2024-08-22 20:22:31 +0000"
    },
    "done": true
  },
  "refurbished_furniture:recipes/misc/constructing/dark_oak_lattice_fence": {
    "criteria": {
      "has_minecraft:stick": "2024-08-22 20:22:31 +0000"
    },
    "done": true
  },
  "refurbished_furniture:recipes/misc/constructing/jungle_storage_cabinet": {
    "criteria": {
      "has_minecraft:iron_ingot": "2024-08-22 20:53:29 +0000"
    },
    "done": true
  },
  "minecraft:recipes/misc/sugar_from_sugar_cane": {
    "criteria": {
      "has_sugar_cane": "2024-08-22 20:57:39 +0000"
    },
    "done": true
  },
  "minecraft:recipes/tools/wooden_hoe": {
    "criteria": {
      "has_stick": "2024-08-22 20:22:31 +0000"
    },
    "done": true
  },
  "handcrafted:recipes/misc/oak_dining_bench": {
    "criteria": {
      "has_oak_dining_bench": "2024-08-22 20:27:56 +0000"
    },
    "done": true
  },
  "refurbished_furniture:recipes/misc/constructing/oak_lattice_fence": {
    "criteria": {
      "has_minecraft:stick": "2024-08-22 20:22:31 +0000"
    },
    "done": true
  },
  "minecraft:recipes/redstone/oak_fence_gate": {
    "criteria": {
      "has_planks": "2024-08-22 20:27:56 +0000"
    },
    "done": true
  },
  "handcrafted:recipes/misc/oak_desk": {
    "criteria": {
      "has_oak_desk": "2024-08-22 20:27:56 +0000"
    },
    "done": true
  },
  "doggytalents:recipes/decorations/locator_orb_jin": {
    "criteria": {
      "has_string": "2024-08-22 20:57:05 +0000"
    },
    "done": true
  },
  "minecraft:recipes/tools/wooden_pickaxe": {
    "criteria": {
      "has_stick": "2024-08-22 20:22:31 +0000"
    },
    "done": true
  },
  "minecraft:recipes/tools/iron_shovel": {
    "criteria": {
      "has_iron_ingot": "2024-08-22 20:53:29 +0000"
    },
    "done": true
  },
  "refurbished_furniture:recipes/misc/constructing/acacia_lattice_fence": {
    "criteria": {
      "has_minecraft:stick": "2024-08-22 20:22:31 +0000"
    },
    "done": true
  },
  "handcrafted:recipes/misc/bench": {
    "criteria": {
      "has_bench": "2024-08-22 20:53:29 +0000"
    },
    "done": true
  },
  "minecraft:recipes/decorations/item_frame": {
    "criteria": {
      "has_leather": "2024-08-22 20:54:25 +0000"
    },
    "done": true
  },
  "minecraft:recipes/food/baked_potato_from_smoking": {
    "criteria": {
      "has_potato": "2024-08-22 20:53:10 +0000"
    },
    "done": true
  },
  "doggytalents:recipes/decorations/wool_collar": {
    "criteria": {
      "has_string": "2024-08-22 20:57:05 +0000"
    },
    "done": true
  },
  "minecraft:story/upgrade_tools": {
    "criteria": {
      "stone_pickaxe": "2024-08-22 20:25:57 +0000"
    },
    "done": true
  },
  "doggytalents:recipes/misc/gender_bone": {
    "criteria": {
      "has_string": "2024-08-22 20:57:05 +0000"
    },
    "done": true
  },
  "refurbished_furniture:recipes/misc/constructing/white_trampoline": {
    "criteria": {
      "has_minecraft:iron_ingot": "2024-08-22 20:53:29 +0000"
    },
    "done": true
  },
  "refurbished_furniture:recipes/misc/constructing/oak_kitchen_storage_cabinet": {
    "criteria": {
      "has_minecraft:oak_planks": "2024-08-22 20:27:56 +0000"
    },
    "done": true
  },
  "advancednetherite:recipes/misc/netherite_gold_ingot": {
    "criteria": {
      "has_minecraft:gold_ingot": "2024-08-22 20:53:57 +0000"
    },
    "done": true
  },
  "refurbished_furniture:recipes/misc/constructing/jungle_light_ceiling_fan": {
    "criteria": {
      "has_minecraft:iron_ingot": "2024-08-22 20:53:29 +0000"
    },
    "done": true
  },
  "minecraft:recipes/redstone/oak_pressure_plate": {
    "criteria": {
      "has_planks": "2024-08-22 20:27:56 +0000"
    },
    "done": true
  },
  "refurbished_furniture:recipes/misc/constructing/oak_kitchen_cabinetry": {
    "criteria": {
      "has_minecraft:oak_planks": "2024-08-22 20:27:56 +0000"
    },
    "done": true
  },
  "refurbished_furniture:recipes/misc/constructing/orange_grill": {
    "criteria": {
      "has_minecraft:iron_ingot": "2024-08-22 20:53:29 +0000"
    },
    "done": true
  },
  "refurbished_furniture:recipes/misc/slicing/orange_dye_from_orange_tulip": {
    "criteria": {
      "has_orange_tulip": "2024-08-22 21:17:26 +0000"
    },
    "done": true
  },
  "doggytalents:recipes/decorations/kitsune_mask": {
    "criteria": {
      "has_string": "2024-08-22 20:57:05 +0000"
    },
    "done": true
  },
  "refurbished_furniture:recipes/misc/constructing/mangrove_lattice_fence": {
    "criteria": {
      "has_minecraft:stick": "2024-08-22 20:22:31 +0000"
    },
    "done": true
  },
  "refurbished_furniture:recipes/misc/constructing/cherry_lattice_fence_gate": {
    "criteria": {
      "has_minecraft:stick": "2024-08-22 20:22:31 +0000"
    },
    "done": true
  },
  "refurbished_furniture:recipes/misc/constructing/blue_grill": {
    "criteria": {
      "has_minecraft:blue_dye": "2024-08-22 20:44:40 +0000"
    },
    "done": true
  },
  "minecraft:recipes/redstone/oak_door": {
    "criteria": {
      "has_planks": "2024-08-22 20:27:56 +0000"
    },
    "done": true
  },
  "refurbished_furniture:recipes/misc/constructing/oak_desk": {
    "criteria": {
      "has_minecraft:oak_planks": "2024-08-22 20:27:56 +0000"
    },
    "done": true
  },
  "handcrafted:recipes/misc/blue_crockery_combo": {
    "criteria": {
      "has_blue_crockery_combo": "2024-08-22 20:44:40 +0000"
    },
    "done": true
  },
  "minecraft:recipes/combat/golden_sword": {
    "criteria": {
      "has_gold_ingot": "2024-08-22 20:53:57 +0000"
    },
    "done": true
  },
  "minecraft:recipes/tools/wooden_shovel": {
    "criteria": {
      "has_stick": "2024-08-22 20:22:31 +0000"
    },
    "done": true
  },
  "refurbished_furniture:recipes/misc/constructing/light_range_hood": {
    "criteria": {
      "has_minecraft:iron_ingot": "2024-08-22 20:53:29 +0000"
    },
    "done": true
  },
  "refurbished_furniture:recipes/misc/constructing/mangrove_light_ceiling_fan": {
    "criteria": {
      "has_minecraft:iron_ingot": "2024-08-22 20:53:29 +0000"
    },
    "done": true
  },
  "handcrafted:recipes/misc/oak_cupboard": {
    "criteria": {
      "has_oak_cupboard": "2024-08-22 20:27:56 +0000"
    },
    "done": true
  },
  "minecraft:recipes/building_blocks/cobblestone_slab": {
    "criteria": {
      "has_cobblestone": "2024-08-22 20:25:01 +0000"
    },
    "done": true
  },
  "minecraft:recipes/building_blocks/gold_block": {
    "criteria": {
      "has_gold_ingot": "2024-08-22 20:53:57 +0000"
    },
    "done": true
  },
  "minecraft:recipes/brewing/cauldron": {
    "criteria": {
      "has_water_bucket": "2024-08-22 21:28:09 +0000"
    },
    "done": true
  },
  "minecraft:recipes/transportation/acacia_boat": {
    "criteria": {
      "in_water": "2024-08-22 20:57:39 +0000"
    },
    "done": true
  },
  "minecraft:recipes/redstone/iron_trapdoor": {
    "criteria": {
      "has_iron_ingot": "2024-08-22 20:53:29 +0000"
    },
    "done": true
  },
  "refurbished_furniture:recipes/misc/constructing/oak_storage_cabinet": {
    "criteria": {
      "has_minecraft:oak_planks": "2024-08-22 20:27:56 +0000"
    },
    "done": true
  },
  "minecraft:adventure/root": {
    "criteria": {
      "killed_by_something": "2024-08-22 20:22:49 +0000"
    },
    "done": true
  },
  "minecraft:recipes/building_blocks/white_wool_from_string": {
    "criteria": {
      "has_string": "2024-08-22 20:57:05 +0000"
    },
    "done": true
  },
  "refurbished_furniture:recipes/misc/constructing/cherry_toilet": {
    "criteria": {
      "has_minecraft:iron_ingot": "2024-08-22 20:53:29 +0000"
    },
    "done": true
  },
  "doggytalents:recipes/decorations/locator_orb_chu": {
    "criteria": {
      "has_string": "2024-08-22 20:57:05 +0000"
    },
    "done": true
  },
  "minecraft:recipes/misc/iron_ingot_from_blasting_raw_iron": {
    "criteria": {
      "has_raw_iron": "2024-08-22 21:25:54 +0000"
    },
    "done": true
  },
  "doggytalents:recipes/decorations/locator_orb_chi": {
    "criteria": {
      "has_string": "2024-08-22 20:57:05 +0000"
    },
    "done": true
  },
  "handcrafted:recipes/misc/stackable_book": {
    "criteria": {
      "has_stackable_book": "2024-08-22 20:54:10 +0000"
    },
    "done": true
  },
  "refurbished_furniture:recipes/misc/constructing/acacia_lattice_fence_gate": {
    "criteria": {
      "has_minecraft:stick": "2024-08-22 20:22:31 +0000"
    },
    "done": true
  },
  "minecraft:recipes/combat/wooden_sword": {
    "criteria": {
      "has_stick": "2024-08-22 20:22:31 +0000"
    },
    "done": true
  },
  "minecraft:recipes/building_blocks/oak_planks": {
    "criteria": {
      "has_logs": "2024-08-22 20:49:15 +0000"
    },
    "done": true
  },
  "handcrafted:recipes/misc/oak_side_table": {
    "criteria": {
      "has_oak_side_table": "2024-08-22 20:27:56 +0000"
    },
    "done": true
  },
  "doggytalents:recipes/decorations/hot_dog": {
    "criteria": {
      "has_bread": "2024-08-22 20:44:04 +0000"
    },
    "done": true
  },
  "minecraft:recipes/building_blocks/dye_blue_bed": {
    "criteria": {
      "has_needed_dye": "2024-08-22 20:44:40 +0000"
    },
    "done": true
  },
  "minecraft:recipes/tools/iron_axe": {
    "criteria": {
      "has_iron_ingot": "2024-08-22 20:53:29 +0000"
    },
    "done": true
  },
  "minecraft:recipes/combat/crossbow": {
    "criteria": {
      "has_iron_ingot": "2024-08-22 20:53:29 +0000"
    },
    "done": true
  },
  "minecraft:adventure/kill_a_mob": {
    "criteria": {
      "minecraft:zombie": "2024-08-22 20:26:46 +0000"
    },
    "done": true
  },
  "refurbished_furniture:recipes/misc/constructing/oak_storage_jar": {
    "criteria": {
      "has_minecraft:oak_planks": "2024-08-22 20:27:56 +0000"
    },
    "done": true
  },
  "doggytalents:recipes/decorations/locator_orb_tei": {
    "criteria": {
      "has_string": "2024-08-22 20:57:05 +0000"
    },
    "done": true
  },
  "minecraft:adventure/adventuring_time": {
    "criteria": {
      "minecraft:cold_ocean": "2024-08-22 21:02:43 +0000",
      "minecraft:beach": "2024-08-22 21:01:35 +0000",
      "minecraft:taiga": "2024-08-22 20:52:40 +0000",
      "minecraft:river": "2024-08-22 20:52:50 +0000",
      "minecraft:windswept_hills": "2024-08-22 20:52:34 +0000",
      "minecraft:old_growth_spruce_taiga": "2024-08-22 21:02:55 +0000"
    },
    "done": false
  },
  "refurbished_furniture:recipes/misc/constructing/oak_table": {
    "criteria": {
      "has_minecraft:oak_planks": "2024-08-22 20:27:56 +0000"
    },
    "done": true
  },
  "refurbished_furniture:recipes/misc/slicing/white_dye_from_lily_of_the_valley": {
    "criteria": {
      "has_lily_of_the_valley": "2024-08-22 21:16:23 +0000"
    },
    "done": true
  },
  "refurbished_furniture:recipes/misc/constructing/oak_cutting_board": {
    "criteria": {
      "has_minecraft:oak_planks": "2024-08-22 20:27:56 +0000"
    },
    "done": true
  },
  "minecraft:recipes/combat/leather_boots": {
    "criteria": {
      "has_leather": "2024-08-22 20:54:25 +0000"
    },
    "done": true
  },
  "handcrafted:recipes/misc/blue_cup": {
    "criteria": {
      "has_blue_cup": "2024-08-22 20:44:40 +0000"
    },
    "done": true
  },
  "minecraft:recipes/decorations/cobblestone_wall_from_cobblestone_stonecutting": {
    "criteria": {
      "has_cobblestone": "2024-08-22 20:25:01 +0000"
    },
    "done": true
  },
  "travelersbackpack:recipes/misc/gold_tier_upgrade": {
    "criteria": {
      "has_gold_ingot": "2024-08-22 20:53:57 +0000"
    },
    "done": true
  },
  "minecraft:recipes/misc/orange_dye_from_orange_tulip": {
    "criteria": {
      "has_orange_tulip": "2024-08-22 21:17:26 +0000"
    },
    "done": true
  },
  "minecraft:recipes/building_blocks/stripped_oak_wood": {
    "criteria": {
      "has_log": "2024-08-22 21:09:15 +0000"
    },
    "done": true
  },
  "doggytalents:recipes/decorations/cape_coloured": {
    "criteria": {
      "has_leather": "2024-08-22 20:54:25 +0000"
    },
    "done": true
  },
  "minecraft:recipes/building_blocks/cobblestone_stairs_from_cobblestone_stonecutting": {
    "criteria": {
      "has_cobblestone": "2024-08-22 20:25:01 +0000"
    },
    "done": true
  },
  "minecraft:recipes/misc/wheat": {
    "criteria": {
      "has_hay_block": "2024-08-22 20:43:38 +0000"
    },
    "done": true
  },
  "travelersbackpack:recipes/misc/bookshelf": {
    "criteria": {
      "has_book": "2024-08-22 20:54:10 +0000"
    },
    "done": true
  },
  "minecraft:recipes/tools/golden_hoe": {
    "criteria": {
      "has_gold_ingot": "2024-08-22 20:53:57 +0000"
    },
    "done": true
  },
  "refurbished_furniture:recipes/misc/constructing/light_gray_grill": {
    "criteria": {
      "has_minecraft:iron_ingot": "2024-08-22 20:53:29 +0000"
    },
    "done": true
  },
  "refurbished_furniture:recipes/misc/constructing/yellow_grill": {
    "criteria": {
      "has_minecraft:iron_ingot": "2024-08-22 20:53:29 +0000"
    },
    "done": true
  },
  "minecraft:recipes/misc/firework_rocket_simple": {
    "criteria": {
      "has_gunpowder": "2024-08-22 22:09:43 +0000"
    },
    "done": true
  },
  "minecraft:husbandry/balanced_diet": {
    "criteria": {
      "bread": "2024-08-22 20:44:12 +0000"
    },
    "done": false
  },
  "minecraft:recipes/building_blocks/cobblestone_stairs": {
    "criteria": {
      "has_cobblestone": "2024-08-22 20:25:01 +0000"
    },
    "done": true
  },
  "refurbished_furniture:recipes/decorations/blue_kitchen_sink_from_dyeing": {
    "criteria": {
      "has_dye": "2024-08-22 20:44:40 +0000"
    },
    "done": true
  },
  "refurbished_furniture:recipes/misc/constructing/jungle_toilet": {
    "criteria": {
      "has_minecraft:iron_ingot": "2024-08-22 20:53:29 +0000"
    },
    "done": true
  },
  "refurbished_furniture:recipes/misc/constructing/light_blue_grill": {
    "criteria": {
      "has_minecraft:iron_ingot": "2024-08-22 20:53:29 +0000"
    },
    "done": true
  },
  "minecraft:recipes/misc/magenta_dye_from_blue_red_white_dye": {
    "criteria": {
      "has_blue_dye": "2024-08-22 20:44:40 +0000"
    },
    "done": true
  },
  "minecraft:recipes/redstone/tnt": {
    "criteria": {
      "has_gunpowder": "2024-08-22 22:09:43 +0000"
    },
    "done": true
  },
  "doggytalents:recipes/decorations/locator_orb_ko": {
    "criteria": {
      "has_string": "2024-08-22 20:57:05 +0000"
    },
    "done": true
  },
  "refurbished_furniture:recipes/misc/constructing/warped_lattice_fence": {
    "criteria": {
      "has_minecraft:stick": "2024-08-22 20:22:31 +0000"
    },
    "done": true
  },
  "minecraft:recipes/tools/stone_hoe": {
    "criteria": {
      "has_cobblestone": "2024-08-22 20:25:01 +0000"
    },
    "done": true
  },
  "refurbished_furniture:recipes/decorations/blue_grill_from_dyeing": {
    "criteria": {
      "has_dye": "2024-08-22 20:44:40 +0000"
    },
    "done": true
  },
  "refurbished_furniture:recipes/misc/constructing/dark_oak_light_ceiling_fan": {
    "criteria": {
      "has_minecraft:iron_ingot": "2024-08-22 20:53:29 +0000"
    },
    "done": true
  },
  "handcrafted:recipes/misc/blue_plate": {
    "criteria": {
      "has_blue_plate": "2024-08-22 20:44:40 +0000"
    },
    "done": true
  },
  "advancednetherite:recipes/misc/netherite_iron_ingot": {
    "criteria": {
      "has_minecraft:iron_ingot": "2024-08-22 20:53:29 +0000"
    },
    "done": true
  },
  "refurbished_furniture:recipes/decorations/blue_cooler_from_dyeing": {
    "criteria": {
      "has_dye": "2024-08-22 20:44:40 +0000"
    },
    "done": true
  },
  "refurbished_furniture:recipes/misc/constructing/cherry_light_ceiling_fan": {
    "criteria": {
      "has_minecraft:iron_ingot": "2024-08-22 20:53:29 +0000"
    },
    "done": true
  },
  "refurbished_furniture:recipes/misc/constructing/birch_light_ceiling_fan": {
    "criteria": {
      "has_minecraft:iron_ingot": "2024-08-22 20:53:29 +0000"
    },
    "done": true
  },
  "refurbished_furniture:recipes/misc/constructing/blue_kitchen_sink": {
    "criteria": {
      "has_minecraft:blue_dye": "2024-08-22 20:44:40 +0000"
    },
    "done": true
  },
  "refurbished_furniture:recipes/misc/constructing/yellow_trampoline": {
    "criteria": {
      "has_minecraft:iron_ingot": "2024-08-22 20:53:29 +0000"
    },
    "done": true
  },
  "refurbished_furniture:recipes/misc/constructing/purple_trampoline": {
    "criteria": {
      "has_minecraft:iron_ingot": "2024-08-22 20:53:29 +0000"
    },
    "done": true
  },
  "minecraft:recipes/decorations/loom": {
    "criteria": {
      "has_string": "2024-08-22 20:57:05 +0000"
    },
    "done": true
  },
  "refurbished_furniture:recipes/misc/constructing/mangrove_lattice_fence_gate": {
    "criteria": {
      "has_minecraft:stick": "2024-08-22 20:22:31 +0000"
    },
    "done": true
  },
  "refurbished_furniture:recipes/misc/constructing/birch_lattice_fence_gate": {
    "criteria": {
      "has_minecraft:stick": "2024-08-22 20:22:31 +0000"
    },
    "done": true
  },
  "refurbished_furniture:recipes/misc/constructing/recycle_bin": {
    "criteria": {
      "has_minecraft:iron_ingot": "2024-08-22 20:53:29 +0000"
    },
    "done": true
  },
  "doggytalents:recipes/food/super_treat": {
    "criteria": {
      "has_golden_apple": "2024-08-22 20:55:48 +0000"
    },
    "done": true
  },
  "doggytalents:recipes/decorations/locator_orb_gi": {
    "criteria": {
      "has_string": "2024-08-22 20:57:05 +0000"
    },
    "done": true
  },
  "minecraft:recipes/tools/stone_shovel": {
    "criteria": {
      "has_cobblestone": "2024-08-22 20:25:01 +0000"
    },
    "done": true
  },
  "handcrafted:recipes/misc/oak_counter": {
    "criteria": {
      "has_oak_counter": "2024-08-22 20:27:56 +0000"
    },
    "done": true
  },
  "minecraft:recipes/building_blocks/oak_wood": {
    "criteria": {
      "has_log": "2024-08-22 20:49:15 +0000"
    },
    "done": true
  },
  "refurbished_furniture:recipes/misc/constructing/magenta_grill": {
    "criteria": {
      "has_minecraft:iron_ingot": "2024-08-22 20:53:29 +0000"
    },
    "done": true
  },
  "doggytalents:recipes/building_blocks/dog_bath": {
    "criteria": {
      "has_iron_ingot": "2024-08-22 20:53:29 +0000"
    },
    "done": true
  },
  "refurbished_furniture:recipes/misc/slicing/bread_slice_from_bread": {
    "criteria": {
      "has_bread": "2024-08-22 20:44:04 +0000"
    },
    "done": true
  },
  "refurbished_furniture:recipes/misc/constructing/mangrove_storage_cabinet": {
    "criteria": {
      "has_minecraft:iron_ingot": "2024-08-22 20:53:29 +0000"
    },
    "done": true
  },
  "doggytalents:recipes/building_blocks/food_bowl": {
    "criteria": {
      "has_iron_ingot": "2024-08-22 20:53:29 +0000"
    },
    "done": true
  },
  "refurbished_furniture:recipes/decorations/blue_lamp_from_dyeing": {
    "criteria": {
      "has_dye": "2024-08-22 20:44:40 +0000"
    },
    "done": true
  },
  "minecraft:recipes/redstone/iron_door": {
    "criteria": {
      "has_iron_ingot": "2024-08-22 20:53:29 +0000"
    },
    "done": true
  },
  "minecraft:recipes/misc/iron_ingot_from_nuggets": {
    "criteria": {
      "has_iron_nugget": "2024-08-22 20:53:26 +0000"
    },
    "done": true
  },
  "minecraft:recipes/transportation/jungle_boat": {
    "criteria": {
      "in_water": "2024-08-22 20:57:40 +0000"
    },
    "done": true
  },
  "minecraft:recipes/redstone/heavy_weighted_pressure_plate": {
    "criteria": {
      "has_iron_ingot": "2024-08-22 20:53:29 +0000"
    },
    "done": true
  },
  "refurbished_furniture:recipes/misc/constructing/jungle_lattice_fence_gate": {
    "criteria": {
      "has_minecraft:stick": "2024-08-22 20:22:31 +0000"
    },
    "done": true
  },
  "minecraft:recipes/transportation/dark_oak_boat": {
    "criteria": {
      "in_water": "2024-08-22 20:57:39 +0000"
    },
    "done": true
  },
  "refurbished_furniture:recipes/misc/constructing/light_ceiling_light": {
    "criteria": {
      "has_minecraft:iron_ingot": "2024-08-22 20:53:29 +0000"
    },
    "done": true
  },
  "refurbished_furniture:recipes/decorations/blue_kitchen_cabinetry_from_dyeing": {
    "criteria": {
      "has_dye": "2024-08-22 20:44:40 +0000"
    },
    "done": true
  },
  "minecraft:recipes/combat/golden_leggings": {
    "criteria": {
      "has_gold_ingot": "2024-08-22 20:53:57 +0000"
    },
    "done": true
  },
  "doggytalents:recipes/decorations/locator_orb_dyable": {
    "criteria": {
      "has_string": "2024-08-22 20:57:05 +0000"
    },
    "done": true
  },
  "travelersbackpack:recipes/misc/hay": {
    "criteria": {
      "has_wheat": "2024-08-22 20:44:01 +0000"
    },
    "done": true
  },
  "refurbished_furniture:recipes/misc/constructing/warped_toilet": {
    "criteria": {
      "has_minecraft:iron_ingot": "2024-08-22 20:53:29 +0000"
    },
    "done": true
  },
  "DataVersion": 3953
}