{
  "refurbished_furniture:recipes/misc/slicing/brown_dye_from_rotten_flesh": {
    "criteria": {
      "has_rotten_flesh": "2024-08-22 23:50:53 +0000"
    },
    "done": true
  },
  "refurbished_furniture:recipes/misc/light_electricity_generator": {
    "criteria": {
      "has_iron_ingot": "2024-08-22 23:45:59 +0000"
    },
    "done": true
  },
  "refurbished_furniture:recipes/misc/constructing/birch_basin": {
    "criteria": {
      "has_minecraft:iron_ingot": "2024-08-22 23:45:59 +0000"
    },
    "done": true
  },
  "minecraft:recipes/redstone/lever": {
    "criteria": {
      "has_cobblestone": "2024-08-22 23:30:49 +0000"
    },
    "done": true
  },
  "handcrafted:recipes/misc/spruce_counter": {
    "criteria": {
      "has_spruce_counter": "2024-08-23 00:29:16 +0000"
    },
    "done": true
  },
  "refurbished_furniture:recipes/misc/constructing/acacia_toilet": {
    "criteria": {
      "has_minecraft:iron_ingot": "2024-08-22 23:45:59 +0000"
    },
    "done": true
  },
  "refurbished_furniture:recipes/misc/constructing/purple_stool": {
    "criteria": {
      "has_planks": "2024-08-22 23:29:22 +0000"
    },
    "done": true
  },
  "minecraft:recipes/building_blocks/polished_blackstone_brick_slab": {
    "criteria": {
      "has_polished_blackstone_bricks": "2024-08-23 00:21:08 +0000"
    },
    "done": true
  },
  "minecraft:recipes/decorations/ladder": {
    "criteria": {
      "has_stick": "2024-08-22 23:29:42 +0000"
    },
    "done": true
  },
  "handcrafted:recipes/misc/oak_nightstand": {
    "criteria": {
      "has_oak_nightstand": "2024-08-22 23:29:22 +0000"
    },
    "done": true
  },
  "refurbished_furniture:recipes/misc/constructing/magenta_trampoline": {
    "criteria": {
      "has_minecraft:iron_ingot": "2024-08-22 23:45:59 +0000"
    },
    "done": true
  },
  "nova_structures:adventure/find_shrine": {
    "criteria": {
      "shrine_combat": "2024-08-22 23:30:41 +0000"
    },
    "done": true
  },
  "minecraft:recipes/combat/iron_leggings": {
    "criteria": {
      "has_iron_ingot": "2024-08-22 23:45:59 +0000"
    },
    "done": true
  },
  "minecraft:wander_add_map": {
    "criteria": {
      "wandering": "2024-08-22 23:27:52 +0000"
    },
    "done": true
  },
  "refurbished_furniture:recipes/misc/constructing/warped_storage_jar": {
    "criteria": {
      "has_minecraft:glass": "2024-08-23 00:12:54 +0000"
    },
    "done": true
  },
  "refurbished_furniture:recipes/misc/constructing/lime_grill": {
    "criteria": {
      "has_minecraft:iron_ingot": "2024-08-22 23:45:59 +0000"
    },
    "done": true
  },
  "refurbished_furniture:recipes/misc/constructing/blue_stool": {
    "criteria": {
      "has_planks": "2024-08-22 23:29:22 +0000"
    },
    "done": true
  },
  "refurbished_furniture:recipes/misc/constructing/oak_toilet": {
    "criteria": {
      "has_minecraft:oak_planks": "2024-08-22 23:29:22 +0000"
    },
    "done": true
  },
  "minecraft:recipes/building_blocks/light_gray_concrete_powder": {
    "criteria": {
      "has_sand": "2024-08-23 00:08:35 +0000"
    },
    "done": true
  },
  "travelersbackpack:recipes/misc/coal": {
    "criteria": {
      "has_coal": "2024-08-22 23:59:10 +0000"
    },
    "done": true
  },
  "minecraft:recipes/building_blocks/pink_concrete_powder": {
    "criteria": {
      "has_sand": "2024-08-23 00:08:35 +0000"
    },
    "done": true
  },
  "refurbished_furniture:recipes/misc/constructing/crimson_lattice_fence": {
    "criteria": {
      "has_minecraft:stick": "2024-08-22 23:29:42 +0000"
    },
    "done": true
  },
  "minecraft:story/obtain_armor": {
    "criteria": {
      "iron_chestplate": "2024-08-23 00:18:38 +0000"
    },
    "done": true
  },
  "refurbished_furniture:recipes/misc/constructing/birch_crate": {
    "criteria": {
      "has_minecraft:birch_planks": "2024-08-22 23:47:06 +0000"
    },
    "done": true
  },
  "refurbished_furniture:recipes/misc/constructing/gray_trampoline": {
    "criteria": {
      "has_minecraft:iron_ingot": "2024-08-22 23:45:59 +0000"
    },
    "done": true
  },
  "refurbished_furniture:recipes/misc/constructing/brown_stool": {
    "criteria": {
      "has_planks": "2024-08-22 23:29:22 +0000"
    },
    "done": true
  },
  "refurbished_furniture:recipes/misc/constructing/jungle_lattice_fence": {
    "criteria": {
      "has_minecraft:stick": "2024-08-22 23:29:42 +0000"
    },
    "done": true
  },
  "refurbished_furniture:recipes/misc/constructing/spruce_table": {
    "criteria": {
      "has_minecraft:spruce_planks": "2024-08-23 00:29:16 +0000"
    },
    "done": true
  },
  "minecraft:recipes/building_blocks/polished_blackstone_brick_stairs": {
    "criteria": {
      "has_polished_blackstone_bricks": "2024-08-23 00:21:08 +0000"
    },
    "done": true
  },
  "refurbished_furniture:recipes/misc/constructing/mangrove_bath": {
    "criteria": {
      "has_minecraft:iron_ingot": "2024-08-22 23:45:59 +0000"
    },
    "done": true
  },
  "refurbished_furniture:recipes/misc/constructing/spruce_lattice_fence_gate": {
    "criteria": {
      "has_minecraft:stick": "2024-08-22 23:29:42 +0000"
    },
    "done": true
  },
  "refurbished_furniture:recipes/misc/constructing/green_stool": {
    "criteria": {
      "has_planks": "2024-08-22 23:29:22 +0000"
    },
    "done": true
  },
  "refurbished_furniture:recipes/misc/constructing/oak_kitchen_sink": {
    "criteria": {
      "has_minecraft:oak_planks": "2024-08-22 23:29:22 +0000"
    },
    "done": true
  },
  "refurbished_furniture:recipes/misc/constructing/orange_stool": {
    "criteria": {
      "has_planks": "2024-08-22 23:29:22 +0000"
    },
    "done": true
  },
  "refurbished_furniture:recipes/misc/constructing/light_fridge": {
    "criteria": {
      "has_minecraft:iron_ingot": "2024-08-22 23:45:59 +0000"
    },
    "done": true
  },
  "minecraft:recipes/misc/iron_nugget_from_smelting": {
    "criteria": {
      "has_iron_pickaxe": "2024-08-22 23:49:32 +0000"
    },
    "done": true
  },
  "minecraft:recipes/food/cooked_mutton_from_smoking": {
    "criteria": {
      "has_mutton": "2024-08-22 23:30:07 +0000"
    },
    "done": true
  },
  "refurbished_furniture:recipes/misc/constructing/jungle_bath": {
    "criteria": {
      "has_minecraft:iron_ingot": "2024-08-22 23:45:59 +0000"
    },
    "done": true
  },
  "minecraft:recipes/misc/gold_ingot_from_gold_block": {
    "criteria": {
      "has_gold_block": "2024-08-23 00:08:16 +0000"
    },
    "done": true
  },
  "minecraft:recipes/building_blocks/light_blue_stained_glass": {
    "criteria": {
      "has_glass": "2024-08-23 00:12:54 +0000"
    },
    "done": true
  },
  "minecraft:recipes/food/baked_potato_from_campfire_cooking": {
    "criteria": {
      "has_potato": "2024-08-22 23:47:53 +0000"
    },
    "done": true
  },
  "refurbished_furniture:recipes/misc/constructing/yellow_lamp": {
    "criteria": {
      "has_planks": "2024-08-22 23:29:22 +0000"
    },
    "done": true
  },
  "minecraft:recipes/redstone/birch_button": {
    "criteria": {
      "has_planks": "2024-08-22 23:47:06 +0000"
    },
    "done": true
  },
  "doggytalents:recipes/tools/shrinking_mallet": {
    "criteria": {
      "has_gold_ingot": "2024-08-23 00:13:57 +0000"
    },
    "done": true
  },
  "refurbished_furniture:recipes/misc/constructing/oak_kitchen_drawer": {
    "criteria": {
      "has_minecraft:oak_planks": "2024-08-22 23:29:22 +0000"
    },
    "done": true
  },
  "minecraft:recipes/building_blocks/green_stained_glass": {
    "criteria": {
      "has_glass": "2024-08-23 00:12:54 +0000"
    },
    "done": true
  },
  "minecraft:story/deflect_arrow": {
    "criteria": {
      "deflected_projectile": "2024-08-22 23:51:52 +0000"
    },
    "done": true
  },
  "refurbished_furniture:recipes/misc/constructing/spruce_kitchen_cabinetry": {
    "criteria": {
      "has_minecraft:spruce_planks": "2024-08-23 00:29:16 +0000"
    },
    "done": true
  },
  "minecraft:recipes/building_blocks/bookshelf": {
    "criteria": {
      "has_book": "2024-08-22 23:48:15 +0000"
    },
    "done": true
  },
  "minecraft:recipes/tools/golden_axe": {
    "criteria": {
      "has_gold_ingot": "2024-08-23 00:13:57 +0000"
    },
    "done": true
  },
  "waystones:recipes/decorations/warp_scroll": {
    "criteria": {
      "has_ender_pearl": "2024-08-22 23:51:17 +0000"
    },
    "done": true
  },
  "handcrafted:recipes/misc/birch_couch": {
    "criteria": {
      "has_birch_couch": "2024-08-22 23:47:06 +0000"
    },
    "done": true
  },
  "minecraft:story/iron_tools": {
    "criteria": {
      "iron_pickaxe": "2024-08-22 23:49:32 +0000"
    },
    "done": true
  },
  "refurbished_furniture:recipes/misc/constructing/spruce_kitchen_sink": {
    "criteria": {
      "has_minecraft:spruce_planks": "2024-08-23 00:29:16 +0000"
    },
    "done": true
  },
  "refurbished_furniture:recipes/misc/constructing/dark_oak_toilet": {
    "criteria": {
      "has_minecraft:iron_ingot": "2024-08-22 23:45:59 +0000"
    },
    "done": true
  },
  "minecraft:recipes/combat/iron_chestplate": {
    "criteria": {
      "has_iron_ingot": "2024-08-22 23:45:59 +0000"
    },
    "done": true
  },
  "minecraft:recipes/decorations/oak_sign": {
    "criteria": {
      "has_planks": "2024-08-22 23:29:22 +0000"
    },
    "done": true
  },
  "minecraft:recipes/redstone/oak_trapdoor": {
    "criteria": {
      "has_planks": "2024-08-22 23:29:22 +0000"
    },
    "done": true
  },
  "refurbished_furniture:recipes/misc/constructing/cherry_bath": {
    "criteria": {
      "has_minecraft:iron_ingot": "2024-08-22 23:45:59 +0000"
    },
    "done": true
  },
  "refurbished_furniture:recipes/misc/spatula": {
    "criteria": {
      "has_iron_ingot": "2024-08-22 23:45:59 +0000"
    },
    "done": true
  },
  "minecraft:recipes/building_blocks/red_concrete_powder": {
    "criteria": {
      "has_sand": "2024-08-23 00:08:35 +0000"
    },
    "done": true
  },
  "livingthings:recipes/cooked_elephant": {
    "criteria": {
      "has_elephant": "2024-08-22 23:24:54 +0000",
      "has_cooked_elephant": "2024-08-22 23:24:54 +0000"
    },
    "done": true
  },
  "refurbished_furniture:recipes/misc/constructing/black_cooler": {
    "criteria": {
      "has_planks": "2024-08-22 23:29:22 +0000"
    },
    "done": true
  },
  "refurbished_furniture:recipes/misc/constructing/acacia_bath": {
    "criteria": {
      "has_minecraft:iron_ingot": "2024-08-22 23:45:59 +0000"
    },
    "done": true
  },
  "minecraft:recipes/tools/golden_pickaxe": {
    "criteria": {
      "has_gold_ingot": "2024-08-23 00:13:57 +0000"
    },
    "done": true
  },
  "mobs_of_mythology:mobs_of_mythology": {
    "criteria": {
      "requirement": "2024-08-22 23:24:13 +0000"
    },
    "done": true
  },
  "refurbished_furniture:recipes/misc/constructing/lime_lamp": {
    "criteria": {
      "has_planks": "2024-08-22 23:29:22 +0000"
    },
    "done": true
  },
  "refurbished_furniture:recipes/misc/constructing/red_lamp": {
    "criteria": {
      "has_planks": "2024-08-22 23:29:22 +0000"
    },
    "done": true
  },
  "refurbished_furniture:recipes/misc/constructing/birch_cutting_board": {
    "criteria": {
      "has_minecraft:birch_planks": "2024-08-22 23:47:06 +0000"
    },
    "done": true
  },
  "livingthings:recipes/bone_meal": {
    "criteria": {
      "has_tooth": "2024-08-22 23:24:54 +0000"
    },
    "done": true
  },
  "refurbished_furniture:recipes/misc/dark_electricity_generator": {
    "criteria": {
      "has_iron_ingot": "2024-08-22 23:45:59 +0000"
    },
    "done": true
  },
  "minecraft:recipes/combat/stone_sword": {
    "criteria": {
      "has_cobblestone": "2024-08-22 23:30:49 +0000"
    },
    "done": true
  },
  "minecraft:recipes/decorations/cobblestone_wall": {
    "criteria": {
      "has_cobblestone": "2024-08-22 23:30:49 +0000"
    },
    "done": true
  },
  "minecraft:recipes/building_blocks/brown_stained_glass": {
    "criteria": {
      "has_glass": "2024-08-23 00:12:54 +0000"
    },
    "done": true
  },
  "travelersbackpack:recipes/misc/fox": {
    "criteria": {
      "has_sweet_berries": "2024-08-22 23:47:15 +0000"
    },
    "done": true
  },
  "travelersbackpack:recipes/misc/backpack_tank": {
    "criteria": {
      "has_iron": "2024-08-22 23:45:59 +0000"
    },
    "done": true
  },
  "refurbished_furniture:recipes/misc/constructing/crimson_storage_cabinet": {
    "criteria": {
      "has_minecraft:iron_ingot": "2024-08-22 23:45:59 +0000"
    },
    "done": true
  },
  "handcrafted:recipes/misc/kitchen_hood": {
    "criteria": {
      "has_kitchen_hood": "2024-08-23 00:28:03 +0000"
    },
    "done": true
  },
  "refurbished_furniture:recipes/misc/slicing/red_dye_from_sweet_berries": {
    "criteria": {
      "has_sweet_berries": "2024-08-22 23:47:15 +0000"
    },
    "done": true
  },
  "refurbished_furniture:recipes/misc/constructing/orange_lamp": {
    "criteria": {
      "has_planks": "2024-08-22 23:29:22 +0000"
    },
    "done": true
  },
  "minecraft:recipes/tools/stone_axe": {
    "criteria": {
      "has_cobblestone": "2024-08-22 23:30:49 +0000"
    },
    "done": true
  },
  "minecraft:recipes/building_blocks/raw_iron_block": {
    "criteria": {
      "has_raw_iron": "2024-08-23 00:03:48 +0000"
    },
    "done": true
  },
  "refurbished_furniture:recipes/misc/constructing/white_grill": {
    "criteria": {
      "has_minecraft:iron_ingot": "2024-08-22 23:45:59 +0000"
    },
    "done": true
  },
  "livingthings:recipes/cooked_crab": {
    "criteria": {
      "has_cooked_crab": "2024-08-22 23:24:54 +0000",
      "has_crab": "2024-08-22 23:24:54 +0000"
    },
    "done": true
  },
  "doggytalents:recipes/decorations/superdog_suit": {
    "criteria": {
      "has_iron_ingot": "2024-08-22 23:45:59 +0000"
    },
    "done": true
  },
  "refurbished_furniture:recipes/misc/constructing/dark_oak_basin": {
    "criteria": {
      "has_minecraft:iron_ingot": "2024-08-22 23:45:59 +0000"
    },
    "done": true
  },
  "refurbished_furniture:recipes/misc/constructing/dark_oak_lattice_fence_gate": {
    "criteria": {
      "has_minecraft:stick": "2024-08-22 23:29:42 +0000"
    },
    "done": true
  },
  "minecraft:recipes/misc/iron_nugget": {
    "criteria": {
      "has_iron_ingot": "2024-08-22 23:45:59 +0000"
    },
    "done": true
  },
  "minecraft:recipes/building_blocks/brown_concrete_powder": {
    "criteria": {
      "has_sand": "2024-08-23 00:08:35 +0000"
    },
    "done": true
  },
  "refurbished_furniture:recipes/misc/constructing/pink_grill": {
    "criteria": {
      "has_minecraft:iron_ingot": "2024-08-22 23:45:59 +0000"
    },
    "done": true
  },
  "minecraft:recipes/building_blocks/blue_stained_glass": {
    "criteria": {
      "has_glass": "2024-08-23 00:12:54 +0000"
    },
    "done": true
  },
  "doggytalents:recipes/decorations/ceremonial_garb": {
    "criteria": {
      "has_lead": "2024-08-22 23:28:38 +0000"
    },
    "done": true
  },
  "doggytalents:recipes/combat/sussy_sickle": {
    "criteria": {
      "has_iron_ingot": "2024-08-22 23:45:59 +0000"
    },
    "done": true
  },
  "minecraft:recipes/misc/gold_nugget": {
    "criteria": {
      "has_gold_ingot": "2024-08-23 00:13:57 +0000"
    },
    "done": true
  },
  "refurbished_furniture:recipes/misc/constructing/crimson_toilet": {
    "criteria": {
      "has_minecraft:iron_ingot": "2024-08-22 23:45:59 +0000"
    },
    "done": true
  },
  "minecraft:recipes/misc/bucket": {
    "criteria": {
      "has_iron_ingot": "2024-08-22 23:45:59 +0000"
    },
    "done": true
  },
  "refurbished_furniture:recipes/misc/constructing/cherry_basin": {
    "criteria": {
      "has_minecraft:iron_ingot": "2024-08-22 23:45:59 +0000"
    },
    "done": true
  },
  "minecraft:recipes/building_blocks/light_blue_concrete_powder": {
    "criteria": {
      "has_sand": "2024-08-23 00:08:35 +0000"
    },
    "done": true
  },
  "doggytalents:recipes/decorations/pianist_suit": {
    "criteria": {
      "has_string": "2024-08-22 23:55:06 +0000"
    },
    "done": true
  },
  "refurbished_furniture:recipes/misc/constructing/acacia_storage_jar": {
    "criteria": {
      "has_minecraft:glass": "2024-08-23 00:12:54 +0000"
    },
    "done": true
  },
  "refurbished_furniture:recipes/misc/constructing/birch_kitchen_sink": {
    "criteria": {
      "has_minecraft:birch_planks": "2024-08-22 23:47:06 +0000"
    },
    "done": true
  },
  "minecraft:recipes/building_blocks/glass": {
    "criteria": {
      "has_smelts_to_glass": "2024-08-23 00:08:35 +0000"
    },
    "done": true
  },
  "minecraft:recipes/combat/iron_helmet": {
    "criteria": {
      "has_iron_ingot": "2024-08-22 23:45:59 +0000"
    },
    "done": true
  },
  "minecraft:recipes/tools/golden_shovel": {
    "criteria": {
      "has_gold_ingot": "2024-08-23 00:13:57 +0000"
    },
    "done": true
  },
  "minecraft:recipes/combat/bow": {
    "criteria": {
      "has_string": "2024-08-22 23:55:06 +0000"
    },
    "done": true
  },
  "doggytalents:recipes/decorations/bowtie": {
    "criteria": {
      "has_string": "2024-08-22 23:55:06 +0000"
    },
    "done": true
  },
  "handcrafted:recipes/misc/golden_thick_pot": {
    "criteria": {
      "has_golden_thick_pot": "2024-08-23 00:08:16 +0000"
    },
    "done": true
  },
  "refurbished_furniture:recipes/misc/slicing/bone_meal_from_bone": {
    "criteria": {
      "has_bone": "2024-08-22 23:52:26 +0000"
    },
    "done": true
  },
  "minecraft:story/mine_stone": {
    "criteria": {
      "get_stone": "2024-08-22 23:30:49 +0000"
    },
    "done": true
  },
  "minecraft:recipes/decorations/furnace": {
    "criteria": {
      "has_cobblestone": "2024-08-22 23:30:49 +0000"
    },
    "done": true
  },
  "minecraft:recipes/transportation/minecart": {
    "criteria": {
      "has_iron_ingot": "2024-08-22 23:45:59 +0000"
    },
    "done": true
  },
  "minecraft:recipes/building_blocks/andesite_stairs": {
    "criteria": {
      "has_andesite": "2024-08-23 00:21:07 +0000"
    },
    "done": true
  },
  "minecraft:recipes/tools/iron_hoe": {
    "criteria": {
      "has_iron_ingot": "2024-08-22 23:45:59 +0000"
    },
    "done": true
  },
  "minecraft:recipes/food/golden_apple": {
    "criteria": {
      "has_gold_ingot": "2024-08-23 00:13:57 +0000"
    },
    "done": true
  },
  "minecraft:recipes/building_blocks/green_concrete_powder": {
    "criteria": {
      "has_sand": "2024-08-23 00:08:35 +0000"
    },
    "done": true
  },
  "handcrafted:recipes/misc/oak_fancy_bed": {
    "criteria": {
      "has_oak_fancy_bed": "2024-08-22 23:29:22 +0000"
    },
    "done": true
  },
  "minecraft:recipes/building_blocks/orange_stained_glass": {
    "criteria": {
      "has_glass": "2024-08-23 00:12:54 +0000"
    },
    "done": true
  },
  "refurbished_furniture:recipes/misc/constructing/orange_trampoline": {
    "criteria": {
      "has_minecraft:iron_ingot": "2024-08-22 23:45:59 +0000"
    },
    "done": true
  },
  "doggytalents:recipes/decorations/witch_hat": {
    "criteria": {
      "has_potion": "2024-08-22 23:55:07 +0000"
    },
    "done": true
  },
  "doggytalents:recipes/decorations/sunglasses": {
    "criteria": {
      "has_stick": "2024-08-22 23:29:42 +0000"
    },
    "done": true
  },
  "refurbished_furniture:recipes/misc/constructing/computer": {
    "criteria": {
      "has_minecraft:iron_ingot": "2024-08-22 23:45:59 +0000"
    },
    "done": true
  },
  "refurbished_furniture:recipes/misc/constructing/light_toaster": {
    "criteria": {
      "has_minecraft:iron_ingot": "2024-08-22 23:45:59 +0000"
    },
    "done": true
  },
  "livingthings:recipes/cooked_giraffe_from_smoking": {
    "criteria": {
      "has_giraffe": "2024-08-22 23:24:54 +0000",
      "has_cooked_giraffe": "2024-08-22 23:24:54 +0000"
    },
    "done": true
  },
  "minecraft:recipes/food/baked_potato": {
    "criteria": {
      "has_potato": "2024-08-22 23:47:53 +0000"
    },
    "done": true
  },
  "refurbished_furniture:recipes/misc/constructing/cyan_trampoline": {
    "criteria": {
      "has_minecraft:iron_ingot": "2024-08-22 23:45:59 +0000"
    },
    "done": true
  },
  "refurbished_furniture:recipes/misc/constructing/black_grill": {
    "criteria": {
      "has_minecraft:iron_ingot": "2024-08-22 23:45:59 +0000"
    },
    "done": true
  },
  "minecraft:recipes/redstone/birch_door": {
    "criteria": {
      "has_planks": "2024-08-22 23:47:06 +0000"
    },
    "done": true
  },
  "refurbished_furniture:recipes/misc/constructing/cherry_storage_cabinet": {
    "criteria": {
      "has_minecraft:iron_ingot": "2024-08-22 23:45:59 +0000"
    },
    "done": true
  },
  "minecraft:recipes/decorations/birch_fence": {
    "criteria": {
      "has_planks": "2024-08-22 23:47:06 +0000"
    },
    "done": true
  },
  "handcrafted:recipes/misc/hammer": {
    "criteria": {
      "has_hammer": "2024-08-22 23:45:59 +0000"
    },
    "done": true
  },
  "minecraft:recipes/combat/golden_boots": {
    "criteria": {
      "has_gold_ingot": "2024-08-23 00:13:57 +0000"
    },
    "done": true
  },
  "minecraft:recipes/tools/wooden_axe": {
    "criteria": {
      "has_stick": "2024-08-22 23:29:42 +0000"
    },
    "done": true
  },
  "minecraft:recipes/decorations/spruce_sign": {
    "criteria": {
      "has_planks": "2024-08-23 00:29:16 +0000"
    },
    "done": true
  },
  "handcrafted:recipes/misc/birch_shelf": {
    "criteria": {
      "has_birch_shelf": "2024-08-22 23:47:06 +0000"
    },
    "done": true
  },
  "refurbished_furniture:recipes/misc/constructing/magenta_cooler": {
    "criteria": {
      "has_planks": "2024-08-22 23:29:22 +0000"
    },
    "done": true
  },
  "minecraft:recipes/building_blocks/bricks": {
    "criteria": {
      "has_brick": "2024-08-22 23:56:10 +0000"
    },
    "done": true
  },
  "minecraft:recipes/decorations/painting": {
    "criteria": {
      "has_wool": "2024-08-22 23:30:07 +0000"
    },
    "done": true
  },
  "refurbished_furniture:recipes/misc/constructing/spruce_lattice_fence": {
    "criteria": {
      "has_minecraft:stick": "2024-08-22 23:29:42 +0000"
    },
    "done": true
  },
  "refurbished_furniture:recipes/misc/constructing/light_blue_cooler": {
    "criteria": {
      "has_planks": "2024-08-22 23:29:22 +0000"
    },
    "done": true
  },
  "refurbished_furniture:recipes/misc/constructing/spruce_kitchen_drawer": {
    "criteria": {
      "has_minecraft:spruce_planks": "2024-08-23 00:29:16 +0000"
    },
    "done": true
  },
  "refurbished_furniture:recipes/misc/constructing/dark_oak_storage_cabinet": {
    "criteria": {
      "has_minecraft:iron_ingot": "2024-08-22 23:45:59 +0000"
    },
    "done": true
  },
  "refurbished_furniture:recipes/misc/constructing/white_lamp": {
    "criteria": {
      "has_planks": "2024-08-22 23:29:22 +0000"
    },
    "done": true
  },
  "minecraft:recipes/building_blocks/blue_concrete_powder": {
    "criteria": {
      "has_sand": "2024-08-23 00:08:35 +0000"
    },
    "done": true
  },
  "minecraft:recipes/combat/golden_helmet": {
    "criteria": {
      "has_gold_ingot": "2024-08-23 00:13:57 +0000"
    },
    "done": true
  },
  "doggytalents:recipes/tools/whistle": {
    "criteria": {
      "has_iron_ingot": "2024-08-22 23:45:59 +0000"
    },
    "done": true
  },
  "waystones:recipes/decorations/mossy_waystone_from_vines": {
    "criteria": {
      "has_waystone": "2024-08-23 00:16:23 +0000"
    },
    "done": true
  },
  "refurbished_furniture:recipes/misc/constructing/oak_mail_box": {
    "criteria": {
      "has_minecraft:oak_planks": "2024-08-22 23:29:22 +0000"
    },
    "done": true
  },
  "refurbished_furniture:recipes/misc/constructing/pink_sofa": {
    "criteria": {
      "has_planks": "2024-08-22 23:29:22 +0000"
    },
    "done": true
  },
  "refurbished_furniture:recipes/misc/constructing/birch_chair": {
    "criteria": {
      "has_minecraft:birch_planks": "2024-08-22 23:47:06 +0000"
    },
    "done": true
  },
  "refurbished_furniture:recipes/misc/constructing/oak_bath": {
    "criteria": {
      "has_minecraft:oak_planks": "2024-08-22 23:29:22 +0000"
    },
    "done": true
  },
  "handcrafted:recipes/misc/andesite_corner_trim": {
    "criteria": {
      "has_andesite_corner_trim": "2024-08-23 00:21:07 +0000"
    },
    "done": true
  },
  "refurbished_furniture:recipes/misc/constructing/brown_lamp": {
    "criteria": {
      "has_planks": "2024-08-22 23:29:22 +0000"
    },
    "done": true
  },
  "handcrafted:recipes/misc/spruce_table": {
    "criteria": {
      "has_spruce_table": "2024-08-23 00:29:16 +0000"
    },
    "done": true
  },
  "doggytalents:recipes/food/uncooked_rice_bowl": {
    "criteria": {
      "has_dtn_rice_grains": "2024-08-22 23:28:16 +0000"
    },
    "done": true
  },
  "doggytalents:recipes/decorations/guard_suit": {
    "criteria": {
      "has_string": "2024-08-22 23:55:06 +0000"
    },
    "done": true
  },
  "refurbished_furniture:recipes/misc/constructing/yellow_sofa": {
    "criteria": {
      "has_planks": "2024-08-22 23:29:22 +0000"
    },
    "done": true
  },
  "minecraft:recipes/decorations/andesite_wall_from_andesite_stonecutting": {
    "criteria": {
      "has_andesite": "2024-08-23 00:21:07 +0000"
    },
    "done": true
  },
  "handcrafted:recipes/misc/golden_thin_pot": {
    "criteria": {
      "has_golden_thin_pot": "2024-08-23 00:08:16 +0000"
    },
    "done": true
  },
  "doggytalents:recipes/decorations/giant_stick": {
    "criteria": {
      "has_stick": "2024-08-22 23:29:42 +0000"
    },
    "done": true
  },
  "refurbished_furniture:recipes/misc/constructing/crimson_lattice_fence_gate": {
    "criteria": {
      "has_minecraft:stick": "2024-08-22 23:29:42 +0000"
    },
    "done": true
  },
  "refurbished_furniture:recipes/misc/constructing/red_grill": {
    "criteria": {
      "has_minecraft:iron_ingot": "2024-08-22 23:45:59 +0000"
    },
    "done": true
  },
  "travelersbackpack:recipes/misc/crafting_upgrade": {
    "criteria": {
      "has_crafting_table": "2024-08-22 23:29:07 +0000"
    },
    "done": true
  },
  "minecraft:story/smelt_iron": {
    "criteria": {
      "iron": "2024-08-22 23:45:59 +0000"
    },
    "done": true
  },
  "minecraft:recipes/building_blocks/pink_stained_glass": {
    "criteria": {
      "has_glass": "2024-08-23 00:12:54 +0000"
    },
    "done": true
  },
  "minecraft:recipes/tools/fishing_rod": {
    "criteria": {
      "has_string": "2024-08-22 23:55:06 +0000"
    },
    "done": true
  },
  "minecraft:recipes/decorations/smoker": {
    "criteria": {
      "has_furnace": "2024-08-22 23:32:35 +0000"
    },
    "done": true
  },
  "minecraft:recipes/building_blocks/black_stained_glass": {
    "criteria": {
      "has_glass": "2024-08-23 00:12:54 +0000"
    },
    "done": true
  },
  "refurbished_furniture:recipes/misc/constructing/orange_sofa": {
    "criteria": {
      "has_planks": "2024-08-22 23:29:22 +0000"
    },
    "done": true
  },
  "minecraft:recipes/building_blocks/cracked_polished_blackstone_bricks": {
    "criteria": {
      "has_polished_blackstone_bricks": "2024-08-23 00:21:08 +0000"
    },
    "done": true
  },
  "minecraft:recipes/building_blocks/gray_stained_glass": {
    "criteria": {
      "has_glass": "2024-08-23 00:12:54 +0000"
    },
    "done": true
  },
  "refurbished_furniture:recipes/misc/constructing/cherry_storage_jar": {
    "criteria": {
      "has_minecraft:glass": "2024-08-23 00:12:54 +0000"
    },
    "done": true
  },
  "minecraft:recipes/decorations/crafting_table": {
    "criteria": {
      "unlock_right_away": "2024-08-22 23:24:13 +0000"
    },
    "done": true
  },
  "minecraft:recipes/decorations/chest": {
    "criteria": {
      "has_lots_of_items": "2024-08-22 23:31:48 +0000"
    },
    "done": true
  },
  "minecraft:recipes/tools/shears": {
    "criteria": {
      "has_iron_ingot": "2024-08-22 23:45:59 +0000"
    },
    "done": true
  },
  "minecraft:recipes/misc/stick": {
    "criteria": {
      "has_planks": "2024-08-22 23:29:22 +0000"
    },
    "done": true
  },
  "doggytalents:recipes/decorations/propeller_hat": {
    "criteria": {
      "has_iron_ingot": "2024-08-22 23:45:59 +0000"
    },
    "done": true
  },
  "livingthings:recipes/cooked_elephant_from_campfire_cooking": {
    "criteria": {
      "has_elephant": "2024-08-22 23:24:54 +0000",
      "has_cooked_elephant": "2024-08-22 23:24:54 +0000"
    },
    "done": true
  },
  "livingthings:recipes/cooked_ostrich": {
    "criteria": {
      "has_ostrich": "2024-08-22 23:24:54 +0000",
      "has_cooked_ostrich": "2024-08-22 23:24:54 +0000"
    },
    "done": true
  },
  "minecraft:recipes/building_blocks/emerald_block": {
    "criteria": {
      "has_emerald": "2024-08-22 23:44:19 +0000"
    },
    "done": true
  },
  "refurbished_furniture:recipes/misc/constructing/lime_sofa": {
    "criteria": {
      "has_planks": "2024-08-22 23:29:22 +0000"
    },
    "done": true
  },
  "handcrafted:recipes/misc/oak_table": {
    "criteria": {
      "has_oak_table": "2024-08-22 23:29:22 +0000"
    },
    "done": true
  },
  "doggytalents:recipes/tools/throw_bone": {
    "criteria": {
      "has_bone": "2024-08-22 23:52:26 +0000"
    },
    "done": true
  },
  "refurbished_furniture:recipes/misc/constructing/jungle_storage_jar": {
    "criteria": {
      "has_minecraft:glass": "2024-08-23 00:12:54 +0000"
    },
    "done": true
  },
  "handcrafted:recipes/misc/spruce_shelf": {
    "criteria": {
      "has_spruce_shelf": "2024-08-23 00:29:16 +0000"
    },
    "done": true
  },
  "refurbished_furniture:recipes/misc/constructing/oak_crate": {
    "criteria": {
      "has_minecraft:oak_planks": "2024-08-22 23:29:22 +0000"
    },
    "done": true
  },
  "minecraft:recipes/redstone/lectern": {
    "criteria": {
      "has_book": "2024-08-22 23:48:15 +0000"
    },
    "done": true
  },
  "minecraft:adventure/sleep_in_bed": {
    "criteria": {
      "slept_in_bed": "2024-08-22 23:59:26 +0000"
    },
    "done": true
  },
  "refurbished_furniture:recipes/misc/constructing/spruce_kitchen_storage_cabinet": {
    "criteria": {
      "has_minecraft:spruce_planks": "2024-08-23 00:29:16 +0000"
    },
    "done": true
  },
  "handcrafted:recipes/misc/oak_corner_trim": {
    "criteria": {
      "has_oak_corner_trim": "2024-08-22 23:29:22 +0000"
    },
    "done": true
  },
  "minecraft:recipes/building_blocks/cobblestone_slab_from_cobblestone_stonecutting": {
    "criteria": {
      "has_cobblestone": "2024-08-22 23:30:49 +0000"
    },
    "done": true
  },
  "refurbished_furniture:recipes/misc/constructing/light_gray_trampoline": {
    "criteria": {
      "has_minecraft:iron_ingot": "2024-08-22 23:45:59 +0000"
    },
    "done": true
  },
  "refurbished_furniture:recipes/misc/constructing/birch_kitchen_drawer": {
    "criteria": {
      "has_minecraft:birch_planks": "2024-08-22 23:47:06 +0000"
    },
    "done": true
  },
  "minecraft:recipes/building_blocks/oak_stairs": {
    "criteria": {
      "has_planks": "2024-08-22 23:29:22 +0000"
    },
    "done": true
  },
  "minecraft:recipes/building_blocks/polished_andesite_slab_from_andesite_stonecutting": {
    "criteria": {
      "has_andesite": "2024-08-23 00:21:07 +0000"
    },
    "done": true
  },
  "minecraft:recipes/decorations/birch_sign": {
    "criteria": {
      "has_planks": "2024-08-22 23:47:06 +0000"
    },
    "done": true
  },
  "minecraft:recipes/transportation/cherry_boat": {
    "criteria": {
      "in_water": "2024-08-22 23:42:27 +0000"
    },
    "done": true
  },
  "minecraft:recipes/building_blocks/white_concrete_powder": {
    "criteria": {
      "has_sand": "2024-08-23 00:08:35 +0000"
    },
    "done": true
  },
  "refurbished_furniture:recipes/misc/constructing/mangrove_basin": {
    "criteria": {
      "has_minecraft:iron_ingot": "2024-08-22 23:45:59 +0000"
    },
    "done": true
  },
  "handcrafted:recipes/misc/oak_bench": {
    "criteria": {
      "has_oak_bench": "2024-08-22 23:29:22 +0000"
    },
    "done": true
  },
  "refurbished_furniture:recipes/misc/constructing/gray_grill": {
    "criteria": {
      "has_minecraft:iron_ingot": "2024-08-22 23:45:59 +0000"
    },
    "done": true
  },
  "refurbished_furniture:recipes/misc/constructing/red_cooler": {
    "criteria": {
      "has_planks": "2024-08-22 23:29:22 +0000"
    },
    "done": true
  },
  "minecraft:adventure/kill_all_mobs": {
    "criteria": {
      "minecraft:skeleton": "2024-08-22 23:52:07 +0000",
      "minecraft:spider": "2024-08-22 23:55:06 +0000",
      "minecraft:zombie": "2024-08-22 23:35:26 +0000"
    },
    "done": false
  },
  "minecraft:recipes/building_blocks/birch_wood": {
    "criteria": {
      "has_log": "2024-08-22 23:47:01 +0000"
    },
    "done": true
  },
  "refurbished_furniture:recipes/misc/constructing/birch_bath": {
    "criteria": {
      "has_minecraft:iron_ingot": "2024-08-22 23:45:59 +0000"
    },
    "done": true
  },
  "refurbished_furniture:recipes/misc/constructing/green_trampoline": {
    "criteria": {
      "has_minecraft:iron_ingot": "2024-08-22 23:45:59 +0000"
    },
    "done": true
  },
  "minecraft:recipes/building_blocks/lime_stained_glass": {
    "criteria": {
      "has_glass": "2024-08-23 00:12:54 +0000"
    },
    "done": true
  },
  "refurbished_furniture:recipes/misc/constructing/oak_light_ceiling_fan": {
    "criteria": {
      "has_minecraft:oak_planks": "2024-08-22 23:29:22 +0000"
    },
    "done": true
  },
  "minecraft:recipes/decorations/chain": {
    "criteria": {
      "has_iron_ingot": "2024-08-22 23:45:59 +0000"
    },
    "done": true
  },
  "refurbished_furniture:recipes/misc/constructing/brown_trampoline": {
    "criteria": {
      "has_minecraft:iron_ingot": "2024-08-22 23:45:59 +0000"
    },
    "done": true
  },
  "handcrafted:recipes/misc/berry_jam_jar": {
    "criteria": {
      "has_berry_jam_jar": "2024-08-22 23:47:15 +0000"
    },
    "done": true
  },
  "minecraft:recipes/decorations/oak_fence": {
    "criteria": {
      "has_planks": "2024-08-22 23:29:22 +0000"
    },
    "done": true
  },
  "refurbished_furniture:recipes/misc/constructing/spruce_bath": {
    "criteria": {
      "has_minecraft:iron_ingot": "2024-08-22 23:45:59 +0000"
    },
    "done": true
  },
  "refurbished_furniture:recipes/misc/constructing/crimson_light_ceiling_fan": {
    "criteria": {
      "has_minecraft:iron_ingot": "2024-08-22 23:45:59 +0000"
    },
    "done": true
  },
  "refurbished_furniture:recipes/misc/constructing/oak_basin": {
    "criteria": {
      "has_minecraft:oak_planks": "2024-08-22 23:29:22 +0000"
    },
    "done": true
  },
  "minecraft:recipes/building_blocks/chiseled_bookshelf": {
    "criteria": {
      "has_book": "2024-08-22 23:48:15 +0000"
    },
    "done": true
  },
  "minecraft:recipes/combat/golden_chestplate": {
    "criteria": {
      "has_gold_ingot": "2024-08-23 00:13:57 +0000"
    },
    "done": true
  },
  "refurbished_furniture:recipes/misc/constructing/lime_trampoline": {
    "criteria": {
      "has_minecraft:iron_ingot": "2024-08-22 23:45:59 +0000"
    },
    "done": true
  },
  "minecraft:recipes/building_blocks/iron_block": {
    "criteria": {
      "has_iron_ingot": "2024-08-22 23:45:59 +0000"
    },
    "done": true
  },
  "doggytalents:recipes/decorations/locator_orb_rei": {
    "criteria": {
      "has_string": "2024-08-22 23:55:06 +0000"
    },
    "done": true
  },
  "minecraft:recipes/misc/red_dye_from_poppy": {
    "criteria": {
      "has_poppy": "2024-08-22 23:45:59 +0000"
    },
    "done": true
  },
  "travelersbackpack:recipes/misc/gold": {
    "criteria": {
      "has_gold_ingot": "2024-08-23 00:13:57 +0000"
    },
    "done": true
  },
  "minecraft:recipes/building_blocks/spruce_wood": {
    "criteria": {
      "has_log": "2024-08-23 00:26:43 +0000"
    },
    "done": true
  },
  "minecraft:recipes/misc/yellow_dye_from_dandelion": {
    "criteria": {
      "has_dandelion": "2024-08-22 23:25:17 +0000"
    },
    "done": true
  },
  "refurbished_furniture:recipes/misc/constructing/birch_storage_cabinet": {
    "criteria": {
      "has_minecraft:iron_ingot": "2024-08-22 23:45:59 +0000"
    },
    "done": true
  },
  "refurbished_furniture:recipes/misc/constructing/light_microwave": {
    "criteria": {
      "has_minecraft:iron_ingot": "2024-08-22 23:45:59 +0000"
    },
    "done": true
  },
  "handcrafted:recipes/misc/birch_nightstand": {
    "criteria": {
      "has_birch_nightstand": "2024-08-22 23:47:06 +0000"
    },
    "done": true
  },
  "refurbished_furniture:recipes/misc/constructing/cyan_grill": {
    "criteria": {
      "has_minecraft:iron_ingot": "2024-08-22 23:45:59 +0000"
    },
    "done": true
  },
  "doggytalents:recipes/decorations/lab_coat": {
    "criteria": {
      "has_wool": "2024-08-22 23:30:07 +0000"
    },
    "done": true
  },
  "minecraft:recipes/redstone/tripwire_hook": {
    "criteria": {
      "has_string": "2024-08-22 23:55:06 +0000"
    },
    "done": true
  },
  "minecraft:recipes/misc/bone_meal": {
    "criteria": {
      "has_bone": "2024-08-22 23:52:26 +0000"
    },
    "done": true
  },
  "refurbished_furniture:recipes/misc/slicing/magenta_dye_from_allium": {
    "criteria": {
      "has_allium": "2024-08-22 23:33:06 +0000"
    },
    "done": true
  },
  "doggytalents:recipes/tools/magnifying_bone": {
    "criteria": {
      "has_gold_ingot": "2024-08-23 00:13:57 +0000"
    },
    "done": true
  },
  "refurbished_furniture:recipes/misc/constructing/dark_oak_bath": {
    "criteria": {
      "has_minecraft:iron_ingot": "2024-08-22 23:45:59 +0000"
    },
    "done": true
  },
  "minecraft:recipes/redstone/birch_fence_gate": {
    "criteria": {
      "has_planks": "2024-08-22 23:47:06 +0000"
    },
    "done": true
  },
  "handcrafted:recipes/misc/birch_table": {
    "criteria": {
      "has_birch_table": "2024-08-22 23:47:06 +0000"
    },
    "done": true
  },
  "handcrafted:recipes/misc/birch_fancy_bed": {
    "criteria": {
      "has_birch_fancy_bed": "2024-08-22 23:47:06 +0000"
    },
    "done": true
  },
  "travelersbackpack:recipes/misc/emerald": {
    "criteria": {
      "has_emerald": "2024-08-22 23:44:19 +0000"
    },
    "done": true
  },
  "travelersbackpack:recipes/misc/spider": {
    "criteria": {
      "has_string": "2024-08-22 23:55:06 +0000"
    },
    "done": true
  },
  "handcrafted:recipes/misc/birch_pillar_trim": {
    "criteria": {
      "has_birch_pillar_trim": "2024-08-22 23:47:06 +0000"
    },
    "done": true
  },
  "refurbished_furniture:recipes/misc/constructing/oak_lattice_fence_gate": {
    "criteria": {
      "has_minecraft:oak_planks": "2024-08-22 23:29:22 +0000"
    },
    "done": true
  },
  "minecraft:recipes/building_blocks/stone": {
    "criteria": {
      "has_cobblestone": "2024-08-22 23:30:49 +0000"
    },
    "done": true
  },
  "refurbished_furniture:recipes/misc/constructing/birch_toilet": {
    "criteria": {
      "has_minecraft:iron_ingot": "2024-08-22 23:45:59 +0000"
    },
    "done": true
  },
  "handcrafted:recipes/misc/white_sheet": {
    "criteria": {
      "has_white_sheet": "2024-08-22 23:30:07 +0000"
    },
    "done": true
  },
  "minecraft:recipes/transportation/bamboo_raft": {
    "criteria": {
      "in_water": "2024-08-22 23:42:27 +0000"
    },
    "done": true
  },
  "refurbished_furniture:recipes/misc/constructing/acacia_light_ceiling_fan": {
    "criteria": {
      "has_minecraft:iron_ingot": "2024-08-22 23:45:59 +0000"
    },
    "done": true
  },
  "refurbished_furniture:recipes/misc/constructing/light_blue_trampoline": {
    "criteria": {
      "has_minecraft:iron_ingot": "2024-08-22 23:45:59 +0000"
    },
    "done": true
  },
  "minecraft:recipes/decorations/smithing_table": {
    "criteria": {
      "has_iron_ingot": "2024-08-22 23:45:59 +0000"
    },
    "done": true
  },
  "refurbished_furniture:recipes/misc/constructing/spruce_storage_jar": {
    "criteria": {
      "has_minecraft:glass": "2024-08-23 00:12:54 +0000"
    },
    "done": true
  },
  "refurbished_furniture:recipes/misc/constructing/crimson_basin": {
    "criteria": {
      "has_minecraft:iron_ingot": "2024-08-22 23:45:59 +0000"
    },
    "done": true
  },
  "refurbished_furniture:recipes/misc/constructing/crimson_bath": {
    "criteria": {
      "has_minecraft:iron_ingot": "2024-08-22 23:45:59 +0000"
    },
    "done": true
  },
  "handcrafted:recipes/misc/oak_drawer": {
    "criteria": {
      "has_oak_drawer": "2024-08-22 23:29:22 +0000"
    },
    "done": true
  },
  "doggytalents:recipes/decorations/wig": {
    "criteria": {
      "has_string": "2024-08-22 23:55:06 +0000"
    },
    "done": true
  },
  "refurbished_furniture:recipes/misc/constructing/black_trampoline": {
    "criteria": {
      "has_minecraft:iron_ingot": "2024-08-22 23:45:59 +0000"
    },
    "done": true
  },
  "refurbished_furniture:recipes/misc/constructing/magenta_stool": {
    "criteria": {
      "has_planks": "2024-08-22 23:29:22 +0000"
    },
    "done": true
  },
  "handcrafted:recipes/misc/white_cushion": {
    "criteria": {
      "has_white_cushion": "2024-08-22 23:30:07 +0000"
    },
    "done": true
  },
  "travelersbackpack:recipes/decorations/white_sleeping_bag": {
    "criteria": {
      "has_white_wool": "2024-08-22 23:30:07 +0000"
    },
    "done": true
  },
  "compact_storage:barrel_me_this": {
    "criteria": {
      "got_barrel": "2024-08-22 23:24:54 +0000"
    },
    "done": true
  },
  "minecraft:recipes/misc/writable_book": {
    "criteria": {
      "has_book": "2024-08-22 23:48:15 +0000"
    },
    "done": true
  },
  "minecraft:recipes/decorations/candle": {
    "criteria": {
      "has_string": "2024-08-22 23:55:06 +0000"
    },
    "done": true
  },
  "refurbished_furniture:recipes/misc/constructing/light_stove": {
    "criteria": {
      "has_minecraft:iron_ingot": "2024-08-22 23:45:59 +0000"
    },
    "done": true
  },
  "advancednetherite:recipes/misc/netherite_emerald_ingot": {
    "criteria": {
      "has_minecraft:emerald": "2024-08-22 23:44:19 +0000"
    },
    "done": true
  },
  "minecraft:recipes/food/bread": {
    "criteria": {
      "has_wheat": "2024-08-22 23:50:14 +0000"
    },
    "done": true
  },
  "handcrafted:recipes/misc/fox_trophy": {
    "criteria": {
      "has_fox_trophy": "2024-08-22 23:29:22 +0000"
    },
    "done": true
  },
  "refurbished_furniture:recipes/misc/constructing/oak_drawer": {
    "criteria": {
      "has_minecraft:oak_planks": "2024-08-22 23:29:22 +0000"
    },
    "done": true
  },
  "minecraft:recipes/transportation/spruce_boat": {
    "criteria": {
      "in_water": "2024-08-22 23:42:27 +0000"
    },
    "done": true
  },
  "doggytalents:recipes/decorations/wool_collar_thicc": {
    "criteria": {
      "has_string": "2024-08-22 23:55:06 +0000"
    },
    "done": true
  },
  "doggytalents:recipes/tools/canine_tracker": {
    "criteria": {
      "has_gold_ingot": "2024-08-23 00:13:57 +0000"
    },
    "done": true
  },
  "refurbished_furniture:recipes/misc/constructing/green_cooler": {
    "criteria": {
      "has_planks": "2024-08-22 23:29:22 +0000"
    },
    "done": true
  },
  "minecraft:recipes/building_blocks/birch_slab": {
    "criteria": {
      "has_planks": "2024-08-22 23:47:06 +0000"
    },
    "done": true
  },
  "refurbished_furniture:recipes/misc/knife": {
    "criteria": {
      "has_iron_ingot": "2024-08-22 23:45:59 +0000"
    },
    "done": true
  },
  "refurbished_furniture:recipes/misc/workbench": {
    "criteria": {
      "has_planks": "2024-08-22 23:29:22 +0000"
    },
    "done": true
  },
  "minecraft:recipes/building_blocks/hay_block": {
    "criteria": {
      "has_wheat": "2024-08-22 23:50:14 +0000"
    },
    "done": true
  },
  "handcrafted:recipes/misc/spruce_couch": {
    "criteria": {
      "has_spruce_couch": "2024-08-23 00:29:16 +0000"
    },
    "done": true
  },
  "refurbished_furniture:recipes/misc/constructing/birch_lattice_fence": {
    "criteria": {
      "has_minecraft:stick": "2024-08-22 23:29:42 +0000"
    },
    "done": true
  },
  "livingthings:recipes/cooked_lion_from_campfire_cooking": {
    "criteria": {
      "has_cooked_lion": "2024-08-22 23:24:54 +0000",
      "has_lion": "2024-08-22 23:24:54 +0000"
    },
    "done": true
  },
  "refurbished_furniture:recipes/misc/constructing/brown_sofa": {
    "criteria": {
      "has_planks": "2024-08-22 23:29:22 +0000"
    },
    "done": true
  },
  "refurbished_furniture:recipes/misc/constructing/door_mat": {
    "criteria": {
      "has_minecraft:wheat": "2024-08-22 23:50:14 +0000"
    },
    "done": true
  },
  "minecraft:recipes/redstone/target": {
    "criteria": {
      "has_hay_block": "2024-08-22 23:48:02 +0000"
    },
    "done": true
  },
  "refurbished_furniture:recipes/misc/constructing/spruce_light_ceiling_fan": {
    "criteria": {
      "has_minecraft:iron_ingot": "2024-08-22 23:45:59 +0000"
    },
    "done": true
  },
  "minecraft:husbandry/root": {
    "criteria": {
      "consumed_item": "2024-08-22 23:34:17 +0000"
    },
    "done": true
  },
  "waystones:recipes/decorations/warp_stone": {
    "criteria": {
      "has_ender_pearl": "2024-08-22 23:51:17 +0000"
    },
    "done": true
  },
  "minecraft:recipes/transportation/birch_boat": {
    "criteria": {
      "in_water": "2024-08-22 23:42:27 +0000"
    },
    "done": true
  },
  "refurbished_furniture:recipes/misc/constructing/mangrove_storage_jar": {
    "criteria": {
      "has_minecraft:glass": "2024-08-23 00:12:54 +0000"
    },
    "done": true
  },
  "refurbished_furniture:recipes/misc/constructing/light_blue_lamp": {
    "criteria": {
      "has_planks": "2024-08-22 23:29:22 +0000"
    },
    "done": true
  },
  "handcrafted:recipes/misc/salmon_trophy": {
    "criteria": {
      "has_salmon_trophy": "2024-08-22 23:29:22 +0000"
    },
    "done": true
  },
  "handcrafted:recipes/misc/spruce_dining_bench": {
    "criteria": {
      "has_spruce_dining_bench": "2024-08-23 00:29:16 +0000"
    },
    "done": true
  },
  "minecraft:recipes/decorations/spruce_fence": {
    "criteria": {
      "has_planks": "2024-08-23 00:29:16 +0000"
    },
    "done": true
  },
  "livingthings:recipes/arrow": {
    "criteria": {
      "has_feather": "2024-08-22 23:24:54 +0000",
      "has_tooth": "2024-08-22 23:24:54 +0000"
    },
    "done": true
  },
  "minecraft:recipes/decorations/white_carpet": {
    "criteria": {
      "has_white_wool": "2024-08-22 23:30:07 +0000"
    },
    "done": true
  },
  "refurbished_furniture:recipes/misc/constructing/blue_sofa": {
    "criteria": {
      "has_planks": "2024-08-22 23:29:22 +0000"
    },
    "done": true
  },
  "minecraft:recipes/decorations/glass_pane": {
    "criteria": {
      "has_glass": "2024-08-23 00:12:54 +0000"
    },
    "done": true
  },
  "minecraft:recipes/building_blocks/magenta_stained_glass": {
    "criteria": {
      "has_glass": "2024-08-23 00:12:54 +0000"
    },
    "done": true
  },
  "refurbished_furniture:recipes/misc/constructing/warped_basin": {
    "criteria": {
      "has_minecraft:iron_ingot": "2024-08-22 23:45:59 +0000"
    },
    "done": true
  },
  "minecraft:recipes/building_blocks/polished_blackstone_brick_stairs_from_polished_blackstone_bricks_stonecutting": {
    "criteria": {
      "has_polished_blackstone_bricks": "2024-08-23 00:21:08 +0000"
    },
    "done": true
  },
  "minecraft:recipes/transportation/oak_boat": {
    "criteria": {
      "in_water": "2024-08-22 23:42:27 +0000"
    },
    "done": true
  },
  "waystones:recipes/decorations/warp_dust": {
    "criteria": {
      "has_ender_pearl": "2024-08-22 23:51:17 +0000"
    },
    "done": true
  },
  "refurbished_furniture:recipes/misc/constructing/doorbell": {
    "criteria": {
      "has_minecraft:iron_ingot": "2024-08-22 23:45:59 +0000"
    },
    "done": true
  },
  "refurbished_furniture:recipes/misc/constructing/light_lightswitch": {
    "criteria": {
      "has_minecraft:iron_ingot": "2024-08-22 23:45:59 +0000"
    },
    "done": true
  },
  "refurbished_furniture:recipes/misc/constructing/brown_cooler": {
    "criteria": {
      "has_planks": "2024-08-22 23:29:22 +0000"
    },
    "done": true
  },
  "refurbished_furniture:recipes/misc/constructing/light_blue_stool": {
    "criteria": {
      "has_planks": "2024-08-22 23:29:22 +0000"
    },
    "done": true
  },
  "minecraft:recipes/building_blocks/white_stained_glass": {
    "criteria": {
      "has_glass": "2024-08-23 00:12:54 +0000"
    },
    "done": true
  },
  "minecraft:recipes/building_blocks/andesite_slab_from_andesite_stonecutting": {
    "criteria": {
      "has_andesite": "2024-08-23 00:21:07 +0000"
    },
    "done": true
  },
  "minecraft:recipes/building_blocks/coal_block": {
    "criteria": {
      "has_coal": "2024-08-22 23:59:10 +0000"
    },
    "done": true
  },
  "handcrafted:recipes/misc/silverfish_trophy": {
    "criteria": {
      "has_silverfish_trophy": "2024-08-22 23:29:22 +0000"
    },
    "done": true
  },
  "minecraft:recipes/redstone/light_weighted_pressure_plate": {
    "criteria": {
      "has_gold_ingot": "2024-08-23 00:13:57 +0000"
    },
    "done": true
  },
  "refurbished_furniture:recipes/misc/constructing/cherry_lattice_fence": {
    "criteria": {
      "has_minecraft:stick": "2024-08-22 23:29:42 +0000"
    },
    "done": true
  },
  "minecraft:recipes/building_blocks/spruce_slab": {
    "criteria": {
      "has_planks": "2024-08-23 00:29:16 +0000"
    },
    "done": true
  },
  "handcrafted:recipes/misc/tropical_fish_trophy": {
    "criteria": {
      "has_tropical_fish_trophy": "2024-08-22 23:29:22 +0000"
    },
    "done": true
  },
  "refurbished_furniture:recipes/misc/constructing/mangrove_toilet": {
    "criteria": {
      "has_minecraft:iron_ingot": "2024-08-22 23:45:59 +0000"
    },
    "done": true
  },
  "refurbished_furniture:recipes/misc/constructing/purple_cooler": {
    "criteria": {
      "has_planks": "2024-08-22 23:29:22 +0000"
    },
    "done": true
  },
  "refurbished_furniture:recipes/misc/slicing/yellow_dye_from_dandelion": {
    "criteria": {
      "has_dandelion": "2024-08-22 23:25:17 +0000"
    },
    "done": true
  },
  "handcrafted:recipes/misc/oak_couch": {
    "criteria": {
      "has_oak_couch": "2024-08-22 23:29:22 +0000"
    },
    "done": true
  },
  "doggytalents:recipes/decorations/locator_orb_shin": {
    "criteria": {
      "has_string": "2024-08-22 23:55:06 +0000"
    },
    "done": true
  },
  "refurbished_furniture:recipes/misc/constructing/warped_storage_cabinet": {
    "criteria": {
      "has_minecraft:iron_ingot": "2024-08-22 23:45:59 +0000"
    },
    "done": true
  },
  "refurbished_furniture:recipes/misc/constructing/red_trampoline": {
    "criteria": {
      "has_minecraft:iron_ingot": "2024-08-22 23:45:59 +0000"
    },
    "done": true
  },
  "refurbished_furniture:recipes/misc/constructing/cyan_cooler": {
    "criteria": {
      "has_planks": "2024-08-22 23:29:22 +0000"
    },
    "done": true
  },
  "refurbished_furniture:recipes/misc/constructing/oak_chair": {
    "criteria": {
      "has_minecraft:oak_planks": "2024-08-22 23:29:22 +0000"
    },
    "done": true
  },
  "minecraft:recipes/redstone/oak_button": {
    "criteria": {
      "has_planks": "2024-08-22 23:29:22 +0000"
    },
    "done": true
  },
  "refurbished_furniture:recipes/misc/constructing/light_gray_cooler": {
    "criteria": {
      "has_planks": "2024-08-22 23:29:22 +0000"
    },
    "done": true
  },
  "refurbished_furniture:recipes/misc/constructing/white_cooler": {
    "criteria": {
      "has_planks": "2024-08-22 23:29:22 +0000"
    },
    "done": true
  },
  "handcrafted:recipes/misc/birch_dining_bench": {
    "criteria": {
      "has_birch_dining_bench": "2024-08-22 23:47:06 +0000"
    },
    "done": true
  },
  "minecraft:recipes/misc/magenta_dye_from_allium": {
    "criteria": {
      "has_allium": "2024-08-22 23:33:06 +0000"
    },
    "done": true
  },
  "minecraft:recipes/decorations/decorated_pot_simple": {
    "criteria": {
      "has_brick": "2024-08-22 23:56:10 +0000"
    },
    "done": true
  },
  "refurbished_furniture:recipes/misc/constructing/dark_oak_storage_jar": {
    "criteria": {
      "has_minecraft:glass": "2024-08-23 00:12:54 +0000"
    },
    "done": true
  },
  "minecraft:recipes/building_blocks/birch_stairs": {
    "criteria": {
      "has_planks": "2024-08-22 23:47:06 +0000"
    },
    "done": true
  },
  "refurbished_furniture:recipes/misc/constructing/red_sofa": {
    "criteria": {
      "has_planks": "2024-08-22 23:29:22 +0000"
    },
    "done": true
  },
  "refurbished_furniture:recipes/misc/constructing/spruce_cutting_board": {
    "criteria": {
      "has_minecraft:spruce_planks": "2024-08-23 00:29:16 +0000"
    },
    "done": true
  },
  "handcrafted:recipes/misc/oak_shelf": {
    "criteria": {
      "has_oak_shelf": "2024-08-22 23:29:22 +0000"
    },
    "done": true
  },
  "refurbished_furniture:recipes/misc/constructing/blue_trampoline": {
    "criteria": {
      "has_minecraft:iron_ingot": "2024-08-22 23:45:59 +0000"
    },
    "done": true
  },
  "handcrafted:recipes/misc/spider_trophy": {
    "criteria": {
      "has_spider_trophy": "2024-08-22 23:29:22 +0000"
    },
    "done": true
  },
  "livingthings:recipes/cooked_elephant_from_smoking": {
    "criteria": {
      "has_elephant": "2024-08-22 23:24:54 +0000",
      "has_cooked_elephant": "2024-08-22 23:24:54 +0000"
    },
    "done": true
  },
  "handcrafted:recipes/misc/oak_pillar_trim": {
    "criteria": {
      "has_oak_pillar_trim": "2024-08-22 23:29:22 +0000"
    },
    "done": true
  },
  "refurbished_furniture:recipes/misc/constructing/warped_light_ceiling_fan": {
    "criteria": {
      "has_minecraft:iron_ingot": "2024-08-22 23:45:59 +0000"
    },
    "done": true
  },
  "minecraft:recipes/combat/iron_sword": {
    "criteria": {
      "has_iron_ingot": "2024-08-22 23:45:59 +0000"
    },
    "done": true
  },
  "handcrafted:recipes/misc/bear_trophy": {
    "criteria": {
      "has_bear_trophy": "2024-08-22 23:29:22 +0000"
    },
    "done": true
  },
  "minecraft:recipes/building_blocks/lime_concrete_powder": {
    "criteria": {
      "has_sand": "2024-08-23 00:08:35 +0000"
    },
    "done": true
  },
  "minecraft:recipes/tools/iron_pickaxe": {
    "criteria": {
      "has_iron_ingot": "2024-08-22 23:45:59 +0000"
    },
    "done": true
  },
  "refurbished_furniture:recipes/misc/constructing/blue_lamp": {
    "criteria": {
      "has_planks": "2024-08-22 23:29:22 +0000"
    },
    "done": true
  },
  "doggytalents:recipes/tools/empty_locator_orb": {
    "criteria": {
      "has_string": "2024-08-22 23:55:06 +0000"
    },
    "done": true
  },
  "refurbished_furniture:recipes/misc/constructing/spruce_toilet": {
    "criteria": {
      "has_minecraft:iron_ingot": "2024-08-22 23:45:59 +0000"
    },
    "done": true
  },
  "refurbished_furniture:recipes/misc/constructing/red_stool": {
    "criteria": {
      "has_planks": "2024-08-22 23:29:22 +0000"
    },
    "done": true
  },
  "minecraft:recipes/transportation/mangrove_boat": {
    "criteria": {
      "in_water": "2024-08-22 23:42:27 +0000"
    },
    "done": true
  },
  "minecraft:recipes/redstone/spruce_button": {
    "criteria": {
      "has_planks": "2024-08-23 00:29:16 +0000"
    },
    "done": true
  },
  "minecraft:recipes/decorations/torch": {
    "criteria": {
      "has_stone_pickaxe": "2024-08-22 23:31:40 +0000"
    },
    "done": true
  },
  "handcrafted:recipes/misc/oak_chair": {
    "criteria": {
      "has_oak_chair": "2024-08-22 23:29:22 +0000"
    },
    "done": true
  },
  "doggytalents:recipes/decorations/bach_wig": {
    "criteria": {
      "has_string": "2024-08-22 23:55:06 +0000"
    },
    "done": true
  },
  "minecraft:recipes/combat/shield": {
    "criteria": {
      "has_iron_ingot": "2024-08-22 23:45:59 +0000"
    },
    "done": true
  },
  "refurbished_furniture:recipes/misc/wrench": {
    "criteria": {
      "has_iron_ingot": "2024-08-22 23:45:59 +0000"
    },
    "done": true
  },
  "minecraft:recipes/redstone/hopper": {
    "criteria": {
      "has_iron_ingot": "2024-08-22 23:45:59 +0000"
    },
    "done": true
  },
  "refurbished_furniture:recipes/misc/constructing/spruce_mail_box": {
    "criteria": {
      "has_minecraft:spruce_planks": "2024-08-23 00:29:16 +0000"
    },
    "done": true
  },
  "doggytalents:recipes/decorations/baker_hat": {
    "criteria": {
      "has_bread": "2024-08-22 23:44:59 +0000"
    },
    "done": true
  },
  "livingthings:recipes/cooked_giraffe": {
    "criteria": {
      "has_giraffe": "2024-08-22 23:24:54 +0000",
      "has_cooked_giraffe": "2024-08-22 23:24:54 +0000"
    },
    "done": true
  },
  "doggytalents:recipes/decorations/beastars_uniform_male": {
    "criteria": {
      "has_wool": "2024-08-22 23:30:07 +0000"
    },
    "done": true
  },
  "handcrafted:recipes/misc/birch_chair": {
    "criteria": {
      "has_birch_chair": "2024-08-22 23:47:06 +0000"
    },
    "done": true
  },
  "travelersbackpack:recipes/misc/iron": {
    "criteria": {
      "has_iron_ingot": "2024-08-22 23:45:59 +0000"
    },
    "done": true
  },
  "minecraft:recipes/building_blocks/andesite_stairs_from_andesite_stonecutting": {
    "criteria": {
      "has_andesite": "2024-08-23 00:21:07 +0000"
    },
    "done": true
  },
  "minecraft:recipes/decorations/iron_bars": {
    "criteria": {
      "has_iron_ingot": "2024-08-22 23:45:59 +0000"
    },
    "done": true
  },
  "minecraft:recipes/building_blocks/red_stained_glass": {
    "criteria": {
      "has_glass": "2024-08-23 00:12:54 +0000"
    },
    "done": true
  },
  "minecraft:recipes/building_blocks/spruce_planks": {
    "criteria": {
      "has_logs": "2024-08-23 00:26:43 +0000"
    },
    "done": true
  },
  "refurbished_furniture:recipes/misc/constructing/lime_stool": {
    "criteria": {
      "has_planks": "2024-08-22 23:29:22 +0000"
    },
    "done": true
  },
  "handcrafted:recipes/misc/spruce_nightstand": {
    "criteria": {
      "has_spruce_nightstand": "2024-08-23 00:29:16 +0000"
    },
    "done": true
  },
  "refurbished_furniture:recipes/misc/constructing/warped_bath": {
    "criteria": {
      "has_minecraft:iron_ingot": "2024-08-22 23:45:59 +0000"
    },
    "done": true
  },
  "refurbished_furniture:recipes/misc/constructing/green_grill": {
    "criteria": {
      "has_minecraft:iron_ingot": "2024-08-22 23:45:59 +0000"
    },
    "done": true
  },
  "refurbished_furniture:recipes/misc/constructing/andesite_stepping_stones": {
    "criteria": {
      "has_minecraft:andesite": "2024-08-23 00:21:07 +0000"
    },
    "done": true
  },
  "refurbished_furniture:recipes/misc/constructing/brown_grill": {
    "criteria": {
      "has_minecraft:iron_ingot": "2024-08-22 23:45:59 +0000"
    },
    "done": true
  },
  "refurbished_furniture:recipes/misc/constructing/acacia_basin": {
    "criteria": {
      "has_minecraft:iron_ingot": "2024-08-22 23:45:59 +0000"
    },
    "done": true
  },
  "livingthings:recipes/cooked_giraffe_from_campfire_cooking": {
    "criteria": {
      "has_giraffe": "2024-08-22 23:24:54 +0000",
      "has_cooked_giraffe": "2024-08-22 23:24:54 +0000"
    },
    "done": true
  },
  "handcrafted:recipes/misc/pufferfish_trophy": {
    "criteria": {
      "has_pufferfish_trophy": "2024-08-22 23:29:22 +0000"
    },
    "done": true
  },
  "refurbished_furniture:recipes/misc/constructing/magenta_lamp": {
    "criteria": {
      "has_planks": "2024-08-22 23:29:22 +0000"
    },
    "done": true
  },
  "minecraft:recipes/building_blocks/orange_concrete_powder": {
    "criteria": {
      "has_sand": "2024-08-23 00:08:35 +0000"
    },
    "done": true
  },
  "minecraft:recipes/building_blocks/oak_slab": {
    "criteria": {
      "has_planks": "2024-08-22 23:29:22 +0000"
    },
    "done": true
  },
  "doggytalents:recipes/decorations/tengu_mask": {
    "criteria": {
      "has_string": "2024-08-22 23:55:06 +0000"
    },
    "done": true
  },
  "refurbished_furniture:recipes/misc/constructing/purple_grill": {
    "criteria": {
      "has_minecraft:iron_ingot": "2024-08-22 23:45:59 +0000"
    },
    "done": true
  },
  "refurbished_furniture:recipes/misc/constructing/television": {
    "criteria": {
      "has_minecraft:iron_ingot": "2024-08-22 23:45:59 +0000"
    },
    "done": true
  },
  "handcrafted:recipes/misc/spruce_bench": {
    "criteria": {
      "has_spruce_bench": "2024-08-23 00:29:16 +0000"
    },
    "done": true
  },
  "minecraft:recipes/brewing/glass_bottle": {
    "criteria": {
      "has_glass": "2024-08-23 00:12:54 +0000"
    },
    "done": true
  },
  "travelersbackpack:recipes/misc/iron_tier_upgrade": {
    "criteria": {
      "has_iron_ingot": "2024-08-22 23:45:59 +0000"
    },
    "done": true
  },
  "refurbished_furniture:recipes/misc/constructing/gray_lamp": {
    "criteria": {
      "has_planks": "2024-08-22 23:29:22 +0000"
    },
    "done": true
  },
  "refurbished_furniture:recipes/misc/constructing/warped_lattice_fence_gate": {
    "criteria": {
      "has_minecraft:stick": "2024-08-22 23:29:42 +0000"
    },
    "done": true
  },
  "handcrafted:recipes/misc/birch_cupboard": {
    "criteria": {
      "has_birch_cupboard": "2024-08-22 23:47:06 +0000"
    },
    "done": true
  },
  "compact_storage:storage_on_the_move": {
    "criteria": {
      "got_backpack": "2024-08-22 23:24:54 +0000"
    },
    "done": true
  },
  "minecraft:recipes/misc/lime_dye_from_smelting": {
    "criteria": {
      "has_sea_pickle": "2024-08-22 23:48:02 +0000"
    },
    "done": true
  },
  "livingthings:recipes/cooked_lion_from_smoking": {
    "criteria": {
      "has_cooked_lion": "2024-08-22 23:24:54 +0000",
      "has_lion": "2024-08-22 23:24:54 +0000"
    },
    "done": true
  },
  "refurbished_furniture:recipes/misc/constructing/acacia_storage_cabinet": {
    "criteria": {
      "has_minecraft:iron_ingot": "2024-08-22 23:45:59 +0000"
    },
    "done": true
  },
  "refurbished_furniture:recipes/misc/constructing/spruce_basin": {
    "criteria": {
      "has_minecraft:iron_ingot": "2024-08-22 23:45:59 +0000"
    },
    "done": true
  },
  "refurbished_furniture:recipes/misc/constructing/jungle_basin": {
    "criteria": {
      "has_minecraft:iron_ingot": "2024-08-22 23:45:59 +0000"
    },
    "done": true
  },
  "minecraft:recipes/combat/iron_boots": {
    "criteria": {
      "has_iron_ingot": "2024-08-22 23:45:59 +0000"
    },
    "done": true
  },
  "minecraft:recipes/building_blocks/birch_planks": {
    "criteria": {
      "has_logs": "2024-08-22 23:47:01 +0000"
    },
    "done": true
  },
  "minecraft:recipes/redstone/spruce_pressure_plate": {
    "criteria": {
      "has_planks": "2024-08-23 00:29:16 +0000"
    },
    "done": true
  },
  "refurbished_furniture:recipes/misc/constructing/light_blue_sofa": {
    "criteria": {
      "has_planks": "2024-08-22 23:29:22 +0000"
    },
    "done": true
  },
  "travelersbackpack:recipes/misc/hose_nozzle": {
    "criteria": {
      "has_iron": "2024-08-22 23:45:59 +0000"
    },
    "done": true
  },
  "refurbished_furniture:recipes/misc/constructing/pink_trampoline": {
    "criteria": {
      "has_minecraft:iron_ingot": "2024-08-22 23:45:59 +0000"
    },
    "done": true
  },
  "travelersbackpack:recipes/misc/skeleton": {
    "criteria": {
      "has_arrow": "2024-08-22 23:52:21 +0000"
    },
    "done": true
  },
  "refurbished_furniture:recipes/misc/constructing/birch_drawer": {
    "criteria": {
      "has_minecraft:birch_planks": "2024-08-22 23:47:06 +0000"
    },
    "done": true
  },
  "refurbished_furniture:recipes/misc/slicing/red_dye_from_poppy": {
    "criteria": {
      "has_poppy": "2024-08-22 23:45:59 +0000"
    },
    "done": true
  },
  "refurbished_furniture:recipes/misc/constructing/birch_table": {
    "criteria": {
      "has_minecraft:birch_planks": "2024-08-22 23:47:06 +0000"
    },
    "done": true
  },
  "refurbished_furniture:recipes/misc/constructing/black_sofa": {
    "criteria": {
      "has_planks": "2024-08-22 23:29:22 +0000"
    },
    "done": true
  },
  "refurbished_furniture:recipes/misc/constructing/light_gray_sofa": {
    "criteria": {
      "has_planks": "2024-08-22 23:29:22 +0000"
    },
    "done": true
  },
  "minecraft:recipes/misc/iron_ingot_from_smelting_raw_iron": {
    "criteria": {
      "has_raw_iron": "2024-08-23 00:03:48 +0000"
    },
    "done": true
  },
  "handcrafted:recipes/misc/spruce_pillar_trim": {
    "criteria": {
      "has_spruce_pillar_trim": "2024-08-23 00:29:16 +0000"
    },
    "done": true
  },
  "minecraft:recipes/tools/stone_pickaxe": {
    "criteria": {
      "has_cobblestone": "2024-08-22 23:30:49 +0000"
    },
    "done": true
  },
  "livingthings:recipes/cooked_ostrich_from_smoking": {
    "criteria": {
      "has_ostrich": "2024-08-22 23:24:54 +0000",
      "has_cooked_ostrich": "2024-08-22 23:24:54 +0000"
    },
    "done": true
  },
  "minecraft:recipes/building_blocks/light_gray_stained_glass": {
    "criteria": {
      "has_glass": "2024-08-23 00:12:54 +0000"
    },
    "done": true
  },
  "livingthings:recipes/cooked_lion": {
    "criteria": {
      "has_cooked_lion": "2024-08-22 23:24:54 +0000",
      "has_lion": "2024-08-22 23:24:54 +0000"
    },
    "done": true
  },
  "refurbished_furniture:recipes/misc/constructing/frying_pan": {
    "criteria": {
      "has_minecraft:iron_ingot": "2024-08-22 23:45:59 +0000"
    },
    "done": true
  },
  "refurbished_furniture:recipes/misc/constructing/purple_sofa": {
    "criteria": {
      "has_planks": "2024-08-22 23:29:22 +0000"
    },
    "done": true
  },
  "minecraft:recipes/decorations/lantern": {
    "criteria": {
      "has_iron_ingot": "2024-08-22 23:45:59 +0000"
    },
    "done": true
  },
  "handcrafted:recipes/misc/golden_medium_pot": {
    "criteria": {
      "has_golden_medium_pot": "2024-08-23 00:08:16 +0000"
    },
    "done": true
  },
  "refurbished_furniture:recipes/misc/constructing/spruce_crate": {
    "criteria": {
      "has_minecraft:spruce_planks": "2024-08-23 00:29:16 +0000"
    },
    "done": true
  },
  "minecraft:recipes/food/cooked_mutton": {
    "criteria": {
      "has_mutton": "2024-08-22 23:30:07 +0000"
    },
    "done": true
  },
  "minecraft:recipes/building_blocks/magenta_concrete_powder": {
    "criteria": {
      "has_sand": "2024-08-23 00:08:35 +0000"
    },
    "done": true
  },
  "minecraft:recipes/decorations/campfire": {
    "criteria": {
      "has_stick": "2024-08-22 23:29:42 +0000"
    },
    "done": true
  },
  "handcrafted:recipes/misc/kitchen_hood_pipe": {
    "criteria": {
      "has_kitchen_hood_pipe": "2024-08-23 00:28:03 +0000"
    },
    "done": true
  },
  "refurbished_furniture:recipes/misc/constructing/dark_oak_lattice_fence": {
    "criteria": {
      "has_minecraft:stick": "2024-08-22 23:29:42 +0000"
    },
    "done": true
  },
  "refurbished_furniture:recipes/misc/constructing/jungle_storage_cabinet": {
    "criteria": {
      "has_minecraft:iron_ingot": "2024-08-22 23:45:59 +0000"
    },
    "done": true
  },
  "compact_storage:drum_me_up": {
    "criteria": {
      "got_drum": "2024-08-22 23:24:54 +0000"
    },
    "done": true
  },
  "doggytalents:recipes/decorations/conan_suit": {
    "criteria": {
      "has_wool": "2024-08-22 23:30:07 +0000"
    },
    "done": true
  },
  "minecraft:recipes/tools/wooden_hoe": {
    "criteria": {
      "has_stick": "2024-08-22 23:29:42 +0000"
    },
    "done": true
  },
  "handcrafted:recipes/misc/oak_dining_bench": {
    "criteria": {
      "has_oak_dining_bench": "2024-08-22 23:29:22 +0000"
    },
    "done": true
  },
  "refurbished_furniture:recipes/misc/constructing/oak_lattice_fence": {
    "criteria": {
      "has_minecraft:oak_planks": "2024-08-22 23:29:22 +0000"
    },
    "done": true
  },
  "travelersbackpack:recipes/misc/sheep": {
    "criteria": {
      "has_white_wool": "2024-08-22 23:30:07 +0000"
    },
    "done": true
  },
  "minecraft:recipes/decorations/white_banner": {
    "criteria": {
      "has_white_wool": "2024-08-22 23:30:07 +0000"
    },
    "done": true
  },
  "refurbished_furniture:recipes/misc/constructing/gray_cooler": {
    "criteria": {
      "has_planks": "2024-08-22 23:29:22 +0000"
    },
    "done": true
  },
  "minecraft:recipes/redstone/oak_fence_gate": {
    "criteria": {
      "has_planks": "2024-08-22 23:29:22 +0000"
    },
    "done": true
  },
  "handcrafted:recipes/misc/oak_desk": {
    "criteria": {
      "has_oak_desk": "2024-08-22 23:29:22 +0000"
    },
    "done": true
  },
  "livingthings:recipes/cooked_crab_from_campfire_cooking": {
    "criteria": {
      "has_cooked_crab": "2024-08-22 23:24:54 +0000",
      "has_crab": "2024-08-22 23:24:54 +0000"
    },
    "done": true
  },
  "refurbished_furniture:recipes/misc/constructing/birch_kitchen_storage_cabinet": {
    "criteria": {
      "has_minecraft:birch_planks": "2024-08-22 23:47:06 +0000"
    },
    "done": true
  },
  "handcrafted:recipes/misc/birch_side_table": {
    "criteria": {
      "has_birch_side_table": "2024-08-22 23:47:06 +0000"
    },
    "done": true
  },
  "minecraft:recipes/misc/charcoal": {
    "criteria": {
      "has_log": "2024-08-22 23:29:11 +0000"
    },
    "done": true
  },
  "doggytalents:recipes/decorations/locator_orb_jin": {
    "criteria": {
      "has_string": "2024-08-22 23:55:06 +0000"
    },
    "done": true
  },
  "minecraft:recipes/tools/wooden_pickaxe": {
    "criteria": {
      "has_stick": "2024-08-22 23:29:42 +0000"
    },
    "done": true
  },
  "minecraft:recipes/building_blocks/polished_andesite_from_andesite_stonecutting": {
    "criteria": {
      "has_andesite": "2024-08-23 00:21:07 +0000"
    },
    "done": true
  },
  "minecraft:recipes/tools/iron_shovel": {
    "criteria": {
      "has_iron_ingot": "2024-08-22 23:45:59 +0000"
    },
    "done": true
  },
  "refurbished_furniture:recipes/misc/constructing/acacia_lattice_fence": {
    "criteria": {
      "has_minecraft:stick": "2024-08-22 23:29:42 +0000"
    },
    "done": true
  },
  "handcrafted:recipes/misc/bench": {
    "criteria": {
      "has_bench": "2024-08-22 23:45:59 +0000"
    },
    "done": true
  },
  "minecraft:recipes/food/baked_potato_from_smoking": {
    "criteria": {
      "has_potato": "2024-08-22 23:47:53 +0000"
    },
    "done": true
  },
  "doggytalents:recipes/food/training_treat": {
    "criteria": {
      "has_dtn_rice_grains": "2024-08-22 23:28:16 +0000"
    },
    "done": true
  },
  "doggytalents:recipes/decorations/wool_collar": {
    "criteria": {
      "has_string": "2024-08-22 23:55:06 +0000"
    },
    "done": true
  },
  "travelersbackpack:recipes/misc/enderman": {
    "criteria": {
      "has_ender_pearl": "2024-08-22 23:51:17 +0000"
    },
    "done": true
  },
  "minecraft:story/upgrade_tools": {
    "criteria": {
      "stone_pickaxe": "2024-08-22 23:31:40 +0000"
    },
    "done": true
  },
  "handcrafted:recipes/misc/spruce_drawer": {
    "criteria": {
      "has_spruce_drawer": "2024-08-23 00:29:16 +0000"
    },
    "done": true
  },
  "refurbished_furniture:recipes/misc/constructing/light_gray_stool": {
    "criteria": {
      "has_planks": "2024-08-22 23:29:22 +0000"
    },
    "done": true
  },
  "doggytalents:recipes/misc/gender_bone": {
    "criteria": {
      "has_string": "2024-08-22 23:55:06 +0000"
    },
    "done": true
  },
  "refurbished_furniture:recipes/misc/constructing/white_trampoline": {
    "criteria": {
      "has_minecraft:iron_ingot": "2024-08-22 23:45:59 +0000"
    },
    "done": true
  },
  "refurbished_furniture:recipes/misc/constructing/oak_kitchen_storage_cabinet": {
    "criteria": {
      "has_minecraft:oak_planks": "2024-08-22 23:29:22 +0000"
    },
    "done": true
  },
  "travelersbackpack:recipes/misc/wolf": {
    "criteria": {
      "has_bone": "2024-08-22 23:52:26 +0000"
    },
    "done": true
  },
  "refurbished_furniture:recipes/misc/constructing/white_stool": {
    "criteria": {
      "has_planks": "2024-08-22 23:29:22 +0000"
    },
    "done": true
  },
  "minecraft:recipes/building_blocks/cyan_stained_glass": {
    "criteria": {
      "has_glass": "2024-08-23 00:12:54 +0000"
    },
    "done": true
  },
  "advancednetherite:recipes/misc/netherite_gold_ingot": {
    "criteria": {
      "has_minecraft:gold_ingot": "2024-08-23 00:13:57 +0000"
    },
    "done": true
  },
  "refurbished_furniture:recipes/misc/constructing/jungle_light_ceiling_fan": {
    "criteria": {
      "has_minecraft:iron_ingot": "2024-08-22 23:45:59 +0000"
    },
    "done": true
  },
  "minecraft:recipes/redstone/oak_pressure_plate": {
    "criteria": {
      "has_planks": "2024-08-22 23:29:22 +0000"
    },
    "done": true
  },
  "refurbished_furniture:recipes/misc/constructing/birch_kitchen_cabinetry": {
    "criteria": {
      "has_minecraft:birch_planks": "2024-08-22 23:47:06 +0000"
    },
    "done": true
  },
  "refurbished_furniture:recipes/misc/constructing/oak_kitchen_cabinetry": {
    "criteria": {
      "has_minecraft:oak_planks": "2024-08-22 23:29:22 +0000"
    },
    "done": true
  },
  "refurbished_furniture:recipes/misc/constructing/orange_grill": {
    "criteria": {
      "has_minecraft:iron_ingot": "2024-08-22 23:45:59 +0000"
    },
    "done": true
  },
  "doggytalents:recipes/decorations/kitsune_mask": {
    "criteria": {
      "has_string": "2024-08-22 23:55:06 +0000"
    },
    "done": true
  },
  "refurbished_furniture:recipes/misc/constructing/mangrove_lattice_fence": {
    "criteria": {
      "has_minecraft:stick": "2024-08-22 23:29:42 +0000"
    },
    "done": true
  },
  "handcrafted:recipes/misc/birch_counter": {
    "criteria": {
      "has_birch_counter": "2024-08-22 23:47:06 +0000"
    },
    "done": true
  },
  "refurbished_furniture:recipes/misc/constructing/cherry_lattice_fence_gate": {
    "criteria": {
      "has_minecraft:stick": "2024-08-22 23:29:42 +0000"
    },
    "done": true
  },
  "refurbished_furniture:recipes/misc/constructing/blue_grill": {
    "criteria": {
      "has_minecraft:iron_ingot": "2024-08-22 23:45:59 +0000"
    },
    "done": true
  },
  "minecraft:recipes/building_blocks/polished_andesite": {
    "criteria": {
      "has_andesite": "2024-08-23 00:21:07 +0000"
    },
    "done": true
  },
  "minecraft:recipes/redstone/oak_door": {
    "criteria": {
      "has_planks": "2024-08-22 23:29:22 +0000"
    },
    "done": true
  },
  "refurbished_furniture:recipes/misc/constructing/yellow_stool": {
    "criteria": {
      "has_planks": "2024-08-22 23:29:22 +0000"
    },
    "done": true
  },
  "refurbished_furniture:recipes/misc/constructing/oak_desk": {
    "criteria": {
      "has_minecraft:oak_planks": "2024-08-22 23:29:22 +0000"
    },
    "done": true
  },
  "handcrafted:recipes/misc/goat_trophy": {
    "criteria": {
      "has_goat_trophy": "2024-08-22 23:29:22 +0000"
    },
    "done": true
  },
  "minecraft:recipes/redstone/birch_trapdoor": {
    "criteria": {
      "has_planks": "2024-08-22 23:47:06 +0000"
    },
    "done": true
  },
  "refurbished_furniture:recipes/misc/constructing/black_lamp": {
    "criteria": {
      "has_planks": "2024-08-22 23:29:22 +0000"
    },
    "done": true
  },
  "minecraft:recipes/redstone/spruce_trapdoor": {
    "criteria": {
      "has_planks": "2024-08-23 00:29:16 +0000"
    },
    "done": true
  },
  "minecraft:recipes/decorations/polished_blackstone_brick_wall_from_polished_blackstone_bricks_stonecutting": {
    "criteria": {
      "has_polished_blackstone_bricks": "2024-08-23 00:21:08 +0000"
    },
    "done": true
  },
  "minecraft:recipes/food/cooked_mutton_from_campfire_cooking": {
    "criteria": {
      "has_mutton": "2024-08-22 23:30:07 +0000"
    },
    "done": true
  },
  "handcrafted:recipes/misc/birch_bench": {
    "criteria": {
      "has_birch_bench": "2024-08-22 23:47:06 +0000"
    },
    "done": true
  },
  "minecraft:recipes/redstone/spruce_door": {
    "criteria": {
      "has_planks": "2024-08-23 00:29:16 +0000"
    },
    "done": true
  },
  "refurbished_furniture:recipes/misc/constructing/birch_storage_jar": {
    "criteria": {
      "has_minecraft:birch_planks": "2024-08-22 23:47:06 +0000"
    },
    "done": true
  },
  "minecraft:recipes/building_blocks/yellow_concrete_powder": {
    "criteria": {
      "has_sand": "2024-08-23 00:08:35 +0000"
    },
    "done": true
  },
  "minecraft:recipes/redstone/spruce_fence_gate": {
    "criteria": {
      "has_planks": "2024-08-23 00:29:16 +0000"
    },
    "done": true
  },
  "minecraft:recipes/building_blocks/purple_stained_glass": {
    "criteria": {
      "has_glass": "2024-08-23 00:12:54 +0000"
    },
    "done": true
  },
  "minecraft:recipes/combat/golden_sword": {
    "criteria": {
      "has_gold_ingot": "2024-08-23 00:13:57 +0000"
    },
    "done": true
  },
  "minecraft:recipes/tools/wooden_shovel": {
    "criteria": {
      "has_stick": "2024-08-22 23:29:42 +0000"
    },
    "done": true
  },
  "refurbished_furniture:recipes/misc/constructing/light_range_hood": {
    "criteria": {
      "has_minecraft:iron_ingot": "2024-08-22 23:45:59 +0000"
    },
    "done": true
  },
  "minecraft:recipes/building_blocks/polished_blackstone_brick_slab_from_polished_blackstone_bricks_stonecutting": {
    "criteria": {
      "has_polished_blackstone_bricks": "2024-08-23 00:21:08 +0000"
    },
    "done": true
  },
  "refurbished_furniture:recipes/misc/constructing/mangrove_light_ceiling_fan": {
    "criteria": {
      "has_minecraft:iron_ingot": "2024-08-22 23:45:59 +0000"
    },
    "done": true
  },
  "handcrafted:recipes/misc/oak_cupboard": {
    "criteria": {
      "has_oak_cupboard": "2024-08-22 23:29:22 +0000"
    },
    "done": true
  },
  "minecraft:recipes/building_blocks/cobblestone_slab": {
    "criteria": {
      "has_cobblestone": "2024-08-22 23:30:49 +0000"
    },
    "done": true
  },
  "refurbished_furniture:recipes/misc/constructing/post_box": {
    "criteria": {
      "has_planks": "2024-08-22 23:29:22 +0000"
    },
    "done": true
  },
  "refurbished_furniture:recipes/misc/constructing/birch_mail_box": {
    "criteria": {
      "has_minecraft:birch_planks": "2024-08-22 23:47:06 +0000"
    },
    "done": true
  },
  "minecraft:recipes/building_blocks/yellow_stained_glass": {
    "criteria": {
      "has_glass": "2024-08-23 00:12:54 +0000"
    },
    "done": true
  },
  "minecraft:recipes/building_blocks/gold_block": {
    "criteria": {
      "has_gold_ingot": "2024-08-23 00:13:57 +0000"
    },
    "done": true
  },
  "handcrafted:recipes/misc/birch_drawer": {
    "criteria": {
      "has_birch_drawer": "2024-08-22 23:47:06 +0000"
    },
    "done": true
  },
  "minecraft:recipes/building_blocks/sandstone": {
    "criteria": {
      "has_sand": "2024-08-23 00:08:35 +0000"
    },
    "done": true
  },
  "refurbished_furniture:recipes/misc/constructing/pink_lamp": {
    "criteria": {
      "has_planks": "2024-08-22 23:29:22 +0000"
    },
    "done": true
  },
  "refurbished_furniture:recipes/misc/constructing/spruce_desk": {
    "criteria": {
      "has_minecraft:spruce_planks": "2024-08-23 00:29:16 +0000"
    },
    "done": true
  },
  "refurbished_furniture:recipes/misc/constructing/lime_cooler": {
    "criteria": {
      "has_planks": "2024-08-22 23:29:22 +0000"
    },
    "done": true
  },
  "minecraft:recipes/transportation/acacia_boat": {
    "criteria": {
      "in_water": "2024-08-22 23:42:27 +0000"
    },
    "done": true
  },
  "minecraft:recipes/redstone/iron_trapdoor": {
    "criteria": {
      "has_iron_ingot": "2024-08-22 23:45:59 +0000"
    },
    "done": true
  },
  "refurbished_furniture:recipes/misc/constructing/oak_storage_cabinet": {
    "criteria": {
      "has_minecraft:oak_planks": "2024-08-22 23:29:22 +0000"
    },
    "done": true
  },
  "minecraft:adventure/root": {
    "criteria": {
      "killed_something": "2024-08-22 23:28:36 +0000"
    },
    "done": true
  },
  "refurbished_furniture:recipes/misc/constructing/spruce_storage_cabinet": {
    "criteria": {
      "has_minecraft:iron_ingot": "2024-08-22 23:45:59 +0000"
    },
    "done": true
  },
  "minecraft:recipes/building_blocks/white_wool_from_string": {
    "criteria": {
      "has_string": "2024-08-22 23:55:06 +0000"
    },
    "done": true
  },
  "refurbished_furniture:recipes/misc/constructing/cherry_toilet": {
    "criteria": {
      "has_minecraft:iron_ingot": "2024-08-22 23:45:59 +0000"
    },
    "done": true
  },
  "refurbished_furniture:recipes/misc/constructing/gray_stool": {
    "criteria": {
      "has_planks": "2024-08-22 23:29:22 +0000"
    },
    "done": true
  },
  "refurbished_furniture:recipes/misc/constructing/green_lamp": {
    "criteria": {
      "has_planks": "2024-08-22 23:29:22 +0000"
    },
    "done": true
  },
  "refurbished_furniture:recipes/misc/constructing/spruce_chair": {
    "criteria": {
      "has_minecraft:spruce_planks": "2024-08-23 00:29:16 +0000"
    },
    "done": true
  },
  "handcrafted:recipes/misc/golden_wide_pot": {
    "criteria": {
      "has_golden_wide_pot": "2024-08-23 00:08:16 +0000"
    },
    "done": true
  },
  "refurbished_furniture:recipes/misc/constructing/crimson_storage_jar": {
    "criteria": {
      "has_minecraft:glass": "2024-08-23 00:12:54 +0000"
    },
    "done": true
  },
  "doggytalents:recipes/decorations/locator_orb_chu": {
    "criteria": {
      "has_string": "2024-08-22 23:55:06 +0000"
    },
    "done": true
  },
  "minecraft:recipes/misc/iron_ingot_from_blasting_raw_iron": {
    "criteria": {
      "has_raw_iron": "2024-08-23 00:03:48 +0000"
    },
    "done": true
  },
  "doggytalents:recipes/decorations/locator_orb_chi": {
    "criteria": {
      "has_string": "2024-08-22 23:55:06 +0000"
    },
    "done": true
  },
  "refurbished_furniture:recipes/misc/constructing/magenta_sofa": {
    "criteria": {
      "has_planks": "2024-08-22 23:29:22 +0000"
    },
    "done": true
  },
  "minecraft:recipes/decorations/polished_blackstone_brick_wall": {
    "criteria": {
      "has_polished_blackstone_bricks": "2024-08-23 00:21:08 +0000"
    },
    "done": true
  },
  "handcrafted:recipes/misc/stackable_book": {
    "criteria": {
      "has_stackable_book": "2024-08-22 23:48:15 +0000"
    },
    "done": true
  },
  "refurbished_furniture:recipes/misc/constructing/acacia_lattice_fence_gate": {
    "criteria": {
      "has_minecraft:stick": "2024-08-22 23:29:42 +0000"
    },
    "done": true
  },
  "refurbished_furniture:recipes/misc/constructing/pink_cooler": {
    "criteria": {
      "has_planks": "2024-08-22 23:29:22 +0000"
    },
    "done": true
  },
  "minecraft:recipes/combat/wooden_sword": {
    "criteria": {
      "has_stick": "2024-08-22 23:29:42 +0000"
    },
    "done": true
  },
  "handcrafted:recipes/misc/spruce_fancy_bed": {
    "criteria": {
      "has_spruce_fancy_bed": "2024-08-23 00:29:16 +0000"
    },
    "done": true
  },
  "minecraft:recipes/building_blocks/oak_planks": {
    "criteria": {
      "has_logs": "2024-08-22 23:29:11 +0000"
    },
    "done": true
  },
  "minecraft:recipes/building_blocks/gray_concrete_powder": {
    "criteria": {
      "has_sand": "2024-08-23 00:08:35 +0000"
    },
    "done": true
  },
  "handcrafted:recipes/misc/oak_side_table": {
    "criteria": {
      "has_oak_side_table": "2024-08-22 23:29:22 +0000"
    },
    "done": true
  },
  "doggytalents:recipes/decorations/hot_dog": {
    "criteria": {
      "has_bread": "2024-08-22 23:44:59 +0000"
    },
    "done": true
  },
  "livingthings:recipes/cooked_crab_from_smoking": {
    "criteria": {
      "has_cooked_crab": "2024-08-22 23:24:54 +0000",
      "has_crab": "2024-08-22 23:24:54 +0000"
    },
    "done": true
  },
  "minecraft:recipes/tools/iron_axe": {
    "criteria": {
      "has_iron_ingot": "2024-08-22 23:45:59 +0000"
    },
    "done": true
  },
  "minecraft:recipes/building_blocks/black_concrete_powder": {
    "criteria": {
      "has_sand": "2024-08-23 00:08:35 +0000"
    },
    "done": true
  },
  "minecraft:recipes/combat/crossbow": {
    "criteria": {
      "has_iron_ingot": "2024-08-22 23:45:59 +0000"
    },
    "done": true
  },
  "refurbished_furniture:recipes/misc/constructing/white_sofa": {
    "criteria": {
      "has_planks": "2024-08-22 23:29:22 +0000"
    },
    "done": true
  },
  "minecraft:recipes/misc/iron_nugget_from_blasting": {
    "criteria": {
      "has_iron_pickaxe": "2024-08-22 23:49:32 +0000"
    },
    "done": true
  },
  "minecraft:adventure/kill_a_mob": {
    "criteria": {
      "minecraft:zombie": "2024-08-22 23:35:26 +0000"
    },
    "done": true
  },
  "doggytalents:recipes/tools/conducting_bone": {
    "criteria": {
      "has_bone": "2024-08-22 23:52:26 +0000"
    },
    "done": true
  },
  "refurbished_furniture:recipes/misc/constructing/oak_storage_jar": {
    "criteria": {
      "has_minecraft:oak_planks": "2024-08-22 23:29:22 +0000"
    },
    "done": true
  },
  "doggytalents:recipes/decorations/locator_orb_tei": {
    "criteria": {
      "has_string": "2024-08-22 23:55:06 +0000"
    },
    "done": true
  },
  "minecraft:adventure/adventuring_time": {
    "criteria": {
      "minecraft:beach": "2024-08-23 00:08:26 +0000",
      "minecraft:taiga": "2024-08-23 00:07:50 +0000",
      "minecraft:river": "2024-08-23 00:28:14 +0000"
    },
    "done": false
  },
  "refurbished_furniture:recipes/misc/constructing/oak_table": {
    "criteria": {
      "has_minecraft:oak_planks": "2024-08-22 23:29:22 +0000"
    },
    "done": true
  },
  "minecraft:recipes/decorations/barrel": {
    "criteria": {
      "has_planks": "2024-08-22 23:29:22 +0000"
    },
    "done": true
  },
  "handcrafted:recipes/misc/spruce_chair": {
    "criteria": {
      "has_spruce_chair": "2024-08-23 00:29:16 +0000"
    },
    "done": true
  },
  "refurbished_furniture:recipes/misc/constructing/oak_cutting_board": {
    "criteria": {
      "has_minecraft:oak_planks": "2024-08-22 23:29:22 +0000"
    },
    "done": true
  },
  "minecraft:recipes/decorations/cobblestone_wall_from_cobblestone_stonecutting": {
    "criteria": {
      "has_cobblestone": "2024-08-22 23:30:49 +0000"
    },
    "done": true
  },
  "travelersbackpack:recipes/misc/gold_tier_upgrade": {
    "criteria": {
      "has_gold_ingot": "2024-08-23 00:13:57 +0000"
    },
    "done": true
  },
  "minecraft:recipes/decorations/flower_pot": {
    "criteria": {
      "has_brick": "2024-08-22 23:56:10 +0000"
    },
    "done": true
  },
  "minecraft:recipes/misc/raw_iron": {
    "criteria": {
      "has_raw_iron_block": "2024-08-23 00:17:03 +0000"
    },
    "done": true
  },
  "minecraft:recipes/decorations/andesite_wall": {
    "criteria": {
      "has_andesite": "2024-08-23 00:21:07 +0000"
    },
    "done": true
  },
  "minecraft:recipes/building_blocks/andesite_slab": {
    "criteria": {
      "has_andesite": "2024-08-23 00:21:07 +0000"
    },
    "done": true
  },
  "refurbished_furniture:recipes/misc/constructing/cyan_sofa": {
    "criteria": {
      "has_planks": "2024-08-22 23:29:22 +0000"
    },
    "done": true
  },
  "handcrafted:recipes/misc/spruce_cupboard": {
    "criteria": {
      "has_spruce_cupboard": "2024-08-23 00:29:16 +0000"
    },
    "done": true
  },
  "handcrafted:recipes/misc/andesite_pillar_trim": {
    "criteria": {
      "has_andesite_pillar_trim": "2024-08-23 00:21:07 +0000"
    },
    "done": true
  },
  "minecraft:recipes/building_blocks/cobblestone_stairs_from_cobblestone_stonecutting": {
    "criteria": {
      "has_cobblestone": "2024-08-22 23:30:49 +0000"
    },
    "done": true
  },
  "refurbished_furniture:recipes/misc/constructing/yellow_cooler": {
    "criteria": {
      "has_planks": "2024-08-22 23:29:22 +0000"
    },
    "done": true
  },
  "minecraft:recipes/misc/wheat": {
    "criteria": {
      "has_hay_block": "2024-08-22 23:48:02 +0000"
    },
    "done": true
  },
  "minecraft:recipes/building_blocks/polished_andesite_stairs_from_andesite_stonecutting": {
    "criteria": {
      "has_andesite": "2024-08-23 00:21:07 +0000"
    },
    "done": true
  },
  "minecraft:recipes/decorations/white_bed": {
    "criteria": {
      "has_white_wool": "2024-08-22 23:30:07 +0000"
    },
    "done": true
  },
  "travelersbackpack:recipes/misc/bookshelf": {
    "criteria": {
      "has_book": "2024-08-22 23:48:15 +0000"
    },
    "done": true
  },
  "minecraft:recipes/redstone/birch_pressure_plate": {
    "criteria": {
      "has_planks": "2024-08-22 23:47:06 +0000"
    },
    "done": true
  },
  "minecraft:recipes/tools/golden_hoe": {
    "criteria": {
      "has_gold_ingot": "2024-08-23 00:13:57 +0000"
    },
    "done": true
  },
  "doggytalents:recipes/decorations/dog_plushie_toy_item": {
    "criteria": {
      "has_white_wool": "2024-08-22 23:30:07 +0000"
    },
    "done": true
  },
  "refurbished_furniture:recipes/misc/constructing/cyan_stool": {
    "criteria": {
      "has_planks": "2024-08-22 23:29:22 +0000"
    },
    "done": true
  },
  "refurbished_furniture:recipes/misc/constructing/light_gray_grill": {
    "criteria": {
      "has_minecraft:iron_ingot": "2024-08-22 23:45:59 +0000"
    },
    "done": true
  },
  "refurbished_furniture:recipes/misc/constructing/yellow_grill": {
    "criteria": {
      "has_minecraft:iron_ingot": "2024-08-22 23:45:59 +0000"
    },
    "done": true
  },
  "minecraft:husbandry/balanced_diet": {
    "criteria": {
      "bread": "2024-08-22 23:45:02 +0000",
      "cooked_mutton": "2024-08-22 23:34:17 +0000",
      "sweet_berries": "2024-08-22 23:47:22 +0000"
    },
    "done": false
  },
  "minecraft:recipes/building_blocks/cobblestone_stairs": {
    "criteria": {
      "has_cobblestone": "2024-08-22 23:30:49 +0000"
    },
    "done": true
  },
  "refurbished_furniture:recipes/misc/constructing/black_stool": {
    "criteria": {
      "has_planks": "2024-08-22 23:29:22 +0000"
    },
    "done": true
  },
  "refurbished_furniture:recipes/misc/constructing/jungle_toilet": {
    "criteria": {
      "has_minecraft:iron_ingot": "2024-08-22 23:45:59 +0000"
    },
    "done": true
  },
  "refurbished_furniture:recipes/misc/constructing/light_blue_grill": {
    "criteria": {
      "has_minecraft:iron_ingot": "2024-08-22 23:45:59 +0000"
    },
    "done": true
  },
  "minecraft:recipes/building_blocks/purple_concrete_powder": {
    "criteria": {
      "has_sand": "2024-08-23 00:08:35 +0000"
    },
    "done": true
  },
  "refurbished_furniture:recipes/misc/constructing/green_sofa": {
    "criteria": {
      "has_planks": "2024-08-22 23:29:22 +0000"
    },
    "done": true
  },
  "livingthings:recipes/cooked_ostrich_from_campfire_cooking": {
    "criteria": {
      "has_ostrich": "2024-08-22 23:24:54 +0000",
      "has_cooked_ostrich": "2024-08-22 23:24:54 +0000"
    },
    "done": true
  },
  "refurbished_furniture:recipes/misc/constructing/blue_cooler": {
    "criteria": {
      "has_planks": "2024-08-22 23:29:22 +0000"
    },
    "done": true
  },
  "doggytalents:recipes/decorations/locator_orb_ko": {
    "criteria": {
      "has_string": "2024-08-22 23:55:06 +0000"
    },
    "done": true
  },
  "refurbished_furniture:recipes/misc/constructing/warped_lattice_fence": {
    "criteria": {
      "has_minecraft:stick": "2024-08-22 23:29:42 +0000"
    },
    "done": true
  },
  "minecraft:recipes/tools/stone_hoe": {
    "criteria": {
      "has_cobblestone": "2024-08-22 23:30:49 +0000"
    },
    "done": true
  },
  "handcrafted:recipes/misc/birch_corner_trim": {
    "criteria": {
      "has_birch_corner_trim": "2024-08-22 23:47:06 +0000"
    },
    "done": true
  },
  "livingthings:recipes/lexicon": {
    "criteria": {
      "has_book": "2024-08-22 23:24:54 +0000"
    },
    "done": true
  },
  "minecraft:recipes/building_blocks/spruce_stairs": {
    "criteria": {
      "has_planks": "2024-08-23 00:29:16 +0000"
    },
    "done": true
  },
  "refurbished_furniture:recipes/misc/constructing/dark_oak_light_ceiling_fan": {
    "criteria": {
      "has_minecraft:iron_ingot": "2024-08-22 23:45:59 +0000"
    },
    "done": true
  },
  "refurbished_furniture:recipes/misc/constructing/orange_cooler": {
    "criteria": {
      "has_planks": "2024-08-22 23:29:22 +0000"
    },
    "done": true
  },
  "advancednetherite:recipes/misc/netherite_iron_ingot": {
    "criteria": {
      "has_minecraft:iron_ingot": "2024-08-22 23:45:59 +0000"
    },
    "done": true
  },
  "handcrafted:recipes/misc/oven": {
    "criteria": {
      "has_oven": "2024-08-22 23:56:10 +0000"
    },
    "done": true
  },
  "refurbished_furniture:recipes/misc/constructing/cherry_light_ceiling_fan": {
    "criteria": {
      "has_minecraft:iron_ingot": "2024-08-22 23:45:59 +0000"
    },
    "done": true
  },
  "refurbished_furniture:recipes/misc/constructing/spruce_drawer": {
    "criteria": {
      "has_minecraft:spruce_planks": "2024-08-23 00:29:16 +0000"
    },
    "done": true
  },
  "refurbished_furniture:recipes/misc/constructing/birch_light_ceiling_fan": {
    "criteria": {
      "has_minecraft:iron_ingot": "2024-08-22 23:45:59 +0000"
    },
    "done": true
  },
  "minecraft:recipes/building_blocks/cyan_concrete_powder": {
    "criteria": {
      "has_sand": "2024-08-23 00:08:35 +0000"
    },
    "done": true
  },
  "handcrafted:recipes/misc/spruce_corner_trim": {
    "criteria": {
      "has_spruce_corner_trim": "2024-08-23 00:29:16 +0000"
    },
    "done": true
  },
  "refurbished_furniture:recipes/misc/constructing/yellow_trampoline": {
    "criteria": {
      "has_minecraft:iron_ingot": "2024-08-22 23:45:59 +0000"
    },
    "done": true
  },
  "handcrafted:recipes/misc/skeleton_horse_trophy": {
    "criteria": {
      "has_skeleton_horse_trophy": "2024-08-22 23:29:22 +0000"
    },
    "done": true
  },
  "handcrafted:recipes/misc/birch_desk": {
    "criteria": {
      "has_birch_desk": "2024-08-22 23:47:06 +0000"
    },
    "done": true
  },
  "doggytalents:recipes/building_blocks/dog_bed_def": {
    "criteria": {
      "has_wool": "2024-08-22 23:30:07 +0000"
    },
    "done": true
  },
  "refurbished_furniture:recipes/misc/constructing/purple_trampoline": {
    "criteria": {
      "has_minecraft:iron_ingot": "2024-08-22 23:45:59 +0000"
    },
    "done": true
  },
  "minecraft:recipes/decorations/loom": {
    "criteria": {
      "has_string": "2024-08-22 23:55:06 +0000"
    },
    "done": true
  },
  "refurbished_furniture:recipes/misc/constructing/mangrove_lattice_fence_gate": {
    "criteria": {
      "has_minecraft:stick": "2024-08-22 23:29:42 +0000"
    },
    "done": true
  },
  "refurbished_furniture:recipes/misc/constructing/birch_lattice_fence_gate": {
    "criteria": {
      "has_minecraft:stick": "2024-08-22 23:29:42 +0000"
    },
    "done": true
  },
  "refurbished_furniture:recipes/misc/constructing/birch_desk": {
    "criteria": {
      "has_minecraft:birch_planks": "2024-08-22 23:47:06 +0000"
    },
    "done": true
  },
  "refurbished_furniture:recipes/misc/constructing/recycle_bin": {
    "criteria": {
      "has_minecraft:iron_ingot": "2024-08-22 23:45:59 +0000"
    },
    "done": true
  },
  "compact_storage:compacting_your_storage": {
    "criteria": {
      "got_chest": "2024-08-22 23:24:54 +0000"
    },
    "done": true
  },
  "refurbished_furniture:recipes/misc/constructing/cyan_lamp": {
    "criteria": {
      "has_planks": "2024-08-22 23:29:22 +0000"
    },
    "done": true
  },
  "doggytalents:recipes/decorations/locator_orb_gi": {
    "criteria": {
      "has_string": "2024-08-22 23:55:06 +0000"
    },
    "done": true
  },
  "minecraft:recipes/tools/stone_shovel": {
    "criteria": {
      "has_cobblestone": "2024-08-22 23:30:49 +0000"
    },
    "done": true
  },
  "handcrafted:recipes/misc/blaze_trophy": {
    "criteria": {
      "has_blaze_trophy": "2024-08-22 23:29:22 +0000"
    },
    "done": true
  },
  "refurbished_furniture:recipes/misc/constructing/light_gray_lamp": {
    "criteria": {
      "has_planks": "2024-08-22 23:29:22 +0000"
    },
    "done": true
  },
  "refurbished_furniture:recipes/misc/constructing/gray_sofa": {
    "criteria": {
      "has_planks": "2024-08-22 23:29:22 +0000"
    },
    "done": true
  },
  "handcrafted:recipes/misc/oak_counter": {
    "criteria": {
      "has_oak_counter": "2024-08-22 23:29:22 +0000"
    },
    "done": true
  },
  "minecraft:recipes/building_blocks/oak_wood": {
    "criteria": {
      "has_log": "2024-08-22 23:29:11 +0000"
    },
    "done": true
  },
  "refurbished_furniture:recipes/misc/constructing/magenta_grill": {
    "criteria": {
      "has_minecraft:iron_ingot": "2024-08-22 23:45:59 +0000"
    },
    "done": true
  },
  "minecraft:story/root": {
    "criteria": {
      "crafting_table": "2024-08-22 23:29:07 +0000"
    },
    "done": true
  },
  "doggytalents:recipes/building_blocks/dog_bath": {
    "criteria": {
      "has_iron_ingot": "2024-08-22 23:45:59 +0000"
    },
    "done": true
  },
  "refurbished_furniture:recipes/misc/slicing/bread_slice_from_bread": {
    "criteria": {
      "has_bread": "2024-08-22 23:44:59 +0000"
    },
    "done": true
  },
  "refurbished_furniture:recipes/misc/constructing/mangrove_storage_cabinet": {
    "criteria": {
      "has_minecraft:iron_ingot": "2024-08-22 23:45:59 +0000"
    },
    "done": true
  },
  "doggytalents:recipes/building_blocks/food_bowl": {
    "criteria": {
      "has_iron_ingot": "2024-08-22 23:45:59 +0000"
    },
    "done": true
  },
  "refurbished_furniture:recipes/misc/constructing/purple_lamp": {
    "criteria": {
      "has_planks": "2024-08-22 23:29:22 +0000"
    },
    "done": true
  },
  "handcrafted:recipes/misc/spruce_desk": {
    "criteria": {
      "has_spruce_desk": "2024-08-23 00:29:16 +0000"
    },
    "done": true
  },
  "minecraft:recipes/redstone/iron_door": {
    "criteria": {
      "has_iron_ingot": "2024-08-22 23:45:59 +0000"
    },
    "done": true
  },
  "handcrafted:recipes/misc/wither_skeleton_trophy": {
    "criteria": {
      "has_wither_skeleton_trophy": "2024-08-22 23:29:22 +0000"
    },
    "done": true
  },
  "animal_feeding_trough:recipes/decorations/feeding_trough": {
    "criteria": {
      "has_wood_slab": "2024-08-22 23:24:54 +0000"
    },
    "done": true
  },
  "minecraft:recipes/transportation/jungle_boat": {
    "criteria": {
      "in_water": "2024-08-22 23:42:27 +0000"
    },
    "done": true
  },
  "handcrafted:recipes/misc/spruce_side_table": {
    "criteria": {
      "has_spruce_side_table": "2024-08-23 00:29:16 +0000"
    },
    "done": true
  },
  "doggytalents:recipes/decorations/beastars_uniform_female": {
    "criteria": {
      "has_wool": "2024-08-22 23:30:07 +0000"
    },
    "done": true
  },
  "minecraft:recipes/redstone/heavy_weighted_pressure_plate": {
    "criteria": {
      "has_iron_ingot": "2024-08-22 23:45:59 +0000"
    },
    "done": true
  },
  "refurbished_furniture:recipes/misc/constructing/jungle_lattice_fence_gate": {
    "criteria": {
      "has_minecraft:stick": "2024-08-22 23:29:42 +0000"
    },
    "done": true
  },
  "minecraft:recipes/transportation/dark_oak_boat": {
    "criteria": {
      "in_water": "2024-08-22 23:42:27 +0000"
    },
    "done": true
  },
  "refurbished_furniture:recipes/misc/constructing/light_ceiling_light": {
    "criteria": {
      "has_minecraft:iron_ingot": "2024-08-22 23:45:59 +0000"
    },
    "done": true
  },
  "minecraft:recipes/combat/golden_leggings": {
    "criteria": {
      "has_gold_ingot": "2024-08-23 00:13:57 +0000"
    },
    "done": true
  },
  "doggytalents:recipes/decorations/locator_orb_dyable": {
    "criteria": {
      "has_string": "2024-08-22 23:55:06 +0000"
    },
    "done": true
  },
  "travelersbackpack:recipes/misc/hay": {
    "criteria": {
      "has_wheat": "2024-08-22 23:50:14 +0000"
    },
    "done": true
  },
  "handcrafted:recipes/misc/wolf_trophy": {
    "criteria": {
      "has_wolf_trophy": "2024-08-22 23:29:22 +0000"
    },
    "done": true
  },
  "refurbished_furniture:recipes/misc/constructing/warped_toilet": {
    "criteria": {
      "has_minecraft:iron_ingot": "2024-08-22 23:45:59 +0000"
    },
    "done": true
  },
  "refurbished_furniture:recipes/misc/constructing/pink_stool": {
    "criteria": {
      "has_planks": "2024-08-22 23:29:22 +0000"
    },
    "done": true
  },
  "DataVersion": 3953
}